--
-- sauvegarde20210514-124037.sql.gz
SET FOREIGN_KEY_CHECKS =  0 ;

DROP TABLE IF EXISTS `A_utilisateur`;
CREATE TABLE `A_utilisateur` (
  `id_utilisateur` int(11) NOT NULL AUTO_INCREMENT,
  `nom` varchar(100) DEFAULT NULL,
  `prenom` varchar(100) DEFAULT NULL,
  `poste` varchar(100) DEFAULT NULL,
  `email` varchar(100) DEFAULT NULL,
  `mot_de_passe` varchar(100) DEFAULT NULL,
  `type_compte` varchar(50) DEFAULT NULL,
  PRIMARY KEY (`id_utilisateur`)
) ENGINE=InnoDB AUTO_INCREMENT=56 DEFAULT CHARSET=utf8mb4;

INSERT INTO `A_utilisateur` VALUES ('1','ANTON RAVEENDRAN','Joyston','Ingénieur Cybersécurité','joyston.antonraveendran@edu.esiee.fr','$2y$10$EUWgVgRTfjyvTyneWkgxR.3NBVlbGWy7hVlgviS.yMk1av/cqyTFO','Administrateur Logiciel');
INSERT INTO `A_utilisateur` VALUES ('2','MICHEL','Guillaume','Ingénieur Logiciel','guillaume.michel@edu.esiee.fr','$2y$10$7XTHP6P8/P1gMtB9o78jxucBaGOiEt/e4uOoVdSavH8dZeCVpiR3a','Administrateur Logiciel');
INSERT INTO `A_utilisateur` VALUES ('3','LAFOURCADE','Anthony','Ingénieur Logiciel','anthony.lafourcade@edu.esiee.fr','$2y$10$z/DWrqyqydy8a/SNWw4i7ObHU7QTWaadxWUa2FFTe1wUN3nsu7lB6','Administrateur Logiciel');
INSERT INTO `A_utilisateur` VALUES ('4','PINTO','Carlos','Ingénieur sécurité','carlos.pinto5@wanadoo.fr','$2y$10$MV8n.ZZn32.qUcR0FZxXXOZs21oZSvXPjAfJntM0UQ9iE7xUoDbWS','Administrateur Logiciel');
INSERT INTO `A_utilisateur` VALUES ('10','Sec','YourDev','Ingé','carlospinto4949@hotmail.com','$2y$10$/1PQfaXvz5LhZDXvZvBOtOXJMm5uh8e9/PKvs8ti4yu2UQsUwjvSu','Utilisateur');
INSERT INTO `A_utilisateur` VALUES ('11','ANTON','Joyston','Ingénieur','a.tjoyston@outlook.com','$2y$10$ShSZRn3YlyHx4VYI7QTJlenctRbc2z4JezqObpsDQbj3NtK2fsyMa','Utilisateur');
INSERT INTO `A_utilisateur` VALUES ('17','AFCHAIN','Léa','Etudiant','lea.afchain@edu.esiee.fr','$2y$10$isHJbOi353cDge6MimHmLeAiq0mJl.4H.rVQjByqNz0ddhyv2lWHS','Utilisateur');
INSERT INTO `A_utilisateur` VALUES ('18','AHMED MOHAMED ALI','Mustapha','Etudiant','mustapha.ahmedmohamedali@edu.esiee.fr','$2y$10$A3Y9UXE.GS4Ldo6iOmWSC.eR.S1CD/.wL./3/hvXp8MiucHjJZu8u','Utilisateur');
INSERT INTO `A_utilisateur` VALUES ('19','BASTIN','Max','Etudiant','max.bastin@edu.esiee.fr','$2y$10$CRtaVWNthvkfwcdJ/I6fqeS2jQh3NZKeeMbgHrS/vQoKFlChnxIMG','Utilisateur');
INSERT INTO `A_utilisateur` VALUES ('20','BELIN','Théo','Etudiant','theo.belin@edu.esiee.fr','$2y$10$LAWMQreBzs3V1ulNF3IeYOytx0h.gHMOyfAQQS7yJA/jNYF7SW2Bq','Utilisateur');
INSERT INTO `A_utilisateur` VALUES ('21','BOIDET','Rémi','Etudiant','remi.boidet@edu.esiee.fr','$2y$10$mM.kfxfRFZ5hvCbhO2jtf.PUSzWqZva.QHlG4js3eH3rlzcktniTm','Utilisateur');
INSERT INTO `A_utilisateur` VALUES ('22','EKOU','William','Etudiant','william.ekou@edu.esiee.fr','$2y$10$c1aGamy06rMrJNdP.kUbXOOuH2DNBxb4Lp4cFziIMcDGBsM12zbpS','Utilisateur');
INSERT INTO `A_utilisateur` VALUES ('23','FERREIRA','Dylan','Etudiant','dylan.ferreira@edu.esiee.fr','$2y$10$HvU5fZJsZwaIFJN1YB0DAuyzVhncqrgj6EjC1fZhKrWqovIKKdSMe','Utilisateur');
INSERT INTO `A_utilisateur` VALUES ('24','GONCALVES','Alexandre','Etudiant','alexandre.goncalves@edu.esiee.fr','$2y$10$JZMaKaDT0j3CaHSgXdZVDeow/dzgc8OyuxpD9Djv48Uf5zDzG2pMK','Utilisateur');
INSERT INTO `A_utilisateur` VALUES ('25','GREUGNY','Quentin','Etudiant','quentin.greugny@edu.esiee.fr','$2y$10$uGEArKTcucwvtdXY.iILzeIr4W/49U4cLL.MJ9Al2o9Ioa3DSTWB2','Utilisateur');
INSERT INTO `A_utilisateur` VALUES ('26','GUILLOTON','Elvin','Etudiant','elvin.guilloton@edu.esiee.fr','$2y$10$S3BMyzp54BTTlL7dhMygsOMDLfF.eOcM3zeXMBVYjKvGGVgPRQHn6','Utilisateur');
INSERT INTO `A_utilisateur` VALUES ('27','HUET','Romain','Etudiant','romain.huet@edu.esiee.fr','$2y$10$lodCf/ibqSOxg/M2gmusN.rbtRMpNKHfnPDok2WL7.ii/ZV7vGRyK','Utilisateur');
INSERT INTO `A_utilisateur` VALUES ('28','KAING','Jack','Etudiant','jack.kaing@edu.esiee.fr','$2y$10$Kev6Y8nYZh9lWdtBbjFCfOlqfj.D/8xw8V4H9x5kfqoriSpfsNnOm','Utilisateur');
INSERT INTO `A_utilisateur` VALUES ('29','KERHERVE- -REMOUSSIN','Lucas','Etudiant','lucas.kerherve--remoussin@edu.esiee.fr','$2y$10$uTZkVXJqfHxvQhi25tiD6O1ZctLINkF55ObNZ1uZmjSiyeg6axYWG','Utilisateur');
INSERT INTO `A_utilisateur` VALUES ('30','KOSZUL','Florian','Etudiant','florian.koszul@edu.esiee.fr','$2y$10$L24P1UaNd9H5Adl0wdIFN.pXfKj86Tjvu5mqmEvr2rBC8FULEaXiC','Utilisateur');
INSERT INTO `A_utilisateur` VALUES ('31','LASQUELLEC','Nicolas','Etudiant','nicolas.lasquellec@edu.esiee.fr','$2y$10$ksNeUrt7tY59KzkLP.QE5uoVxr9.y2wPEoGS35Rlij8SWyzgEkLuW','Utilisateur');
INSERT INTO `A_utilisateur` VALUES ('32','LEROY','Camille','Etudiant','camille.leroy@edu.esiee.fr','$2y$10$6Pfqb7ViMbC0yuz0VBVusOKoagYcVjQ5Y7NQPY3uqX/Gmf1s5DLBa','Utilisateur');
INSERT INTO `A_utilisateur` VALUES ('33','LEVY','Emeline','Etudiant','emeline.levy@edu.esiee.fr','$2y$10$BnzLN6BEc7UHX/0zaZ3WtuLhaSZExMZg70SERwgK.Z9HLmqd4mfKm','Utilisateur');
INSERT INTO `A_utilisateur` VALUES ('34','MERKITOU','Fouad','Etudiant','fouad.merkitou@edu.esiee.fr','$2y$10$nqNJABDXVI0E/Aa6JgORPuhvGn.OA3oB0gp1l4Oy6e9/Mx92nNQju','Utilisateur');
INSERT INTO `A_utilisateur` VALUES ('36','NACACHE','Dan','Etudiant','dan.nacache@edu.esiee.fr','$2y$10$rdEXahV4Knz30qs63NQwBuZHpSAjCbSrQjbNiz8vX5SgQTZYRiyim','Utilisateur');
INSERT INTO `A_utilisateur` VALUES ('37','NEUVILLE','Florian','Etudiant','florian.neuville@edu.esiee.fr','$2y$10$ZXVH55b5QaaswcWhmBqODOqGVys6Z7yc0DF9dZd2Z2LF7RcojG7pC','Utilisateur');
INSERT INTO `A_utilisateur` VALUES ('38','OPRASEUTH','Benjamin','Etudiant','benjamin.opraseuth@edu.esiee.fr','$2y$10$0kzjKh7leyxW.wfrM3NnhOh98Ly4bzKfItBg.5RMm/cl7SxPJvTqe','Utilisateur');
INSERT INTO `A_utilisateur` VALUES ('39','OWCZAREK','Lucas','Etudiant','lucas.owczarek@edu.esiee.fr','$2y$10$VPRsI.qqWrykncK9uDAJ1OIb4LLOcPHsPeYuB7oLH97t/VSnu/fEG','Utilisateur');
INSERT INTO `A_utilisateur` VALUES ('40','PEREIRA','Anthony','Etudiant','anthony.pereira@edu.esiee.fr','$2y$10$tNM.d/awyJZnAHzBzVJh3.0WOcN2yd.RnmpcmyfOc5zqrugO3wiF6','Utilisateur');
INSERT INTO `A_utilisateur` VALUES ('41','PRIOU','Roger','Etudiant','roger.priou@edu.esiee.fr','$2y$10$KcEADks2c4yRaK5uPtK0h.GTDRQpTazKjswakoT126l8XtncJkaQC','Utilisateur');
INSERT INTO `A_utilisateur` VALUES ('42','QUESNE','Alexandre','Etudiant','alexandre.quesne@edu.esiee.fr','$2y$10$7KV3Qcpf3hRd6xpVZOSPJux7itSaxB0eU162ecJjH/LTj2Tl0oEv6','Utilisateur');
INSERT INTO `A_utilisateur` VALUES ('43','ROUVIERE','Jean-Laurent','Etudiant','jean-laurent.rouviere@edu.esiee.fr','$2y$10$BS3MufkZoS/tSJBvizEudOM8iqRvyN3wwaxczwwswiSY3bxu.Miga','Utilisateur');
INSERT INTO `A_utilisateur` VALUES ('44','SAKALOFF','Pierre','Etudiant','pierre.sakaloff@edu.esiee.fr','$2y$10$T30syxBs3ThiKz8nzhgibu7msdS3oyWholryE6XILsAKYv0newrIW','Utilisateur');
INSERT INTO `A_utilisateur` VALUES ('45','SERGENT','Théophane','Etudiant','theophane.sergent@edu.esiee.fr','$2y$10$abaV62rgS020VPtGEUZA2.vbHUt9lwJyEKADQaIQgy.uSLLp1mb/e','Utilisateur');
INSERT INTO `A_utilisateur` VALUES ('46','SOUDY','Valentin','Etudiant','valentin.soudy@edu.esiee.fr','$2y$10$HJtOHLYLDJoZc8Y3VVH7EOUPZEIANIcru00lFoKP9iK5Pe63Bnf3u','Utilisateur');
INSERT INTO `A_utilisateur` VALUES ('47','TELLIER','Kévin','Etudiant','kevin.tellier@edu.esiee.fr','$2y$10$htbz1dqeFdJS0L49RzKVNOskGBwKoFlHSx4V/H9ldUSZfhBrXsQBS','Utilisateur');
INSERT INTO `A_utilisateur` VALUES ('48','THAK','Victor','Etudiant','victor.thak@edu.esiee.fr','$2y$10$Uh6xCUSTC8i9CxRZR3arHueLuf93IHsV63ATgMJn86aHg/RbVJOfG','Utilisateur');
INSERT INTO `A_utilisateur` VALUES ('49','UNG','Jimmy','Etudiant','jimmy.ung@edu.esiee.fr','$2y$10$URT23iD68oMIExN4C9iPEOb40m6SNTu0Nizv1RQQIH/TxbmEw/twC','Utilisateur');
INSERT INTO `A_utilisateur` VALUES ('50','VENDRAND MAILLET','Maxime','Etudiant','maxime.vendrandmaillet@edu.esiee.fr','$2y$10$h5ChG4VobunP/xAUugGscuJWxEKAL3m7I5jFBBLigFtLblbfnPCCS','Utilisateur');
INSERT INTO `A_utilisateur` VALUES ('51','ZEMMOUR','Abdel-Hakim','Etudiant','abdel-hakim.zemmour@edu.esiee.fr','$2y$10$HWCR3xgtE5f5riz9DLbzOOAoqgqYaf/fyzNbOl/FrllhVtOgg2ojy','Utilisateur');
INSERT INTO `A_utilisateur` VALUES ('52','GHAZLI','INEL','Ingénieur sécurité','inel.ghazli@edu.esiee.fr','$2y$10$YNq75viehIFEySOvF9PmSOx.PZ6/Hy5VV2z1vG4JUlb81VvTNKZIi','Administrateur Logiciel');
INSERT INTO `A_utilisateur` VALUES ('53','DREUILHET','Romain','Ingénieur sécurité','romain.dreuilhet@edu.esiee.fr','$2y$10$5PMDzQQGGIX2/68OqK/EA.ANXLROOQpxp0gGu1d/GTVcSGnhVcy5a','Administrateur Logiciel');
INSERT INTO `A_utilisateur` VALUES ('54','LEBON','Michael','Ingénieur sécurité','michael.lebon@edu.esiee.fr','$2y$10$IRgu/8UshyS7y0jsmb7Jk.FXybhm3BFLfEzZMLx44PrLWN857rO76','Administrateur Logiciel');
INSERT INTO `A_utilisateur` VALUES ('55','BOURGAIN','Maxime','Ingénieur sécurité','maxime.bourgain@edu.esiee.fr','$2y$10$LFXYv71zhVPZF.MnaacVrOqGGEs7E2OXZID3IjiOZwn3qHFqvXGgK','Administrateur Logiciel');


DROP TABLE IF EXISTS `B_grp_utilisateur`;
CREATE TABLE `B_grp_utilisateur` (
  `id_grp_utilisateur` int(11) NOT NULL AUTO_INCREMENT,
  `nom_grp_utilisateur` varchar(100) DEFAULT NULL,
  PRIMARY KEY (`id_grp_utilisateur`)
) ENGINE=InnoDB AUTO_INCREMENT=12 DEFAULT CHARSET=utf8mb4;

INSERT INTO `B_grp_utilisateur` VALUES ('6','Groupe de Joyston');
INSERT INTO `B_grp_utilisateur` VALUES ('7','CarlosGroupe');
INSERT INTO `B_grp_utilisateur` VALUES ('8','Groupe de test produit');
INSERT INTO `B_grp_utilisateur` VALUES ('9','Groupe de Kévin et Joyston');
INSERT INTO `B_grp_utilisateur` VALUES ('10','Groupe de Guillaume');
INSERT INTO `B_grp_utilisateur` VALUES ('11','Groupe de Joyston, Mustapha, Lucas, Anthony');


DROP TABLE IF EXISTS `C_impliquer`;
CREATE TABLE `C_impliquer` (
  `id_grp_utilisateur` int(11) NOT NULL,
  `id_utilisateur` int(11) NOT NULL,
  PRIMARY KEY (`id_grp_utilisateur`,`id_utilisateur`),
  KEY `C_impliquer_A_utilisateur0_FK` (`id_utilisateur`),
  CONSTRAINT `C_impliquer_A_utilisateur0_FK` FOREIGN KEY (`id_utilisateur`) REFERENCES `A_utilisateur` (`id_utilisateur`) ON DELETE CASCADE ON UPDATE CASCADE,
  CONSTRAINT `C_impliquer_B_grp_utilisateur_FK` FOREIGN KEY (`id_grp_utilisateur`) REFERENCES `B_grp_utilisateur` (`id_grp_utilisateur`) ON DELETE CASCADE ON UPDATE CASCADE
) ENGINE=InnoDB DEFAULT CHARSET=utf8mb4;

INSERT INTO `C_impliquer` VALUES ('6','1');
INSERT INTO `C_impliquer` VALUES ('7','1');
INSERT INTO `C_impliquer` VALUES ('8','1');
INSERT INTO `C_impliquer` VALUES ('9','1');
INSERT INTO `C_impliquer` VALUES ('9','47');
INSERT INTO `C_impliquer` VALUES ('10','2');
INSERT INTO `C_impliquer` VALUES ('11','1');
INSERT INTO `C_impliquer` VALUES ('11','18');
INSERT INTO `C_impliquer` VALUES ('11','39');
INSERT INTO `C_impliquer` VALUES ('11','40');


DROP TABLE IF EXISTS `DA_echelle`;
CREATE TABLE `DA_echelle` (
  `id_echelle` int(11) NOT NULL AUTO_INCREMENT,
  `nom_echelle` varchar(50) DEFAULT NULL,
  `echelle_vraisemblance` int(11) DEFAULT NULL,
  `echelle_gravite` int(11) DEFAULT NULL,
  `id_projet` int(11) NOT NULL,
  PRIMARY KEY (`id_echelle`),
  KEY `F_projet_id_projet` (`id_projet`)
) ENGINE=InnoDB AUTO_INCREMENT=29 DEFAULT CHARSET=utf8mb4;

INSERT INTO `DA_echelle` VALUES ('1','Standard','5','5','14');
INSERT INTO `DA_echelle` VALUES ('3','CarlosEchelle','4','4','15');
INSERT INTO `DA_echelle` VALUES ('4','MonEchelle','4','4','16');
INSERT INTO `DA_echelle` VALUES ('5','Echelle5','5','5','17');
INSERT INTO `DA_echelle` VALUES ('6','EssaiEchelle','5','5','25');
INSERT INTO `DA_echelle` VALUES ('7','fgdfgdf','5','4','28');
INSERT INTO `DA_echelle` VALUES ('8','aaaaa','5','4','88');
INSERT INTO `DA_echelle` VALUES ('9','aaa','5','5','93');
INSERT INTO `DA_echelle` VALUES ('10','echelle à 5','5','5','94');
INSERT INTO `DA_echelle` VALUES ('12','test','5','5','95');
INSERT INTO `DA_echelle` VALUES ('13','perte d''intégrité de la fonction d''authentificatio','5','5','14');
INSERT INTO `DA_echelle` VALUES ('14','perte d''intégrité de la fonction de stockage','5','5','14');
INSERT INTO `DA_echelle` VALUES ('15','aaaaa','5','4','14');
INSERT INTO `DA_echelle` VALUES ('16','MonEchelle','5','5','14');
INSERT INTO `DA_echelle` VALUES ('17','Ech12','5','5','158');
INSERT INTO `DA_echelle` VALUES ('18','EchelleProjet','5','5','28');
INSERT INTO `DA_echelle` VALUES ('19','Carlos 2','5','5','207');
INSERT INTO `DA_echelle` VALUES ('20','Coucou','5','4','207');
INSERT INTO `DA_echelle` VALUES ('21','Toto','5','4','158');
INSERT INTO `DA_echelle` VALUES ('22','Hello','5','5','158');
INSERT INTO `DA_echelle` VALUES ('23','tutu','5','5','158');
INSERT INTO `DA_echelle` VALUES ('25','bcvbcvb','5','5','158');
INSERT INTO `DA_echelle` VALUES ('26','Echelle-Projet-Eolienne','5','5','209');
INSERT INTO `DA_echelle` VALUES ('27','MonEchelle2','5','5','210');
INSERT INTO `DA_echelle` VALUES ('28','EchelleDeGravité','5','5','212');


DROP TABLE IF EXISTS `DA_evaluer`;
CREATE TABLE `DA_evaluer` (
  `id_echelle` int(11) NOT NULL,
  `id_projet` int(11) NOT NULL,
  PRIMARY KEY (`id_echelle`,`id_projet`),
  KEY `DA_evaluer_F_projet0_FK` (`id_projet`),
  CONSTRAINT `DA_evaluer_DA_echelle_FK` FOREIGN KEY (`id_echelle`) REFERENCES `DA_echelle` (`id_echelle`) ON DELETE CASCADE ON UPDATE CASCADE,
  CONSTRAINT `DA_evaluer_F_projet0_FK` FOREIGN KEY (`id_projet`) REFERENCES `F_projet` (`id_projet`) ON DELETE CASCADE ON UPDATE CASCADE
) ENGINE=InnoDB DEFAULT CHARSET=utf8mb4;

INSERT INTO `DA_evaluer` VALUES ('1','14');
INSERT INTO `DA_evaluer` VALUES ('1','15');
INSERT INTO `DA_evaluer` VALUES ('1','17');
INSERT INTO `DA_evaluer` VALUES ('1','25');
INSERT INTO `DA_evaluer` VALUES ('1','28');
INSERT INTO `DA_evaluer` VALUES ('1','88');
INSERT INTO `DA_evaluer` VALUES ('1','93');
INSERT INTO `DA_evaluer` VALUES ('1','94');
INSERT INTO `DA_evaluer` VALUES ('1','104');
INSERT INTO `DA_evaluer` VALUES ('1','158');
INSERT INTO `DA_evaluer` VALUES ('1','164');
INSERT INTO `DA_evaluer` VALUES ('1','207');
INSERT INTO `DA_evaluer` VALUES ('1','208');
INSERT INTO `DA_evaluer` VALUES ('1','209');
INSERT INTO `DA_evaluer` VALUES ('1','210');
INSERT INTO `DA_evaluer` VALUES ('1','212');
INSERT INTO `DA_evaluer` VALUES ('3','15');
INSERT INTO `DA_evaluer` VALUES ('4','104');
INSERT INTO `DA_evaluer` VALUES ('4','158');
INSERT INTO `DA_evaluer` VALUES ('5','104');
INSERT INTO `DA_evaluer` VALUES ('5','158');
INSERT INTO `DA_evaluer` VALUES ('6','104');
INSERT INTO `DA_evaluer` VALUES ('6','158');
INSERT INTO `DA_evaluer` VALUES ('7','104');
INSERT INTO `DA_evaluer` VALUES ('7','158');
INSERT INTO `DA_evaluer` VALUES ('8','104');
INSERT INTO `DA_evaluer` VALUES ('8','158');
INSERT INTO `DA_evaluer` VALUES ('15','28');
INSERT INTO `DA_evaluer` VALUES ('15','208');
INSERT INTO `DA_evaluer` VALUES ('16','158');
INSERT INTO `DA_evaluer` VALUES ('17','158');
INSERT INTO `DA_evaluer` VALUES ('18','28');
INSERT INTO `DA_evaluer` VALUES ('18','208');
INSERT INTO `DA_evaluer` VALUES ('19','207');
INSERT INTO `DA_evaluer` VALUES ('20','207');
INSERT INTO `DA_evaluer` VALUES ('21','158');
INSERT INTO `DA_evaluer` VALUES ('22','158');
INSERT INTO `DA_evaluer` VALUES ('23','158');
INSERT INTO `DA_evaluer` VALUES ('25','158');
INSERT INTO `DA_evaluer` VALUES ('26','209');
INSERT INTO `DA_evaluer` VALUES ('27','210');
INSERT INTO `DA_evaluer` VALUES ('28','212');


DROP TABLE IF EXISTS `DA_niveau`;
CREATE TABLE `DA_niveau` (
  `id_niveau` int(11) NOT NULL AUTO_INCREMENT,
  `description_niveau` varchar(1000) DEFAULT NULL,
  `valeur_niveau` int(11) DEFAULT NULL,
  `id_echelle` int(11) NOT NULL,
  `id_projet` int(11) NOT NULL,
  PRIMARY KEY (`id_niveau`),
  KEY `DA_niveau_DA_echelle_FK` (`id_echelle`),
  KEY `F_projet_id_projet` (`id_projet`),
  CONSTRAINT `DA_niveau_DA_echelle_FK` FOREIGN KEY (`id_echelle`) REFERENCES `DA_echelle` (`id_echelle`) ON DELETE CASCADE ON UPDATE CASCADE
) ENGINE=InnoDB AUTO_INCREMENT=133 DEFAULT CHARSET=utf8mb4;

INSERT INTO `DA_niveau` VALUES ('1','Conséquences négligeables pour l''organisation. Aucun impact opérationnel ni sur les performances de l''activité ni sur la sécurité des personnes et des biens. L''organisation surmontera la situation sans trop de difficultés (consommation des marges).','1','1','0');
INSERT INTO `DA_niveau` VALUES ('2','Conséquences significatives mais limitées pour l''organisation. Dégradation des performances de l’activité sans impact sur la sécurité des personnes et des biens. L''organisation surmontera la situation malgré quelques difficultés (fonctionnement en mode dégradé).','2','1','0');
INSERT INTO `DA_niveau` VALUES ('3','Conséquences importantes pour l''organisation. Forte dégradation des performances de l''activité, avec d’éventuels impacts significatifs sur la sécurité des personnes et des biens. L''organisation surmontera la situation avec de sérieuses difficultés (fonctionnement en mode très dégradé), sans impact sectoriel ou étatique.','3','1','0');
INSERT INTO `DA_niveau` VALUES ('4','Conséquences désastreuses pour l''organisation avec d''éventuels impacts sur l''écosystème. Incapacité pour l''organisation d''assurer la totalité ou une partie de son activité, avec d''éventuels impacts graves sur la sécurité des personnes et des biens. L''organisation ne surmontera vraisemblablement pas la situation (sa survie est menacée), les secteurs d''activité ou étatiques dans lesquels elle opère seront susceptibles d’être légèrement impactés, sans conséquences durables.','4','1','0');
INSERT INTO `DA_niveau` VALUES ('5','Conséquences sectorielles ou régaliennes au-delà de l’organisation. Écosystème(s) sectoriel(s) impacté(s) de façon importante, avec des conséquences éventuellement durables. Et/ou : difficulté pour l’État, voire incapacité, d’assurer une fonction régalienne ou une de ses missions d’importance vitale. Et/ou : impacts critiques sur la sécurité des personnes et des biens (crise sanitaire, pollution environnementale majeure, destruction d’infrastructures essentielles, etc.).	\r\n','5','1','0');
INSERT INTO `DA_niveau` VALUES ('12','Pas grave','1','3','0');
INSERT INTO `DA_niveau` VALUES ('13','dfdgfdf','2','3','0');
INSERT INTO `DA_niveau` VALUES ('14','moyen grave','3','3','0');
INSERT INTO `DA_niveau` VALUES ('15','Très grave','4','3','0');
INSERT INTO `DA_niveau` VALUES ('16','sdfsdf','1','4','0');
INSERT INTO `DA_niveau` VALUES ('17','sdfsdfsdf','2','4','0');
INSERT INTO `DA_niveau` VALUES ('18','sdfsdfsd','3','4','0');
INSERT INTO `DA_niveau` VALUES ('19','sdfdfsd','4','4','0');
INSERT INTO `DA_niveau` VALUES ('20',NULL,'1','5','0');
INSERT INTO `DA_niveau` VALUES ('21',NULL,'2','5','0');
INSERT INTO `DA_niveau` VALUES ('22',NULL,'3','5','0');
INSERT INTO `DA_niveau` VALUES ('23',NULL,'4','5','0');
INSERT INTO `DA_niveau` VALUES ('24',NULL,'5','5','0');
INSERT INTO `DA_niveau` VALUES ('25',NULL,'1','6','0');
INSERT INTO `DA_niveau` VALUES ('26',NULL,'2','6','0');
INSERT INTO `DA_niveau` VALUES ('27',NULL,'3','6','0');
INSERT INTO `DA_niveau` VALUES ('28',NULL,'4','6','0');
INSERT INTO `DA_niveau` VALUES ('29',NULL,'5','6','0');
INSERT INTO `DA_niveau` VALUES ('30',NULL,'1','7','0');
INSERT INTO `DA_niveau` VALUES ('31',NULL,'2','7','0');
INSERT INTO `DA_niveau` VALUES ('32',NULL,'3','7','0');
INSERT INTO `DA_niveau` VALUES ('33',NULL,'4','7','0');
INSERT INTO `DA_niveau` VALUES ('34',NULL,'1','8','0');
INSERT INTO `DA_niveau` VALUES ('35',NULL,'2','8','0');
INSERT INTO `DA_niveau` VALUES ('36',NULL,'3','8','0');
INSERT INTO `DA_niveau` VALUES ('37',NULL,'4','8','0');
INSERT INTO `DA_niveau` VALUES ('38','aaa','1','9','0');
INSERT INTO `DA_niveau` VALUES ('39','aaaa','2','9','0');
INSERT INTO `DA_niveau` VALUES ('40','''''''''','3','9','0');
INSERT INTO `DA_niveau` VALUES ('41',NULL,'4','9','0');
INSERT INTO `DA_niveau` VALUES ('42',NULL,'5','9','0');
INSERT INTO `DA_niveau` VALUES ('43',NULL,'1','10','0');
INSERT INTO `DA_niveau` VALUES ('44',NULL,'2','10','0');
INSERT INTO `DA_niveau` VALUES ('45',NULL,'3','10','0');
INSERT INTO `DA_niveau` VALUES ('46',NULL,'4','10','0');
INSERT INTO `DA_niveau` VALUES ('47',NULL,'5','10','0');
INSERT INTO `DA_niveau` VALUES ('53',NULL,'1','12','0');
INSERT INTO `DA_niveau` VALUES ('54',NULL,'2','12','0');
INSERT INTO `DA_niveau` VALUES ('55',NULL,'3','12','0');
INSERT INTO `DA_niveau` VALUES ('56',NULL,'4','12','0');
INSERT INTO `DA_niveau` VALUES ('57',NULL,'5','12','0');
INSERT INTO `DA_niveau` VALUES ('58',NULL,'1','13','0');
INSERT INTO `DA_niveau` VALUES ('59',NULL,'2','13','0');
INSERT INTO `DA_niveau` VALUES ('60',NULL,'3','13','0');
INSERT INTO `DA_niveau` VALUES ('61',NULL,'4','13','0');
INSERT INTO `DA_niveau` VALUES ('62',NULL,'1','14','0');
INSERT INTO `DA_niveau` VALUES ('63',NULL,'2','14','0');
INSERT INTO `DA_niveau` VALUES ('64',NULL,'3','14','0');
INSERT INTO `DA_niveau` VALUES ('65',NULL,'4','14','0');
INSERT INTO `DA_niveau` VALUES ('66',NULL,'1','15','0');
INSERT INTO `DA_niveau` VALUES ('67',NULL,'2','15','0');
INSERT INTO `DA_niveau` VALUES ('68',NULL,'3','15','0');
INSERT INTO `DA_niveau` VALUES ('69',NULL,'4','15','0');
INSERT INTO `DA_niveau` VALUES ('70',NULL,'1','16','0');
INSERT INTO `DA_niveau` VALUES ('71',NULL,'2','16','0');
INSERT INTO `DA_niveau` VALUES ('72',NULL,'3','16','0');
INSERT INTO `DA_niveau` VALUES ('73',NULL,'4','16','0');
INSERT INTO `DA_niveau` VALUES ('74',NULL,'5','16','0');
INSERT INTO `DA_niveau` VALUES ('75',NULL,'1','17','158');
INSERT INTO `DA_niveau` VALUES ('76',NULL,'2','17','158');
INSERT INTO `DA_niveau` VALUES ('77',NULL,'3','17','158');
INSERT INTO `DA_niveau` VALUES ('78',NULL,'4','17','158');
INSERT INTO `DA_niveau` VALUES ('79',NULL,'5','17','158');
INSERT INTO `DA_niveau` VALUES ('80','Faible : moins de 1 min de dispo','1','18','28');
INSERT INTO `DA_niveau` VALUES ('81','Moyen faible : moins de 5 minutes','2','18','28');
INSERT INTO `DA_niveau` VALUES ('82','Moyen : moins 30 minutes','3','18','28');
INSERT INTO `DA_niveau` VALUES ('83','Grave : moins de 1h','4','18','28');
INSERT INTO `DA_niveau` VALUES ('84','Critique : Au dela de 1h','5','18','28');
INSERT INTO `DA_niveau` VALUES ('85',NULL,'1','19','207');
INSERT INTO `DA_niveau` VALUES ('86',NULL,'2','19','207');
INSERT INTO `DA_niveau` VALUES ('87',NULL,'3','19','207');
INSERT INTO `DA_niveau` VALUES ('88',NULL,'4','19','207');
INSERT INTO `DA_niveau` VALUES ('89',NULL,'5','19','207');
INSERT INTO `DA_niveau` VALUES ('90',NULL,'1','20','207');
INSERT INTO `DA_niveau` VALUES ('91',NULL,'2','20','207');
INSERT INTO `DA_niveau` VALUES ('92',NULL,'3','20','207');
INSERT INTO `DA_niveau` VALUES ('93',NULL,'4','20','207');
INSERT INTO `DA_niveau` VALUES ('94','Desc 1 Toto','1','21','158');
INSERT INTO `DA_niveau` VALUES ('95',NULL,'2','21','158');
INSERT INTO `DA_niveau` VALUES ('96',NULL,'3','21','158');
INSERT INTO `DA_niveau` VALUES ('97',NULL,'4','21','158');
INSERT INTO `DA_niveau` VALUES ('98',NULL,'1','22','158');
INSERT INTO `DA_niveau` VALUES ('99',NULL,'2','22','158');
INSERT INTO `DA_niveau` VALUES ('100',NULL,'3','22','158');
INSERT INTO `DA_niveau` VALUES ('101',NULL,'4','22','158');
INSERT INTO `DA_niveau` VALUES ('102',NULL,'5','22','158');
INSERT INTO `DA_niveau` VALUES ('103',NULL,'1','23','158');
INSERT INTO `DA_niveau` VALUES ('104',NULL,'2','23','158');
INSERT INTO `DA_niveau` VALUES ('105',NULL,'3','23','158');
INSERT INTO `DA_niveau` VALUES ('106',NULL,'4','23','158');
INSERT INTO `DA_niveau` VALUES ('107',NULL,'5','23','158');
INSERT INTO `DA_niveau` VALUES ('113',NULL,'1','25','158');
INSERT INTO `DA_niveau` VALUES ('114',NULL,'2','25','158');
INSERT INTO `DA_niveau` VALUES ('115',NULL,'3','25','158');
INSERT INTO `DA_niveau` VALUES ('116',NULL,'4','25','158');
INSERT INTO `DA_niveau` VALUES ('117',NULL,'5','25','158');
INSERT INTO `DA_niveau` VALUES ('118','Faible','1','26','209');
INSERT INTO `DA_niveau` VALUES ('119','Modéré','2','26','209');
INSERT INTO `DA_niveau` VALUES ('120','Neutre','3','26','209');
INSERT INTO `DA_niveau` VALUES ('121','Elévé','4','26','209');
INSERT INTO `DA_niveau` VALUES ('122','Extreme','5','26','209');
INSERT INTO `DA_niveau` VALUES ('123','NV 1','1','27','210');
INSERT INTO `DA_niveau` VALUES ('124','NV 2','2','27','210');
INSERT INTO `DA_niveau` VALUES ('125','NV 3','3','27','210');
INSERT INTO `DA_niveau` VALUES ('126','NV 4','4','27','210');
INSERT INTO `DA_niveau` VALUES ('127','NV 5','5','27','210');
INSERT INTO `DA_niveau` VALUES ('128','Nulle','1','28','212');
INSERT INTO `DA_niveau` VALUES ('129','Très faible','2','28','212');
INSERT INTO `DA_niveau` VALUES ('130','Faible','3','28','212');
INSERT INTO `DA_niveau` VALUES ('131','Moyen','4','28','212');
INSERT INTO `DA_niveau` VALUES ('132','Elevée','5','28','212');


DROP TABLE IF EXISTS `DB_bareme_risque`;
CREATE TABLE `DB_bareme_risque` (
  `id_bareme_risque` int(11) NOT NULL AUTO_INCREMENT,
  `vraisemblance` int(11) DEFAULT NULL,
  `gravite` int(11) DEFAULT NULL,
  `bareme` varchar(100) DEFAULT NULL,
  `id_projet` int(11) NOT NULL,
  PRIMARY KEY (`id_bareme_risque`),
  KEY `DB_bareme_risque_F_projet_FK` (`id_projet`),
  CONSTRAINT `DB_bareme_risque_F_projet_FK` FOREIGN KEY (`id_projet`) REFERENCES `F_projet` (`id_projet`) ON DELETE CASCADE ON UPDATE CASCADE
) ENGINE=InnoDB AUTO_INCREMENT=246 DEFAULT CHARSET=utf8mb4;

INSERT INTO `DB_bareme_risque` VALUES ('160','3','5','fond-rouge','14');
INSERT INTO `DB_bareme_risque` VALUES ('161','1','4','fond-orange','14');
INSERT INTO `DB_bareme_risque` VALUES ('168','2','3','fond-orange','17');
INSERT INTO `DB_bareme_risque` VALUES ('169','4','4','fond-rouge','15');
INSERT INTO `DB_bareme_risque` VALUES ('170','2','5','fond-orange','25');
INSERT INTO `DB_bareme_risque` VALUES ('219','5','1','fond-orange','25');
INSERT INTO `DB_bareme_risque` VALUES ('220','2','4','fond-orange','25');
INSERT INTO `DB_bareme_risque` VALUES ('235','2','5','fond-orange','28');
INSERT INTO `DB_bareme_risque` VALUES ('236','3','5','fond-rouge','28');
INSERT INTO `DB_bareme_risque` VALUES ('237','3','4','fond-orange','28');
INSERT INTO `DB_bareme_risque` VALUES ('238','2','4','fond-vert','15');
INSERT INTO `DB_bareme_risque` VALUES ('239','4','4','fond-rouge','158');
INSERT INTO `DB_bareme_risque` VALUES ('240','3','5','fond-rouge','158');
INSERT INTO `DB_bareme_risque` VALUES ('244','2','5','fond-orange','158');
INSERT INTO `DB_bareme_risque` VALUES ('245','3','3','fond-orange','28');


DROP TABLE IF EXISTS `DC_echelle_vraisemblance`;
CREATE TABLE `DC_echelle_vraisemblance` (
  `id_echelle` int(11) NOT NULL AUTO_INCREMENT,
  `nom_echelle` varchar(50) NOT NULL,
  `nb_niveau_echelle` int(11) DEFAULT NULL,
  `id_projet` int(11) NOT NULL,
  `description_niveau_1` varchar(1000) DEFAULT NULL,
  `description_niveau_2` varchar(1000) DEFAULT NULL,
  `description_niveau_3` varchar(1000) DEFAULT NULL,
  `description_niveau_4` varchar(1000) DEFAULT NULL,
  `description_niveau_5` varchar(1000) DEFAULT NULL,
  PRIMARY KEY (`id_echelle`),
  KEY `F_id_projet` (`id_projet`) USING BTREE
) ENGINE=InnoDB AUTO_INCREMENT=16 DEFAULT CHARSET=utf8mb4;

INSERT INTO `DC_echelle_vraisemblance` VALUES ('9','RERE','5','158','Toto',NULL,NULL,NULL,NULL);
INSERT INTO `DC_echelle_vraisemblance` VALUES ('10','Zeze','5','158',NULL,NULL,NULL,NULL,NULL);
INSERT INTO `DC_echelle_vraisemblance` VALUES ('12','Hello','4','158',NULL,NULL,NULL,NULL,NULL);
INSERT INTO `DC_echelle_vraisemblance` VALUES ('13','Perso Joyston','5','28',NULL,NULL,NULL,NULL,NULL);
INSERT INTO `DC_echelle_vraisemblance` VALUES ('14','Echelle-Projet-Eolienne','5','209','Faible','Modéré','Neutre','Elévé','Extreme');
INSERT INTO `DC_echelle_vraisemblance` VALUES ('15','aaaaa','5','210',NULL,NULL,NULL,NULL,NULL);


DROP TABLE IF EXISTS `F_projet`;
CREATE TABLE `F_projet` (
  `id_projet` int(11) NOT NULL AUTO_INCREMENT,
  `nom_projet` varchar(100) DEFAULT NULL,
  `description_projet` varchar(1000) DEFAULT NULL,
  `objectif_projet` varchar(1000) DEFAULT NULL,
  `responsable_risque_residuel` varchar(100) DEFAULT NULL,
  `cadre_temporel` varchar(25) DEFAULT NULL,
  `cadre_temporel_etape_2` varchar(25) DEFAULT NULL,
  `cadre_temporel_etape_3` varchar(25) DEFAULT NULL,
  `cadre_temporel_etape_4` varchar(25) DEFAULT NULL,
  `cadre_temporel_etape_5` varchar(25) DEFAULT NULL,
  `id_grp_utilisateur` int(11) DEFAULT NULL,
  `id_utilisateur` int(11) DEFAULT NULL,
  `id_echelle` int(11) DEFAULT NULL,
  `confidentialite` varchar(25) DEFAULT NULL,
  `duree_strategique` varchar(25) DEFAULT NULL,
  `duree_operationnel` varchar(25) DEFAULT NULL,
  `id_projet_gen` int(11) NOT NULL,
  `id_version` int(11) NOT NULL,
  `id_echelle_vraisemblance` int(11) DEFAULT NULL,
  PRIMARY KEY (`id_projet`),
  KEY `F_projet_A_utilisateur0_FK` (`id_utilisateur`),
  KEY `F_projet_B_grp_utilisateur_FK` (`id_grp_utilisateur`),
  KEY `F_projet_DA_echelle1_FK` (`id_echelle`),
  KEY `F_PROJET_ZD_PROJET_id_projet` (`id_projet_gen`),
  KEY `F_Projet_ZC_Version_id` (`id_version`),
  KEY `DC_echelle_vraisemblance_id_echelle` (`id_echelle_vraisemblance`),
  CONSTRAINT `F_Projet_ZC_Version_id` FOREIGN KEY (`id_version`) REFERENCES `ZC_version` (`id_version`) ON DELETE CASCADE ON UPDATE CASCADE,
  CONSTRAINT `F_projet_A_utilisateur0_FK` FOREIGN KEY (`id_utilisateur`) REFERENCES `A_utilisateur` (`id_utilisateur`) ON DELETE CASCADE ON UPDATE CASCADE,
  CONSTRAINT `F_projet_B_grp_utilisateur_FK` FOREIGN KEY (`id_grp_utilisateur`) REFERENCES `B_grp_utilisateur` (`id_grp_utilisateur`) ON DELETE CASCADE ON UPDATE CASCADE,
  CONSTRAINT `F_projet_DA_echelle1_FK` FOREIGN KEY (`id_echelle`) REFERENCES `DA_echelle` (`id_echelle`) ON DELETE CASCADE ON UPDATE CASCADE
) ENGINE=InnoDB AUTO_INCREMENT=213 DEFAULT CHARSET=utf8mb4;

INSERT INTO `F_projet` VALUES ('14','Projet de Joyston','Projet de Joyston','Projet de Joyston','1','2020-08-30','2020-09-23',NULL,'2020-09-02',NULL,'6','1','1',NULL,NULL,NULL,'2','3',NULL);
INSERT INTO `F_projet` VALUES ('15','Projet Analyse de risques','Description de mon projet','12 mois','1','2020-08-25','2020-09-17','2020-09-09','2020-09-16','2020-09-16','7','4','3','Sensible','12 mois','12 mois','3','4',NULL);
INSERT INTO `F_projet` VALUES ('17','Projet de Joyston 2','Projet de Joyston 2','Projet de Joyston 2','1','2020-04-22','2020-09-24','2020-06-16','2020-09-17','2020-09-15','6','1','5','Secret','8','7','4','5',NULL);
INSERT INTO `F_projet` VALUES ('25','CoursCarlos','Projet pour le cours CYB 5101C',NULL,'4','2020-09-16',NULL,NULL,NULL,NULL,NULL,'4','6','Confidentiel','2','3','5','6',NULL);
INSERT INTO `F_projet` VALUES ('28','Projet Coffre fort : Joyston, Lucas, Mustapha, Anthony','Projet de Mustapha','Mettre en place un coffre fort sécurisé de mot de passe','1','2020-09-24','2020-09-24','2020-09-25','2020-09-25','2020-09-25','11','18','18','Sensible','3 ans','1 an','6','7','13');
INSERT INTO `F_projet` VALUES ('88','CoursCarlos','Projet pour le cours CYB 5101C',NULL,'4','2020-09-16',NULL,NULL,NULL,NULL,NULL,'4','8','Confidentiel','2','3','5','34',NULL);
INSERT INTO `F_projet` VALUES ('93','HelloProj21','HelloProj Desc',NULL,NULL,NULL,NULL,NULL,NULL,NULL,'7','4','9',NULL,NULL,NULL,'8','37',NULL);
INSERT INTO `F_projet` VALUES ('94','CoursCarlos','Projet pour le cours CYB 5101C',NULL,'4','2020-09-16',NULL,NULL,NULL,NULL,NULL,'4','10','Confidentiel','2','3','5','38',NULL);
INSERT INTO `F_projet` VALUES ('104','Test1','Test1',NULL,'4','2020-09-09','2020-09-17','2020-09-09','2020-09-17','2020-09-17','7','4','12',NULL,NULL,NULL,'1','48',NULL);
INSERT INTO `F_projet` VALUES ('158','Test1','Test1','Mon objectif à atteindre','4','2020-09-09','2020-09-17','2020-09-09','2020-09-17','2020-09-17','7','4','22','Confidentiel',NULL,NULL,'1','102','12');
INSERT INTO `F_projet` VALUES ('164','Projet de Joyston 2','Projet de Joyston 2','Projet de Joyston 2','1','2020-04-22','2020-09-24','2020-06-16','2020-09-17','2020-09-15','6','1','5','Secret','8','7','4','108',NULL);
INSERT INTO `F_projet` VALUES ('207','TryCarlos','Essaie Création',NULL,NULL,NULL,NULL,NULL,NULL,NULL,NULL,'4','19',NULL,NULL,NULL,'9','151',NULL);
INSERT INTO `F_projet` VALUES ('208','Projet Coffre fort : Joyston, Lucas, Mustapha, Anthony','Projet de Mustapha','Mettre en place un coffre fort sécurisé de mot de passe','1','2020-09-24','2020-09-24','2020-09-25','2020-09-25','2020-09-25','11','18','18','Sensible','3 ans','1 an','6','152',NULL);
INSERT INTO `F_projet` VALUES ('209','Projet d''implémation d''un éolienne ','Test-Joyston','Ce projet vise à implémenter une éolienne dans la campagne française.','1','2021-02-08','2021-02-08','2021-02-08','2021-02-08','2021-02-08',NULL,'1','26','Confidentiel','1 jour','1 jour','10','153','14');
INSERT INTO `F_projet` VALUES ('210','Validation Projet','Projet de validation du logiciel','Réussir une analyse complète','1','2021-02-03','2021-02-10','2021-02-10','2021-02-10','2021-02-12','7','4','27','Confidentiel','2 ans','5 ans','11','154','15');
INSERT INTO `F_projet` VALUES ('212','CarlosCoffreFort','Projet de démonstration d''analyse de sécurité d''un coffre-fort de mot de passe','Réussir à développer un coffre-fort de sécurité visant une évalaution EAL3 ','4','2021-05-18','2021-05-19','2021-05-20','2021-05-21','2021-05-22',NULL,'4','28','Confidentiel','2 ans','1an','13','156',NULL);


DROP TABLE IF EXISTS `G_atelier`;
CREATE TABLE `G_atelier` (
  `id_atelier` varchar(50) NOT NULL,
  `nom_atelier` varchar(200) DEFAULT NULL,
  PRIMARY KEY (`id_atelier`)
) ENGINE=InnoDB DEFAULT CHARSET=utf8mb4;

INSERT INTO `G_atelier` VALUES ('1.a','Cadrer l’étude');
INSERT INTO `G_atelier` VALUES ('1.b','Biens primordiaux/support');
INSERT INTO `G_atelier` VALUES ('1.c','Événements redoutés');
INSERT INTO `G_atelier` VALUES ('1.d','Le socle de sécurité');
INSERT INTO `G_atelier` VALUES ('2.a','Identifier les sources de risques et les objectifs');
INSERT INTO `G_atelier` VALUES ('2.b','Évaluer les couples sources de risque/objectifs visés');
INSERT INTO `G_atelier` VALUES ('2.c','Sélectionner les couples SR/OV retenus pour la suite de l''analyse');
INSERT INTO `G_atelier` VALUES ('3.a','Construire la cartographie des menaces numériques de l''écosystème et sélectionner les parties prenantes critiques');
INSERT INTO `G_atelier` VALUES ('3.b','Élaborer des scénarios stratégiques');
INSERT INTO `G_atelier` VALUES ('3.c','Définir des mesures de sécurité sur l’écosystème');
INSERT INTO `G_atelier` VALUES ('4.a','Élaborer les scénarios opérationnels');
INSERT INTO `G_atelier` VALUES ('4.b','Évaluer la vraisemblance des scénarios opérationnels');
INSERT INTO `G_atelier` VALUES ('5.a','Réaliser une synthèse des scénarios de risque');
INSERT INTO `G_atelier` VALUES ('5.b','Décider de la stratégie de traitement du risque et définir les mesures de sécurité');
INSERT INTO `G_atelier` VALUES ('5.c','Évaluer et documenter les risques résiduels');


DROP TABLE IF EXISTS `H_RACI`;
CREATE TABLE `H_RACI` (
  `id_projet` int(11) NOT NULL,
  `id_utilisateur` int(11) NOT NULL,
  `id_atelier` varchar(50) NOT NULL,
  `ecriture` varchar(100) DEFAULT NULL,
  PRIMARY KEY (`id_projet`,`id_utilisateur`,`id_atelier`),
  KEY `H_RACI_A_utilisateur0_FK` (`id_utilisateur`),
  KEY `H_RACI_G_atelier1_FK` (`id_atelier`),
  CONSTRAINT `H_RACI_A_utilisateur0_FK` FOREIGN KEY (`id_utilisateur`) REFERENCES `A_utilisateur` (`id_utilisateur`) ON DELETE CASCADE ON UPDATE CASCADE,
  CONSTRAINT `H_RACI_F_projet_FK` FOREIGN KEY (`id_projet`) REFERENCES `F_projet` (`id_projet`) ON DELETE CASCADE ON UPDATE CASCADE,
  CONSTRAINT `H_RACI_G_atelier1_FK` FOREIGN KEY (`id_atelier`) REFERENCES `G_atelier` (`id_atelier`) ON DELETE CASCADE ON UPDATE CASCADE
) ENGINE=InnoDB DEFAULT CHARSET=utf8mb4;

INSERT INTO `H_RACI` VALUES ('14','1','1.a','Réalisation');
INSERT INTO `H_RACI` VALUES ('14','1','1.b','Réalisation');
INSERT INTO `H_RACI` VALUES ('14','1','1.c','Réalisation');
INSERT INTO `H_RACI` VALUES ('14','1','1.d','Réalisation');
INSERT INTO `H_RACI` VALUES ('14','1','2.a','Réalisation');
INSERT INTO `H_RACI` VALUES ('14','1','2.b','Réalisation');
INSERT INTO `H_RACI` VALUES ('14','1','2.c','Réalisation');
INSERT INTO `H_RACI` VALUES ('14','1','3.a','Réalisation');
INSERT INTO `H_RACI` VALUES ('14','1','3.b','Réalisation');
INSERT INTO `H_RACI` VALUES ('14','1','3.c','Réalisation');
INSERT INTO `H_RACI` VALUES ('14','1','4.a','Réalisation');
INSERT INTO `H_RACI` VALUES ('14','1','4.b','Réalisation');
INSERT INTO `H_RACI` VALUES ('14','1','5.a','Réalisation');
INSERT INTO `H_RACI` VALUES ('14','1','5.b','Réalisation');
INSERT INTO `H_RACI` VALUES ('14','1','5.c','Réalisation');
INSERT INTO `H_RACI` VALUES ('14','4','1.a','Information');
INSERT INTO `H_RACI` VALUES ('14','4','1.b','Information');
INSERT INTO `H_RACI` VALUES ('14','4','1.c','Information');
INSERT INTO `H_RACI` VALUES ('14','4','1.d','Information');
INSERT INTO `H_RACI` VALUES ('14','4','2.a','Information');
INSERT INTO `H_RACI` VALUES ('14','4','2.b','Information');
INSERT INTO `H_RACI` VALUES ('14','4','2.c','Information');
INSERT INTO `H_RACI` VALUES ('14','4','3.a','Information');
INSERT INTO `H_RACI` VALUES ('14','4','3.b','Information');
INSERT INTO `H_RACI` VALUES ('14','4','3.c','Information');
INSERT INTO `H_RACI` VALUES ('14','4','4.a','Information');
INSERT INTO `H_RACI` VALUES ('14','4','4.b','Information');
INSERT INTO `H_RACI` VALUES ('14','4','5.a','Information');
INSERT INTO `H_RACI` VALUES ('14','4','5.b','Information');
INSERT INTO `H_RACI` VALUES ('14','4','5.c','Information');
INSERT INTO `H_RACI` VALUES ('15','1','1.a','Réalisation');
INSERT INTO `H_RACI` VALUES ('15','1','1.b','Réalisation');
INSERT INTO `H_RACI` VALUES ('15','1','1.c','Réalisation');
INSERT INTO `H_RACI` VALUES ('15','1','1.d','Réalisation');
INSERT INTO `H_RACI` VALUES ('15','1','2.a','Réalisation');
INSERT INTO `H_RACI` VALUES ('15','1','2.b','Réalisation');
INSERT INTO `H_RACI` VALUES ('15','1','2.c','Réalisation');
INSERT INTO `H_RACI` VALUES ('15','1','3.a','Réalisation');
INSERT INTO `H_RACI` VALUES ('15','1','3.b','Réalisation');
INSERT INTO `H_RACI` VALUES ('15','1','3.c','Réalisation');
INSERT INTO `H_RACI` VALUES ('15','1','4.a','Réalisation');
INSERT INTO `H_RACI` VALUES ('15','1','4.b','Réalisation');
INSERT INTO `H_RACI` VALUES ('15','1','5.a','Réalisation');
INSERT INTO `H_RACI` VALUES ('15','1','5.b','Réalisation');
INSERT INTO `H_RACI` VALUES ('15','1','5.c','Réalisation');
INSERT INTO `H_RACI` VALUES ('15','4','1.a','Réalisation');
INSERT INTO `H_RACI` VALUES ('15','4','1.b','Réalisation');
INSERT INTO `H_RACI` VALUES ('15','4','1.c','Réalisation');
INSERT INTO `H_RACI` VALUES ('15','4','1.d','Réalisation');
INSERT INTO `H_RACI` VALUES ('15','4','2.a','Réalisation');
INSERT INTO `H_RACI` VALUES ('15','4','2.b','Réalisation');
INSERT INTO `H_RACI` VALUES ('15','4','2.c','Réalisation');
INSERT INTO `H_RACI` VALUES ('15','4','3.a','Réalisation');
INSERT INTO `H_RACI` VALUES ('15','4','3.b','Réalisation');
INSERT INTO `H_RACI` VALUES ('15','4','3.c','Réalisation');
INSERT INTO `H_RACI` VALUES ('15','4','4.a','Réalisation');
INSERT INTO `H_RACI` VALUES ('15','4','4.b','Réalisation');
INSERT INTO `H_RACI` VALUES ('15','4','5.a','Réalisation');
INSERT INTO `H_RACI` VALUES ('15','4','5.b','Réalisation');
INSERT INTO `H_RACI` VALUES ('15','4','5.c','Réalisation');
INSERT INTO `H_RACI` VALUES ('15','10','1.a','Information');
INSERT INTO `H_RACI` VALUES ('15','10','1.b','Information');
INSERT INTO `H_RACI` VALUES ('15','10','1.c','Information');
INSERT INTO `H_RACI` VALUES ('15','10','1.d','Information');
INSERT INTO `H_RACI` VALUES ('15','10','2.a','Information');
INSERT INTO `H_RACI` VALUES ('15','10','2.b','Information');
INSERT INTO `H_RACI` VALUES ('15','10','2.c','Information');
INSERT INTO `H_RACI` VALUES ('15','10','3.a','Information');
INSERT INTO `H_RACI` VALUES ('15','10','3.b','Information');
INSERT INTO `H_RACI` VALUES ('15','10','3.c','Information');
INSERT INTO `H_RACI` VALUES ('15','10','4.a','Information');
INSERT INTO `H_RACI` VALUES ('15','10','4.b','Information');
INSERT INTO `H_RACI` VALUES ('15','10','5.a','Information');
INSERT INTO `H_RACI` VALUES ('15','10','5.b','Information');
INSERT INTO `H_RACI` VALUES ('15','10','5.c','Information');
INSERT INTO `H_RACI` VALUES ('15','11','1.a','Information');
INSERT INTO `H_RACI` VALUES ('15','11','1.b','Information');
INSERT INTO `H_RACI` VALUES ('15','11','1.c','Information');
INSERT INTO `H_RACI` VALUES ('15','11','1.d','Information');
INSERT INTO `H_RACI` VALUES ('15','11','2.a','Information');
INSERT INTO `H_RACI` VALUES ('15','11','2.b','Information');
INSERT INTO `H_RACI` VALUES ('15','11','2.c','Information');
INSERT INTO `H_RACI` VALUES ('15','11','3.a','Information');
INSERT INTO `H_RACI` VALUES ('15','11','3.b','Information');
INSERT INTO `H_RACI` VALUES ('15','11','3.c','Information');
INSERT INTO `H_RACI` VALUES ('15','11','4.a','Information');
INSERT INTO `H_RACI` VALUES ('15','11','4.b','Information');
INSERT INTO `H_RACI` VALUES ('15','11','5.a','Information');
INSERT INTO `H_RACI` VALUES ('15','11','5.b','Information');
INSERT INTO `H_RACI` VALUES ('15','11','5.c','Information');
INSERT INTO `H_RACI` VALUES ('17','1','1.a','Réalisation');
INSERT INTO `H_RACI` VALUES ('17','1','1.b','Réalisation');
INSERT INTO `H_RACI` VALUES ('17','1','1.c','Réalisation');
INSERT INTO `H_RACI` VALUES ('17','1','1.d','Réalisation');
INSERT INTO `H_RACI` VALUES ('17','1','2.a','Réalisation');
INSERT INTO `H_RACI` VALUES ('17','1','2.b','Réalisation');
INSERT INTO `H_RACI` VALUES ('17','1','2.c','Réalisation');
INSERT INTO `H_RACI` VALUES ('17','1','3.a','Réalisation');
INSERT INTO `H_RACI` VALUES ('17','1','3.b','Réalisation');
INSERT INTO `H_RACI` VALUES ('17','1','3.c','Réalisation');
INSERT INTO `H_RACI` VALUES ('17','1','4.a','Réalisation');
INSERT INTO `H_RACI` VALUES ('17','1','4.b','Réalisation');
INSERT INTO `H_RACI` VALUES ('17','1','5.a','Réalisation');
INSERT INTO `H_RACI` VALUES ('17','1','5.b','Réalisation');
INSERT INTO `H_RACI` VALUES ('17','1','5.c','Réalisation');
INSERT INTO `H_RACI` VALUES ('17','4','1.a','Information');
INSERT INTO `H_RACI` VALUES ('17','4','1.b','Information');
INSERT INTO `H_RACI` VALUES ('17','4','1.c','Information');
INSERT INTO `H_RACI` VALUES ('17','4','1.d','Information');
INSERT INTO `H_RACI` VALUES ('17','4','2.a','Information');
INSERT INTO `H_RACI` VALUES ('17','4','2.b','Information');
INSERT INTO `H_RACI` VALUES ('17','4','2.c','Information');
INSERT INTO `H_RACI` VALUES ('17','4','3.a','Information');
INSERT INTO `H_RACI` VALUES ('17','4','3.b','Information');
INSERT INTO `H_RACI` VALUES ('17','4','3.c','Information');
INSERT INTO `H_RACI` VALUES ('17','4','4.a','Information');
INSERT INTO `H_RACI` VALUES ('17','4','4.b','Information');
INSERT INTO `H_RACI` VALUES ('17','4','5.a','Information');
INSERT INTO `H_RACI` VALUES ('17','4','5.b','Information');
INSERT INTO `H_RACI` VALUES ('17','4','5.c','Information');
INSERT INTO `H_RACI` VALUES ('17','10','1.a','Information');
INSERT INTO `H_RACI` VALUES ('17','10','1.b','Information');
INSERT INTO `H_RACI` VALUES ('17','10','1.c','Information');
INSERT INTO `H_RACI` VALUES ('17','10','1.d','Information');
INSERT INTO `H_RACI` VALUES ('17','10','2.a','Information');
INSERT INTO `H_RACI` VALUES ('17','10','2.b','Information');
INSERT INTO `H_RACI` VALUES ('17','10','2.c','Information');
INSERT INTO `H_RACI` VALUES ('17','10','3.a','Information');
INSERT INTO `H_RACI` VALUES ('17','10','3.b','Information');
INSERT INTO `H_RACI` VALUES ('17','10','3.c','Information');
INSERT INTO `H_RACI` VALUES ('17','10','4.a','Information');
INSERT INTO `H_RACI` VALUES ('17','10','4.b','Information');
INSERT INTO `H_RACI` VALUES ('17','10','5.a','Information');
INSERT INTO `H_RACI` VALUES ('17','10','5.b','Information');
INSERT INTO `H_RACI` VALUES ('17','10','5.c','Information');
INSERT INTO `H_RACI` VALUES ('25','4','1.a','Réalisation');
INSERT INTO `H_RACI` VALUES ('25','4','1.b','Réalisation');
INSERT INTO `H_RACI` VALUES ('25','4','1.c','Réalisation');
INSERT INTO `H_RACI` VALUES ('25','4','1.d','Réalisation');
INSERT INTO `H_RACI` VALUES ('25','4','2.a','Réalisation');
INSERT INTO `H_RACI` VALUES ('25','4','2.b','Réalisation');
INSERT INTO `H_RACI` VALUES ('25','4','2.c','Réalisation');
INSERT INTO `H_RACI` VALUES ('25','4','3.a','Réalisation');
INSERT INTO `H_RACI` VALUES ('25','4','3.b','Réalisation');
INSERT INTO `H_RACI` VALUES ('25','4','3.c','Réalisation');
INSERT INTO `H_RACI` VALUES ('25','4','4.a','Réalisation');
INSERT INTO `H_RACI` VALUES ('25','4','4.b','Réalisation');
INSERT INTO `H_RACI` VALUES ('25','4','5.a','Réalisation');
INSERT INTO `H_RACI` VALUES ('25','4','5.b','Réalisation');
INSERT INTO `H_RACI` VALUES ('25','4','5.c','Réalisation');
INSERT INTO `H_RACI` VALUES ('28','1','1.a','Réalisation');
INSERT INTO `H_RACI` VALUES ('28','1','1.b','Réalisation');
INSERT INTO `H_RACI` VALUES ('28','1','1.c','Réalisation');
INSERT INTO `H_RACI` VALUES ('28','1','1.d','Réalisation');
INSERT INTO `H_RACI` VALUES ('28','1','2.a','Réalisation');
INSERT INTO `H_RACI` VALUES ('28','1','2.b','Réalisation');
INSERT INTO `H_RACI` VALUES ('28','1','2.c','Réalisation');
INSERT INTO `H_RACI` VALUES ('28','1','3.a','Réalisation');
INSERT INTO `H_RACI` VALUES ('28','1','3.b','Réalisation');
INSERT INTO `H_RACI` VALUES ('28','1','3.c','Réalisation');
INSERT INTO `H_RACI` VALUES ('28','1','4.a','Réalisation');
INSERT INTO `H_RACI` VALUES ('28','1','4.b','Réalisation');
INSERT INTO `H_RACI` VALUES ('28','1','5.a','Réalisation');
INSERT INTO `H_RACI` VALUES ('28','1','5.b','Réalisation');
INSERT INTO `H_RACI` VALUES ('28','1','5.c','Réalisation');
INSERT INTO `H_RACI` VALUES ('28','18','1.a','Réalisation');
INSERT INTO `H_RACI` VALUES ('28','18','1.b','Réalisation');
INSERT INTO `H_RACI` VALUES ('28','18','1.c','Réalisation');
INSERT INTO `H_RACI` VALUES ('28','18','1.d','Réalisation');
INSERT INTO `H_RACI` VALUES ('28','18','2.a','Réalisation');
INSERT INTO `H_RACI` VALUES ('28','18','2.b','Réalisation');
INSERT INTO `H_RACI` VALUES ('28','18','2.c','Réalisation');
INSERT INTO `H_RACI` VALUES ('28','18','3.a','Réalisation');
INSERT INTO `H_RACI` VALUES ('28','18','3.b','Réalisation');
INSERT INTO `H_RACI` VALUES ('28','18','3.c','Réalisation');
INSERT INTO `H_RACI` VALUES ('28','18','4.a','Réalisation');
INSERT INTO `H_RACI` VALUES ('28','18','4.b','Réalisation');
INSERT INTO `H_RACI` VALUES ('28','18','5.a','Réalisation');
INSERT INTO `H_RACI` VALUES ('28','18','5.b','Réalisation');
INSERT INTO `H_RACI` VALUES ('28','18','5.c','Réalisation');
INSERT INTO `H_RACI` VALUES ('28','39','1.a','Réalisation');
INSERT INTO `H_RACI` VALUES ('28','39','1.b','Réalisation');
INSERT INTO `H_RACI` VALUES ('28','39','1.c','Réalisation');
INSERT INTO `H_RACI` VALUES ('28','39','1.d','Réalisation');
INSERT INTO `H_RACI` VALUES ('28','39','2.a','Réalisation');
INSERT INTO `H_RACI` VALUES ('28','39','2.b','Réalisation');
INSERT INTO `H_RACI` VALUES ('28','39','2.c','Réalisation');
INSERT INTO `H_RACI` VALUES ('28','39','3.a','Réalisation');
INSERT INTO `H_RACI` VALUES ('28','39','3.b','Réalisation');
INSERT INTO `H_RACI` VALUES ('28','39','3.c','Réalisation');
INSERT INTO `H_RACI` VALUES ('28','39','4.a','Réalisation');
INSERT INTO `H_RACI` VALUES ('28','39','4.b','Réalisation');
INSERT INTO `H_RACI` VALUES ('28','39','5.a','Réalisation');
INSERT INTO `H_RACI` VALUES ('28','39','5.b','Réalisation');
INSERT INTO `H_RACI` VALUES ('28','39','5.c','Réalisation');
INSERT INTO `H_RACI` VALUES ('28','40','1.a','Réalisation');
INSERT INTO `H_RACI` VALUES ('28','40','1.b','Réalisation');
INSERT INTO `H_RACI` VALUES ('28','40','1.c','Réalisation');
INSERT INTO `H_RACI` VALUES ('28','40','1.d','Réalisation');
INSERT INTO `H_RACI` VALUES ('28','40','2.a','Réalisation');
INSERT INTO `H_RACI` VALUES ('28','40','2.b','Réalisation');
INSERT INTO `H_RACI` VALUES ('28','40','2.c','Réalisation');
INSERT INTO `H_RACI` VALUES ('28','40','3.a','Réalisation');
INSERT INTO `H_RACI` VALUES ('28','40','3.b','Réalisation');
INSERT INTO `H_RACI` VALUES ('28','40','3.c','Réalisation');
INSERT INTO `H_RACI` VALUES ('28','40','4.a','Réalisation');
INSERT INTO `H_RACI` VALUES ('28','40','4.b','Réalisation');
INSERT INTO `H_RACI` VALUES ('28','40','5.a','Réalisation');
INSERT INTO `H_RACI` VALUES ('28','40','5.b','Réalisation');
INSERT INTO `H_RACI` VALUES ('28','40','5.c','Réalisation');
INSERT INTO `H_RACI` VALUES ('88','4','1.a','Réalisation');
INSERT INTO `H_RACI` VALUES ('88','4','1.b','Réalisation');
INSERT INTO `H_RACI` VALUES ('88','4','1.c','Réalisation');
INSERT INTO `H_RACI` VALUES ('88','4','1.d','Réalisation');
INSERT INTO `H_RACI` VALUES ('88','4','2.a','Réalisation');
INSERT INTO `H_RACI` VALUES ('88','4','2.b','Réalisation');
INSERT INTO `H_RACI` VALUES ('88','4','2.c','Réalisation');
INSERT INTO `H_RACI` VALUES ('88','4','3.a','Réalisation');
INSERT INTO `H_RACI` VALUES ('88','4','3.b','Réalisation');
INSERT INTO `H_RACI` VALUES ('88','4','3.c','Réalisation');
INSERT INTO `H_RACI` VALUES ('88','4','4.a','Réalisation');
INSERT INTO `H_RACI` VALUES ('88','4','4.b','Réalisation');
INSERT INTO `H_RACI` VALUES ('88','4','5.a','Réalisation');
INSERT INTO `H_RACI` VALUES ('88','4','5.b','Réalisation');
INSERT INTO `H_RACI` VALUES ('88','4','5.c','Réalisation');
INSERT INTO `H_RACI` VALUES ('93','4','1.a','Réalisation');
INSERT INTO `H_RACI` VALUES ('93','4','1.b','Réalisation');
INSERT INTO `H_RACI` VALUES ('93','4','1.c','Réalisation');
INSERT INTO `H_RACI` VALUES ('93','4','1.d','Réalisation');
INSERT INTO `H_RACI` VALUES ('93','4','2.a','Réalisation');
INSERT INTO `H_RACI` VALUES ('93','4','2.b','Réalisation');
INSERT INTO `H_RACI` VALUES ('93','4','2.c','Réalisation');
INSERT INTO `H_RACI` VALUES ('93','4','3.a','Réalisation');
INSERT INTO `H_RACI` VALUES ('93','4','3.b','Réalisation');
INSERT INTO `H_RACI` VALUES ('93','4','3.c','Réalisation');
INSERT INTO `H_RACI` VALUES ('93','4','4.a','Réalisation');
INSERT INTO `H_RACI` VALUES ('93','4','4.b','Réalisation');
INSERT INTO `H_RACI` VALUES ('93','4','5.a','Réalisation');
INSERT INTO `H_RACI` VALUES ('93','4','5.b','Réalisation');
INSERT INTO `H_RACI` VALUES ('93','4','5.c','Réalisation');
INSERT INTO `H_RACI` VALUES ('94','4','1.a','Réalisation');
INSERT INTO `H_RACI` VALUES ('94','4','1.b','Réalisation');
INSERT INTO `H_RACI` VALUES ('94','4','1.c','Réalisation');
INSERT INTO `H_RACI` VALUES ('94','4','1.d','Réalisation');
INSERT INTO `H_RACI` VALUES ('94','4','2.a','Réalisation');
INSERT INTO `H_RACI` VALUES ('94','4','2.b','Réalisation');
INSERT INTO `H_RACI` VALUES ('94','4','2.c','Réalisation');
INSERT INTO `H_RACI` VALUES ('94','4','3.a','Réalisation');
INSERT INTO `H_RACI` VALUES ('94','4','3.b','Réalisation');
INSERT INTO `H_RACI` VALUES ('94','4','3.c','Réalisation');
INSERT INTO `H_RACI` VALUES ('94','4','4.a','Réalisation');
INSERT INTO `H_RACI` VALUES ('94','4','4.b','Réalisation');
INSERT INTO `H_RACI` VALUES ('94','4','5.a','Réalisation');
INSERT INTO `H_RACI` VALUES ('94','4','5.b','Réalisation');
INSERT INTO `H_RACI` VALUES ('94','4','5.c','Réalisation');
INSERT INTO `H_RACI` VALUES ('104','1','1.a','Information');
INSERT INTO `H_RACI` VALUES ('104','1','1.b','Information');
INSERT INTO `H_RACI` VALUES ('104','1','1.c','Information');
INSERT INTO `H_RACI` VALUES ('104','1','1.d','Information');
INSERT INTO `H_RACI` VALUES ('104','1','2.a','Information');
INSERT INTO `H_RACI` VALUES ('104','1','2.b','Information');
INSERT INTO `H_RACI` VALUES ('104','1','2.c','Information');
INSERT INTO `H_RACI` VALUES ('104','1','3.a','Information');
INSERT INTO `H_RACI` VALUES ('104','1','3.b','Information');
INSERT INTO `H_RACI` VALUES ('104','1','3.c','Information');
INSERT INTO `H_RACI` VALUES ('104','1','4.a','Information');
INSERT INTO `H_RACI` VALUES ('104','1','4.b','Information');
INSERT INTO `H_RACI` VALUES ('104','1','5.a','Information');
INSERT INTO `H_RACI` VALUES ('104','1','5.b','Information');
INSERT INTO `H_RACI` VALUES ('104','1','5.c','Information');
INSERT INTO `H_RACI` VALUES ('104','4','1.a','Réalisation');
INSERT INTO `H_RACI` VALUES ('104','4','1.b','Réalisation');
INSERT INTO `H_RACI` VALUES ('104','4','1.c','Réalisation');
INSERT INTO `H_RACI` VALUES ('104','4','1.d','Réalisation');
INSERT INTO `H_RACI` VALUES ('104','4','2.a','Réalisation');
INSERT INTO `H_RACI` VALUES ('104','4','2.b','Réalisation');
INSERT INTO `H_RACI` VALUES ('104','4','2.c','Réalisation');
INSERT INTO `H_RACI` VALUES ('104','4','3.a','Réalisation');
INSERT INTO `H_RACI` VALUES ('104','4','3.b','Réalisation');
INSERT INTO `H_RACI` VALUES ('104','4','3.c','Réalisation');
INSERT INTO `H_RACI` VALUES ('104','4','4.a','Réalisation');
INSERT INTO `H_RACI` VALUES ('104','4','4.b','Réalisation');
INSERT INTO `H_RACI` VALUES ('104','4','5.a','Réalisation');
INSERT INTO `H_RACI` VALUES ('104','4','5.b','Réalisation');
INSERT INTO `H_RACI` VALUES ('104','4','5.c','Réalisation');
INSERT INTO `H_RACI` VALUES ('104','10','1.a','Information');
INSERT INTO `H_RACI` VALUES ('104','10','1.b','Information');
INSERT INTO `H_RACI` VALUES ('104','10','1.c','Information');
INSERT INTO `H_RACI` VALUES ('104','10','1.d','Information');
INSERT INTO `H_RACI` VALUES ('104','10','2.a','Information');
INSERT INTO `H_RACI` VALUES ('104','10','2.b','Information');
INSERT INTO `H_RACI` VALUES ('104','10','2.c','Information');
INSERT INTO `H_RACI` VALUES ('104','10','3.a','Information');
INSERT INTO `H_RACI` VALUES ('104','10','3.b','Information');
INSERT INTO `H_RACI` VALUES ('104','10','3.c','Information');
INSERT INTO `H_RACI` VALUES ('104','10','4.a','Information');
INSERT INTO `H_RACI` VALUES ('104','10','4.b','Information');
INSERT INTO `H_RACI` VALUES ('104','10','5.a','Information');
INSERT INTO `H_RACI` VALUES ('104','10','5.b','Information');
INSERT INTO `H_RACI` VALUES ('104','10','5.c','Information');
INSERT INTO `H_RACI` VALUES ('158','1','1.a','Information');
INSERT INTO `H_RACI` VALUES ('158','1','1.b','Information');
INSERT INTO `H_RACI` VALUES ('158','1','1.c','Information');
INSERT INTO `H_RACI` VALUES ('158','1','1.d','Information');
INSERT INTO `H_RACI` VALUES ('158','1','2.a','Information');
INSERT INTO `H_RACI` VALUES ('158','1','2.b','Information');
INSERT INTO `H_RACI` VALUES ('158','1','2.c','Information');
INSERT INTO `H_RACI` VALUES ('158','1','3.a','Information');
INSERT INTO `H_RACI` VALUES ('158','1','3.b','Information');
INSERT INTO `H_RACI` VALUES ('158','1','3.c','Information');
INSERT INTO `H_RACI` VALUES ('158','1','4.a','Information');
INSERT INTO `H_RACI` VALUES ('158','1','4.b','Information');
INSERT INTO `H_RACI` VALUES ('158','1','5.a','Information');
INSERT INTO `H_RACI` VALUES ('158','1','5.b','Information');
INSERT INTO `H_RACI` VALUES ('158','1','5.c','Information');
INSERT INTO `H_RACI` VALUES ('158','4','1.a','Réalisation');
INSERT INTO `H_RACI` VALUES ('158','4','1.b','Réalisation');
INSERT INTO `H_RACI` VALUES ('158','4','1.c','Réalisation');
INSERT INTO `H_RACI` VALUES ('158','4','1.d','Réalisation');
INSERT INTO `H_RACI` VALUES ('158','4','2.a','Réalisation');
INSERT INTO `H_RACI` VALUES ('158','4','2.b','Réalisation');
INSERT INTO `H_RACI` VALUES ('158','4','2.c','Réalisation');
INSERT INTO `H_RACI` VALUES ('158','4','3.a','Réalisation');
INSERT INTO `H_RACI` VALUES ('158','4','3.b','Réalisation');
INSERT INTO `H_RACI` VALUES ('158','4','3.c','Réalisation');
INSERT INTO `H_RACI` VALUES ('158','4','4.a','Réalisation');
INSERT INTO `H_RACI` VALUES ('158','4','4.b','Réalisation');
INSERT INTO `H_RACI` VALUES ('158','4','5.a','Réalisation');
INSERT INTO `H_RACI` VALUES ('158','4','5.b','Réalisation');
INSERT INTO `H_RACI` VALUES ('158','4','5.c','Réalisation');
INSERT INTO `H_RACI` VALUES ('158','10','1.a','Information');
INSERT INTO `H_RACI` VALUES ('158','10','1.b','Information');
INSERT INTO `H_RACI` VALUES ('158','10','1.c','Information');
INSERT INTO `H_RACI` VALUES ('158','10','1.d','Information');
INSERT INTO `H_RACI` VALUES ('158','10','2.a','Information');
INSERT INTO `H_RACI` VALUES ('158','10','2.b','Information');
INSERT INTO `H_RACI` VALUES ('158','10','2.c','Information');
INSERT INTO `H_RACI` VALUES ('158','10','3.a','Information');
INSERT INTO `H_RACI` VALUES ('158','10','3.b','Information');
INSERT INTO `H_RACI` VALUES ('158','10','3.c','Information');
INSERT INTO `H_RACI` VALUES ('158','10','4.a','Information');
INSERT INTO `H_RACI` VALUES ('158','10','4.b','Information');
INSERT INTO `H_RACI` VALUES ('158','10','5.a','Information');
INSERT INTO `H_RACI` VALUES ('158','10','5.b','Information');
INSERT INTO `H_RACI` VALUES ('158','10','5.c','Information');
INSERT INTO `H_RACI` VALUES ('164','1','1.a','Réalisation');
INSERT INTO `H_RACI` VALUES ('164','1','1.b','Réalisation');
INSERT INTO `H_RACI` VALUES ('164','1','1.c','Réalisation');
INSERT INTO `H_RACI` VALUES ('164','1','1.d','Réalisation');
INSERT INTO `H_RACI` VALUES ('164','1','2.a','Réalisation');
INSERT INTO `H_RACI` VALUES ('164','1','2.b','Réalisation');
INSERT INTO `H_RACI` VALUES ('164','1','2.c','Réalisation');
INSERT INTO `H_RACI` VALUES ('164','1','3.a','Réalisation');
INSERT INTO `H_RACI` VALUES ('164','1','3.b','Réalisation');
INSERT INTO `H_RACI` VALUES ('164','1','3.c','Réalisation');
INSERT INTO `H_RACI` VALUES ('164','1','4.a','Réalisation');
INSERT INTO `H_RACI` VALUES ('164','1','4.b','Réalisation');
INSERT INTO `H_RACI` VALUES ('164','1','5.a','Réalisation');
INSERT INTO `H_RACI` VALUES ('164','1','5.b','Réalisation');
INSERT INTO `H_RACI` VALUES ('164','1','5.c','Réalisation');
INSERT INTO `H_RACI` VALUES ('164','4','1.a','Information');
INSERT INTO `H_RACI` VALUES ('164','4','1.b','Information');
INSERT INTO `H_RACI` VALUES ('164','4','1.c','Information');
INSERT INTO `H_RACI` VALUES ('164','4','1.d','Information');
INSERT INTO `H_RACI` VALUES ('164','4','2.a','Information');
INSERT INTO `H_RACI` VALUES ('164','4','2.b','Information');
INSERT INTO `H_RACI` VALUES ('164','4','2.c','Information');
INSERT INTO `H_RACI` VALUES ('164','4','3.a','Information');
INSERT INTO `H_RACI` VALUES ('164','4','3.b','Information');
INSERT INTO `H_RACI` VALUES ('164','4','3.c','Information');
INSERT INTO `H_RACI` VALUES ('164','4','4.a','Information');
INSERT INTO `H_RACI` VALUES ('164','4','4.b','Information');
INSERT INTO `H_RACI` VALUES ('164','4','5.a','Information');
INSERT INTO `H_RACI` VALUES ('164','4','5.b','Information');
INSERT INTO `H_RACI` VALUES ('164','4','5.c','Information');
INSERT INTO `H_RACI` VALUES ('164','10','1.a','Information');
INSERT INTO `H_RACI` VALUES ('164','10','1.b','Information');
INSERT INTO `H_RACI` VALUES ('164','10','1.c','Information');
INSERT INTO `H_RACI` VALUES ('164','10','1.d','Information');
INSERT INTO `H_RACI` VALUES ('164','10','2.a','Information');
INSERT INTO `H_RACI` VALUES ('164','10','2.b','Information');
INSERT INTO `H_RACI` VALUES ('164','10','2.c','Information');
INSERT INTO `H_RACI` VALUES ('164','10','3.a','Information');
INSERT INTO `H_RACI` VALUES ('164','10','3.b','Information');
INSERT INTO `H_RACI` VALUES ('164','10','3.c','Information');
INSERT INTO `H_RACI` VALUES ('164','10','4.a','Information');
INSERT INTO `H_RACI` VALUES ('164','10','4.b','Information');
INSERT INTO `H_RACI` VALUES ('164','10','5.a','Information');
INSERT INTO `H_RACI` VALUES ('164','10','5.b','Information');
INSERT INTO `H_RACI` VALUES ('164','10','5.c','Information');
INSERT INTO `H_RACI` VALUES ('207','4','1.a','Réalisation');
INSERT INTO `H_RACI` VALUES ('207','4','1.b','Réalisation');
INSERT INTO `H_RACI` VALUES ('207','4','1.c','Réalisation');
INSERT INTO `H_RACI` VALUES ('207','4','1.d','Réalisation');
INSERT INTO `H_RACI` VALUES ('207','4','2.a','Réalisation');
INSERT INTO `H_RACI` VALUES ('207','4','2.b','Réalisation');
INSERT INTO `H_RACI` VALUES ('207','4','2.c','Réalisation');
INSERT INTO `H_RACI` VALUES ('207','4','3.a','Réalisation');
INSERT INTO `H_RACI` VALUES ('207','4','3.b','Réalisation');
INSERT INTO `H_RACI` VALUES ('207','4','3.c','Réalisation');
INSERT INTO `H_RACI` VALUES ('207','4','4.a','Réalisation');
INSERT INTO `H_RACI` VALUES ('207','4','4.b','Réalisation');
INSERT INTO `H_RACI` VALUES ('207','4','5.a','Réalisation');
INSERT INTO `H_RACI` VALUES ('207','4','5.b','Réalisation');
INSERT INTO `H_RACI` VALUES ('207','4','5.c','Réalisation');
INSERT INTO `H_RACI` VALUES ('208','1','1.a','Réalisation');
INSERT INTO `H_RACI` VALUES ('208','1','1.b','Réalisation');
INSERT INTO `H_RACI` VALUES ('208','1','1.c','Réalisation');
INSERT INTO `H_RACI` VALUES ('208','1','1.d','Réalisation');
INSERT INTO `H_RACI` VALUES ('208','1','2.a','Réalisation');
INSERT INTO `H_RACI` VALUES ('208','1','2.b','Réalisation');
INSERT INTO `H_RACI` VALUES ('208','1','2.c','Réalisation');
INSERT INTO `H_RACI` VALUES ('208','1','3.a','Réalisation');
INSERT INTO `H_RACI` VALUES ('208','1','3.b','Réalisation');
INSERT INTO `H_RACI` VALUES ('208','1','3.c','Réalisation');
INSERT INTO `H_RACI` VALUES ('208','1','4.a','Réalisation');
INSERT INTO `H_RACI` VALUES ('208','1','4.b','Réalisation');
INSERT INTO `H_RACI` VALUES ('208','1','5.a','Réalisation');
INSERT INTO `H_RACI` VALUES ('208','1','5.b','Réalisation');
INSERT INTO `H_RACI` VALUES ('208','1','5.c','Réalisation');
INSERT INTO `H_RACI` VALUES ('208','18','1.a','Approbation');
INSERT INTO `H_RACI` VALUES ('208','18','1.b','Approbation');
INSERT INTO `H_RACI` VALUES ('208','18','1.c','Approbation');
INSERT INTO `H_RACI` VALUES ('208','18','1.d','Approbation');
INSERT INTO `H_RACI` VALUES ('208','18','2.a','Approbation');
INSERT INTO `H_RACI` VALUES ('208','18','2.b','Approbation');
INSERT INTO `H_RACI` VALUES ('208','18','2.c','Approbation');
INSERT INTO `H_RACI` VALUES ('208','18','3.a','Approbation');
INSERT INTO `H_RACI` VALUES ('208','18','3.b','Approbation');
INSERT INTO `H_RACI` VALUES ('208','18','3.c','Approbation');
INSERT INTO `H_RACI` VALUES ('208','18','4.a','Approbation');
INSERT INTO `H_RACI` VALUES ('208','18','4.b','Approbation');
INSERT INTO `H_RACI` VALUES ('208','18','5.a','Approbation');
INSERT INTO `H_RACI` VALUES ('208','18','5.b','Approbation');
INSERT INTO `H_RACI` VALUES ('208','18','5.c','Approbation');
INSERT INTO `H_RACI` VALUES ('208','39','1.a','Réalisation');
INSERT INTO `H_RACI` VALUES ('208','39','1.b','Réalisation');
INSERT INTO `H_RACI` VALUES ('208','39','1.c','Réalisation');
INSERT INTO `H_RACI` VALUES ('208','39','1.d','Réalisation');
INSERT INTO `H_RACI` VALUES ('208','39','2.a','Réalisation');
INSERT INTO `H_RACI` VALUES ('208','39','2.b','Réalisation');
INSERT INTO `H_RACI` VALUES ('208','39','2.c','Réalisation');
INSERT INTO `H_RACI` VALUES ('208','39','3.a','Réalisation');
INSERT INTO `H_RACI` VALUES ('208','39','3.b','Réalisation');
INSERT INTO `H_RACI` VALUES ('208','39','3.c','Réalisation');
INSERT INTO `H_RACI` VALUES ('208','39','4.a','Réalisation');
INSERT INTO `H_RACI` VALUES ('208','39','4.b','Réalisation');
INSERT INTO `H_RACI` VALUES ('208','39','5.a','Réalisation');
INSERT INTO `H_RACI` VALUES ('208','39','5.b','Réalisation');
INSERT INTO `H_RACI` VALUES ('208','39','5.c','Réalisation');
INSERT INTO `H_RACI` VALUES ('208','40','1.a','Réalisation');
INSERT INTO `H_RACI` VALUES ('208','40','1.b','Réalisation');
INSERT INTO `H_RACI` VALUES ('208','40','1.c','Réalisation');
INSERT INTO `H_RACI` VALUES ('208','40','1.d','Réalisation');
INSERT INTO `H_RACI` VALUES ('208','40','2.a','Réalisation');
INSERT INTO `H_RACI` VALUES ('208','40','2.b','Réalisation');
INSERT INTO `H_RACI` VALUES ('208','40','2.c','Réalisation');
INSERT INTO `H_RACI` VALUES ('208','40','3.a','Réalisation');
INSERT INTO `H_RACI` VALUES ('208','40','3.b','Réalisation');
INSERT INTO `H_RACI` VALUES ('208','40','3.c','Réalisation');
INSERT INTO `H_RACI` VALUES ('208','40','4.a','Réalisation');
INSERT INTO `H_RACI` VALUES ('208','40','4.b','Réalisation');
INSERT INTO `H_RACI` VALUES ('208','40','5.a','Réalisation');
INSERT INTO `H_RACI` VALUES ('208','40','5.b','Réalisation');
INSERT INTO `H_RACI` VALUES ('208','40','5.c','Réalisation');
INSERT INTO `H_RACI` VALUES ('209','1','1.a','Réalisation');
INSERT INTO `H_RACI` VALUES ('209','1','1.b','Réalisation');
INSERT INTO `H_RACI` VALUES ('209','1','1.c','Réalisation');
INSERT INTO `H_RACI` VALUES ('209','1','1.d','Réalisation');
INSERT INTO `H_RACI` VALUES ('209','1','2.a','Réalisation');
INSERT INTO `H_RACI` VALUES ('209','1','2.b','Réalisation');
INSERT INTO `H_RACI` VALUES ('209','1','2.c','Réalisation');
INSERT INTO `H_RACI` VALUES ('209','1','3.a','Réalisation');
INSERT INTO `H_RACI` VALUES ('209','1','3.b','Réalisation');
INSERT INTO `H_RACI` VALUES ('209','1','3.c','Réalisation');
INSERT INTO `H_RACI` VALUES ('209','1','4.a','Réalisation');
INSERT INTO `H_RACI` VALUES ('209','1','4.b','Réalisation');
INSERT INTO `H_RACI` VALUES ('209','1','5.a','Réalisation');
INSERT INTO `H_RACI` VALUES ('209','1','5.b','Réalisation');
INSERT INTO `H_RACI` VALUES ('209','1','5.c','Réalisation');
INSERT INTO `H_RACI` VALUES ('210','1','1.a','Approbation');
INSERT INTO `H_RACI` VALUES ('210','1','1.b','Approbation');
INSERT INTO `H_RACI` VALUES ('210','1','1.c','Approbation');
INSERT INTO `H_RACI` VALUES ('210','1','1.d','Approbation');
INSERT INTO `H_RACI` VALUES ('210','1','2.a','Approbation');
INSERT INTO `H_RACI` VALUES ('210','1','2.b','Approbation');
INSERT INTO `H_RACI` VALUES ('210','1','2.c','Approbation');
INSERT INTO `H_RACI` VALUES ('210','1','3.a','Approbation');
INSERT INTO `H_RACI` VALUES ('210','1','3.b','Approbation');
INSERT INTO `H_RACI` VALUES ('210','1','3.c','Approbation');
INSERT INTO `H_RACI` VALUES ('210','1','4.a','Approbation');
INSERT INTO `H_RACI` VALUES ('210','1','4.b','Approbation');
INSERT INTO `H_RACI` VALUES ('210','1','5.a','Approbation');
INSERT INTO `H_RACI` VALUES ('210','1','5.b','Approbation');
INSERT INTO `H_RACI` VALUES ('210','1','5.c','Approbation');
INSERT INTO `H_RACI` VALUES ('210','4','1.a','Réalisation');
INSERT INTO `H_RACI` VALUES ('210','4','1.b','Réalisation');
INSERT INTO `H_RACI` VALUES ('210','4','1.c','Réalisation');
INSERT INTO `H_RACI` VALUES ('210','4','1.d','Réalisation');
INSERT INTO `H_RACI` VALUES ('210','4','2.a','Réalisation');
INSERT INTO `H_RACI` VALUES ('210','4','2.b','Réalisation');
INSERT INTO `H_RACI` VALUES ('210','4','2.c','Réalisation');
INSERT INTO `H_RACI` VALUES ('210','4','3.a','Réalisation');
INSERT INTO `H_RACI` VALUES ('210','4','3.b','Réalisation');
INSERT INTO `H_RACI` VALUES ('210','4','3.c','Réalisation');
INSERT INTO `H_RACI` VALUES ('210','4','4.a','Réalisation');
INSERT INTO `H_RACI` VALUES ('210','4','4.b','Réalisation');
INSERT INTO `H_RACI` VALUES ('210','4','5.a','Réalisation');
INSERT INTO `H_RACI` VALUES ('210','4','5.b','Réalisation');
INSERT INTO `H_RACI` VALUES ('210','4','5.c','Réalisation');
INSERT INTO `H_RACI` VALUES ('212','4','1.a','Réalisation');
INSERT INTO `H_RACI` VALUES ('212','4','1.b','Réalisation');
INSERT INTO `H_RACI` VALUES ('212','4','1.c','Réalisation');
INSERT INTO `H_RACI` VALUES ('212','4','1.d','Réalisation');
INSERT INTO `H_RACI` VALUES ('212','4','2.a','Réalisation');
INSERT INTO `H_RACI` VALUES ('212','4','2.b','Réalisation');
INSERT INTO `H_RACI` VALUES ('212','4','2.c','Réalisation');
INSERT INTO `H_RACI` VALUES ('212','4','3.a','Réalisation');
INSERT INTO `H_RACI` VALUES ('212','4','3.b','Réalisation');
INSERT INTO `H_RACI` VALUES ('212','4','3.c','Réalisation');
INSERT INTO `H_RACI` VALUES ('212','4','4.a','Réalisation');
INSERT INTO `H_RACI` VALUES ('212','4','4.b','Réalisation');
INSERT INTO `H_RACI` VALUES ('212','4','5.a','Réalisation');
INSERT INTO `H_RACI` VALUES ('212','4','5.b','Réalisation');
INSERT INTO `H_RACI` VALUES ('212','4','5.c','Réalisation');


DROP TABLE IF EXISTS `I_mission`;
CREATE TABLE `I_mission` (
  `id_mission` int(11) NOT NULL AUTO_INCREMENT,
  `nom_mission` varchar(50) DEFAULT NULL,
  `description_mission` varchar(1000) DEFAULT NULL,
  `responsable` varchar(100) DEFAULT NULL,
  `id_atelier` varchar(50) NOT NULL,
  `id_projet` int(11) NOT NULL,
  PRIMARY KEY (`id_mission`),
  KEY `I_mission_F_projet0_FK` (`id_projet`),
  KEY `I_mission_G_atelier_FK` (`id_atelier`),
  CONSTRAINT `I_mission_F_projet0_FK` FOREIGN KEY (`id_projet`) REFERENCES `F_projet` (`id_projet`) ON DELETE CASCADE ON UPDATE CASCADE,
  CONSTRAINT `I_mission_G_atelier_FK` FOREIGN KEY (`id_atelier`) REFERENCES `G_atelier` (`id_atelier`) ON DELETE CASCADE ON UPDATE CASCADE
) ENGINE=InnoDB AUTO_INCREMENT=337 DEFAULT CHARSET=utf8mb4;

INSERT INTO `I_mission` VALUES ('12','Ma mission','DESC','Carlos','1.b','15');
INSERT INTO `I_mission` VALUES ('13','Ma mission','DESC','fgfgdf','1.b','15');
INSERT INTO `I_mission` VALUES ('14','MISSION1','FGDFGDFGd','Joyston','1.b','17');
INSERT INTO `I_mission` VALUES ('15','MISSION2','DESC','Joyston','1.b','17');
INSERT INTO `I_mission` VALUES ('16','MISSION3','DESC','Joyston','1.b','17');
INSERT INTO `I_mission` VALUES ('17','MISSION4','DESC','Joyston','1.b','17');
INSERT INTO `I_mission` VALUES ('18','Mimi','Ma Description 2','Carlos','1.b','17');
INSERT INTO `I_mission` VALUES ('19','MaPremièreMission','dfgfgdfgs','Moi','1.b','17');
INSERT INTO `I_mission` VALUES ('20','Vente','La mission c''est de faire de la vente en ligne','Carlos','1.b','15');
INSERT INTO `I_mission` VALUES ('21','Authentifier utilisateur','Le service rendu est d''authentifier l''utilisateur avant de rendre accessible les mots de passe.','Carlos','1.b','25');
INSERT INTO `I_mission` VALUES ('22','Authentifier utilisateur','Desc 1','Carlos','1.b','25');
INSERT INTO `I_mission` VALUES ('23','Authentifier utilisateur','Desx','Carlos','1.b','25');
INSERT INTO `I_mission` VALUES ('57','Protéger des mots de passe','','X','1.b','28');
INSERT INTO `I_mission` VALUES ('85','Générer des mots de passe','Générer des mots de passe','X','1.b','28');
INSERT INTO `I_mission` VALUES ('108','Protéger des mots de passe','','X','1.b','28');
INSERT INTO `I_mission` VALUES ('111','Protéger des mots de passe','','X','1.b','28');
INSERT INTO `I_mission` VALUES ('141','Protéger des mots de passe','Stocker de façon sécurisé des mots de passe','Anthony','1.b','28');
INSERT INTO `I_mission` VALUES ('142','Protéger des mots de passe','Stocker de façon sécurisé des mots de passe','Lucas','1.b','28');
INSERT INTO `I_mission` VALUES ('143','Protéger des mots de passe','Stockage de façon sécurisé des mots de passe','Lucas','1.b','28');
INSERT INTO `I_mission` VALUES ('144','Générer les mots de passe','Générer les mots de passe','Mustapha','1.b','28');
INSERT INTO `I_mission` VALUES ('145','Générer les mots de passe','Générer les mots de passe','Joyston','1.b','28');
INSERT INTO `I_mission` VALUES ('146','Protéger des mots de passe','Protéger des mots de passe','Anthony','1.b','28');
INSERT INTO `I_mission` VALUES ('147','Protéger des mots de passe','Protéger des mots de passe','Anthony','1.b','28');
INSERT INTO `I_mission` VALUES ('148','Protéger des mots de passe','Stocker de façon sécurisé des mots de passe','Anthony','1.b','28');
INSERT INTO `I_mission` VALUES ('149','Protéger des mots de passe','Stocker de façon sécurisé des mots de passe','Anthony','1.b','28');
INSERT INTO `I_mission` VALUES ('156','Ma 1','Desc MA1','R M 1','1.b','104');
INSERT INTO `I_mission` VALUES ('192','Ma 1','Desc MA1','R M 1','1.b','158');
INSERT INTO `I_mission` VALUES ('193','MI 2','Desc MI2','R M 2','1.b','158');
INSERT INTO `I_mission` VALUES ('194','MI 3','Desc MI 3','R M 3','1.b','158');
INSERT INTO `I_mission` VALUES ('324','M 1','cxcvxc','aaa','1.b','158');
INSERT INTO `I_mission` VALUES ('325','ff','fff','fff','1.b','158');
INSERT INTO `I_mission` VALUES ('326','hhh','hhhh','hhh','1.b','158');
INSERT INTO `I_mission` VALUES ('327','Stocker des mots de passe','Service de stockage sécurisé de mot de passe','Carlos','1.b','28');
INSERT INTO `I_mission` VALUES ('328','Récupération des data de l''éolienne','Récupération des data de l''éolienne','Joyston','1.b','209');
INSERT INTO `I_mission` VALUES ('329','Sécurisation des data de l''éolienne','Sécurisation des data de l''éolienne','Joyston','1.b','209');
INSERT INTO `I_mission` VALUES ('330','Enregistrer des comptes','La mission rendue est de pouvoir stocker des mots de passe','Carlos','1.b','212');
INSERT INTO `I_mission` VALUES ('331','Limiter l''accès au coffre fort','L''accès au coffre-fort de mot de passe doit être limité aux personnes habilités','Carlos','1.b','212');
INSERT INTO `I_mission` VALUES ('332','Limiter l''accès au coffre fort','','Carlos','1.b','212');
INSERT INTO `I_mission` VALUES ('333','Enregistrer des comptes','','Carlos','1.b','212');
INSERT INTO `I_mission` VALUES ('334','Mise à jour sécurisé','Le coffre fort doit pouvoir être mis à jourde façon sécurisé','Carlos','1.b','212');
INSERT INTO `I_mission` VALUES ('335','Mise à jour sécurisé','','Carlos','1.b','212');
INSERT INTO `I_mission` VALUES ('336','Démarrage sécurisé','Le coffre fort vérifie que son logiciel est authentique avant de s''executer','Carlos','1.b','212');


DROP TABLE IF EXISTS `J_valeur_metier`;
CREATE TABLE `J_valeur_metier` (
  `id_valeur_metier` int(11) NOT NULL AUTO_INCREMENT,
  `nom_valeur_metier` varchar(100) DEFAULT NULL,
  `nature_valeur_metier` varchar(100) DEFAULT NULL,
  `description_valeur_metier` varchar(1000) DEFAULT NULL,
  `id_atelier` varchar(50) NOT NULL,
  `id_projet` int(11) NOT NULL,
  PRIMARY KEY (`id_valeur_metier`),
  KEY `J_valeur_metier_F_projet0_FK` (`id_projet`),
  KEY `J_valeur_metier_G_atelier_FK` (`id_atelier`),
  CONSTRAINT `J_valeur_metier_F_projet0_FK` FOREIGN KEY (`id_projet`) REFERENCES `F_projet` (`id_projet`) ON DELETE CASCADE ON UPDATE CASCADE,
  CONSTRAINT `J_valeur_metier_G_atelier_FK` FOREIGN KEY (`id_atelier`) REFERENCES `G_atelier` (`id_atelier`) ON DELETE CASCADE ON UPDATE CASCADE
) ENGINE=InnoDB AUTO_INCREMENT=316 DEFAULT CHARSET=utf8mb4;

INSERT INTO `J_valeur_metier` VALUES ('13','Mot de passe','Information','Desc MDP','1.b','15');
INSERT INTO `J_valeur_metier` VALUES ('18','VM1','Processus','VM1','1.b','17');
INSERT INTO `J_valeur_metier` VALUES ('19','VM2','Information','VM2','1.b','17');
INSERT INTO `J_valeur_metier` VALUES ('20','Vente en ligne','Processus','Processus de vente en ligne de produit de grande consommation','1.b','15');
INSERT INTO `J_valeur_metier` VALUES ('21','Mot de passe de connexion','Information','Mot de passe de connexion au coffre fort.','1.b','25');
INSERT INTO `J_valeur_metier` VALUES ('22','Mots de passe à stocker','Information','Les mots de passe que l''utilisateur veut stocker','1.b','25');
INSERT INTO `J_valeur_metier` VALUES ('23','Stocker mot de passe','Processus','Service de stockage sécurisé de mot de passe','1.b','25');
INSERT INTO `J_valeur_metier` VALUES ('24','Authentification','Processus','Service d''authentification','1.b','25');
INSERT INTO `J_valeur_metier` VALUES ('112','Stockage','Processus','Stocker des identifiants et mots de passe','1.b','28');
INSERT INTO `J_valeur_metier` VALUES ('121','Génération','Processus','Générer des mots de passe aléatoire','1.b','28');
INSERT INTO `J_valeur_metier` VALUES ('142','Authentification','Processus','Permet de s''authentifier au logiciel','1.b','28');
INSERT INTO `J_valeur_metier` VALUES ('150','Mots de passe et identifiants stockés','Information','Contient les identifants et mot de passe stockés','1.b','28');
INSERT INTO `J_valeur_metier` VALUES ('189','zaae','Processus','azert','1.b','14');
INSERT INTO `J_valeur_metier` VALUES ('190','Clé de chiffrement','Information','Contient la clé de chiffrement','1.b','25');
INSERT INTO `J_valeur_metier` VALUES ('191','Clé de chiffrement','Information','Contient la clé de chiffrement','1.b','28');
INSERT INTO `J_valeur_metier` VALUES ('192','Mot de passe maitre','Information','Contient le mot de passe maitre','1.b','28');
INSERT INTO `J_valeur_metier` VALUES ('193','Chiffrement','Processus','Système de chiffrement asymétrique','1.b','28');
INSERT INTO `J_valeur_metier` VALUES ('197','WM1','Processus','DESC VM1','1.b','104');
INSERT INTO `J_valeur_metier` VALUES ('219','WM2','Processus','DESC VM1','1.b','158');
INSERT INTO `J_valeur_metier` VALUES ('220','VW2','Information','DEsc VW2','1.b','158');
INSERT INTO `J_valeur_metier` VALUES ('307','VM 3','Processus','Desc VM3\r\n','1.b','158');
INSERT INTO `J_valeur_metier` VALUES ('308','Ma valeur métier','Processus','Valeur métier','1.b','158');
INSERT INTO `J_valeur_metier` VALUES ('309','Data des éoliennes','Information','Données récupérés des éoliennes ','1.b','209');
INSERT INTO `J_valeur_metier` VALUES ('310','VM Mot de passe','Information','VM Desc','1.b','210');
INSERT INTO `J_valeur_metier` VALUES ('311','VM Mot de passe maitre','Processus','VM Desc','1.b','210');
INSERT INTO `J_valeur_metier` VALUES ('312','tggggAAA','Processus','gggg','1.b','15');
INSERT INTO `J_valeur_metier` VALUES ('313','Mot de passe à stocker','Information','Mot de passe que le coffre fort doit stocker','1.b','212');
INSERT INTO `J_valeur_metier` VALUES ('314','Mot de passe du coffre fort','Information','Mot de passe permettant de déverouiller le coffre fort de mot de passe.','1.b','212');
INSERT INTO `J_valeur_metier` VALUES ('315','Clé de vérification de signature','Information','La mise à jour est sécuritée et impose de disposer d''une clé publique de vérification de signature','1.b','212');


DROP TABLE IF EXISTS `K_bien_support`;
CREATE TABLE `K_bien_support` (
  `id_bien_support` int(11) NOT NULL AUTO_INCREMENT,
  `nom_bien_support` varchar(100) DEFAULT NULL,
  `description_bien_support` varchar(1000) DEFAULT NULL,
  `id_atelier` varchar(50) NOT NULL,
  `id_projet` int(11) NOT NULL,
  PRIMARY KEY (`id_bien_support`),
  KEY `K_bien_support_F_projet0_FK` (`id_projet`),
  KEY `K_bien_support_G_atelier_FK` (`id_atelier`),
  CONSTRAINT `K_bien_support_F_projet0_FK` FOREIGN KEY (`id_projet`) REFERENCES `F_projet` (`id_projet`) ON DELETE CASCADE ON UPDATE CASCADE,
  CONSTRAINT `K_bien_support_G_atelier_FK` FOREIGN KEY (`id_atelier`) REFERENCES `G_atelier` (`id_atelier`) ON DELETE CASCADE ON UPDATE CASCADE
) ENGINE=InnoDB AUTO_INCREMENT=240 DEFAULT CHARSET=utf8mb4;

INSERT INTO `K_bien_support` VALUES ('13','Clé usb','Desc BS','1.b','15');
INSERT INTO `K_bien_support` VALUES ('14','Disque','desc disqie','1.b','15');
INSERT INTO `K_bien_support` VALUES ('16','BS1','BS1','1.b','17');
INSERT INTO `K_bien_support` VALUES ('17','BS2','BS2','1.b','17');
INSERT INTO `K_bien_support` VALUES ('18','Ordinateur','PC du bureau 3004','1.b','17');
INSERT INTO `K_bien_support` VALUES ('19','Serveur','Serveur amazon pour la vente en ligne','1.b','15');
INSERT INTO `K_bien_support` VALUES ('20','Disque dur du PC','Le mot de passe est stocké sur le disque dur du PC','1.b','25');
INSERT INTO `K_bien_support` VALUES ('21','Ordinateur','Ordinateur sur lequel est installé l''application','1.b','25');
INSERT INTO `K_bien_support` VALUES ('90','Ordinateur','Il s agit d une application qui permet de lancer l application','1.b','28');
INSERT INTO `K_bien_support` VALUES ('95','Executable','Logiciel de gestionnaire de mot de passe','1.b','28');
INSERT INTO `K_bien_support` VALUES ('123','BS 1','DESC BS1','1.b','104');
INSERT INTO `K_bien_support` VALUES ('143','BS 1','DESC BS1','1.b','158');
INSERT INTO `K_bien_support` VALUES ('144','BS 2','Desc B2','1.b','158');
INSERT INTO `K_bien_support` VALUES ('231','hhhh','hhhh','1.b','158');
INSERT INTO `K_bien_support` VALUES ('232','dddd','ddddd','1.b','158');
INSERT INTO `K_bien_support` VALUES ('233','ddd','ddd','1.b','158');
INSERT INTO `K_bien_support` VALUES ('234','aaaa','aaaa','1.b','158');
INSERT INTO `K_bien_support` VALUES ('235','fff','ffff','1.b','158');
INSERT INTO `K_bien_support` VALUES ('236','ffgdfg','dfgdfgdfgdfg','1.b','158');
INSERT INTO `K_bien_support` VALUES ('237','Eolienne','Eolienne','1.b','209');
INSERT INTO `K_bien_support` VALUES ('238','Memoire Flash','Mémoire Flash permettant de stocker les données non confidentielles','1.b','212');
INSERT INTO `K_bien_support` VALUES ('239','Mémoire RAM','Mémoire RAM de travail du processeur','1.b','212');


DROP TABLE IF EXISTS `L_couple_VMBS`;
CREATE TABLE `L_couple_VMBS` (
  `id_valeur_metier` int(11) NOT NULL,
  `id_bien_support` int(11) NOT NULL,
  `id_mission` int(11) NOT NULL,
  `nom_responsable_vm` varchar(100) DEFAULT NULL,
  `nom_responsable_bs` varchar(100) DEFAULT NULL,
  `id_projet` int(11) NOT NULL,
  PRIMARY KEY (`id_valeur_metier`,`id_bien_support`,`id_mission`),
  KEY `L_couple_VMBS_I_mission1_FK` (`id_mission`),
  KEY `L_couple_VMBS_K_bien_support0_FK` (`id_bien_support`),
  KEY `F_projet_id_projet` (`id_projet`),
  CONSTRAINT `L_couple_VMBS_I_mission1_FK` FOREIGN KEY (`id_mission`) REFERENCES `I_mission` (`id_mission`) ON DELETE CASCADE ON UPDATE CASCADE,
  CONSTRAINT `L_couple_VMBS_J_valeur_metier_FK` FOREIGN KEY (`id_valeur_metier`) REFERENCES `J_valeur_metier` (`id_valeur_metier`) ON DELETE CASCADE ON UPDATE CASCADE,
  CONSTRAINT `L_couple_VMBS_K_bien_support0_FK` FOREIGN KEY (`id_bien_support`) REFERENCES `K_bien_support` (`id_bien_support`) ON DELETE CASCADE ON UPDATE CASCADE
) ENGINE=InnoDB DEFAULT CHARSET=utf8mb4;

INSERT INTO `L_couple_VMBS` VALUES ('13','13','12','Toi','Toto','0');
INSERT INTO `L_couple_VMBS` VALUES ('18','16','14','Joyston','Joyston','0');
INSERT INTO `L_couple_VMBS` VALUES ('18','16','18','Toi','Zaz','0');
INSERT INTO `L_couple_VMBS` VALUES ('18','16','19','fgfdgdf','dfgfdgdf','0');
INSERT INTO `L_couple_VMBS` VALUES ('18','17','16','Joyston','Joyston','0');
INSERT INTO `L_couple_VMBS` VALUES ('19','16','15','Joyston','Joyston','0');
INSERT INTO `L_couple_VMBS` VALUES ('19','17','17','Joyston','Joyston','0');
INSERT INTO `L_couple_VMBS` VALUES ('20','19','20','Carlos','Carlos','0');
INSERT INTO `L_couple_VMBS` VALUES ('21','20','21','Carlos','Carlos','0');
INSERT INTO `L_couple_VMBS` VALUES ('24','20','21','Carlos','Carlos','0');
INSERT INTO `L_couple_VMBS` VALUES ('112','90','141','Anthony','Client','0');
INSERT INTO `L_couple_VMBS` VALUES ('112','95','141','Anthony','Chest-Logger','0');
INSERT INTO `L_couple_VMBS` VALUES ('121','90','145','Joyston','Utilisateur','0');
INSERT INTO `L_couple_VMBS` VALUES ('121','95','144','Mustapha','Chest-Logger','0');
INSERT INTO `L_couple_VMBS` VALUES ('142','90','142','Lucas','Client','0');
INSERT INTO `L_couple_VMBS` VALUES ('142','95','142','Lucas','Chest-Logger','0');
INSERT INTO `L_couple_VMBS` VALUES ('192','90','327','User1','User1','28');
INSERT INTO `L_couple_VMBS` VALUES ('197','123','156','R VM1','R BS 1','104');
INSERT INTO `L_couple_VMBS` VALUES ('219','143','192','R VM1','R BS 1','158');
INSERT INTO `L_couple_VMBS` VALUES ('219','144','194','R VM1','R BS 2','158');
INSERT INTO `L_couple_VMBS` VALUES ('219','144','325','fff','ffff','158');
INSERT INTO `L_couple_VMBS` VALUES ('219','231','326','hhh','hhh','158');
INSERT INTO `L_couple_VMBS` VALUES ('220','143','324','xcvxcv','xcvxcvxc','158');
INSERT INTO `L_couple_VMBS` VALUES ('220','144','193','R VM2','R BS 2','158');
INSERT INTO `L_couple_VMBS` VALUES ('309','237','328','Joyston','Joyston','209');
INSERT INTO `L_couple_VMBS` VALUES ('309','237','329','Joyston','Joyston','209');
INSERT INTO `L_couple_VMBS` VALUES ('313','238','330','Carlos','Carlos','212');
INSERT INTO `L_couple_VMBS` VALUES ('313','239','330','Carlos','Carlos','212');
INSERT INTO `L_couple_VMBS` VALUES ('314','238','331','Carlos','Carlos','212');
INSERT INTO `L_couple_VMBS` VALUES ('314','239','331','Carlos','Carlos','212');
INSERT INTO `L_couple_VMBS` VALUES ('315','238','334','Carlos','Carlos','212');
INSERT INTO `L_couple_VMBS` VALUES ('315','238','336','Carlos','Carlos','212');
INSERT INTO `L_couple_VMBS` VALUES ('315','239','334','Carlos','Carlos','212');


DROP TABLE IF EXISTS `M_evenement_redoute`;
CREATE TABLE `M_evenement_redoute` (
  `id_evenement_redoute` int(11) NOT NULL AUTO_INCREMENT,
  `nom_evenement_redoute` varchar(100) DEFAULT NULL,
  `description_evenement_redoute` varchar(1000) DEFAULT NULL,
  `confidentialite` tinyint(1) DEFAULT NULL,
  `integrite` tinyint(1) DEFAULT NULL,
  `disponibilite` tinyint(1) DEFAULT NULL,
  `tracabilite` tinyint(1) DEFAULT NULL,
  `impact` varchar(1000) DEFAULT NULL,
  `niveau_de_gravite` int(11) DEFAULT NULL,
  `id_valeur_metier` int(11) NOT NULL,
  `id_atelier` varchar(50) NOT NULL,
  `id_projet` int(11) NOT NULL,
  PRIMARY KEY (`id_evenement_redoute`),
  KEY `M_evenement_redoute_F_projet1_FK` (`id_projet`),
  KEY `M_evenement_redoute_G_atelier0_FK` (`id_atelier`),
  KEY `M_evenement_redoute_J_valeur_metier_FK` (`id_valeur_metier`),
  CONSTRAINT `M_evenement_redoute_F_projet1_FK` FOREIGN KEY (`id_projet`) REFERENCES `F_projet` (`id_projet`) ON DELETE CASCADE ON UPDATE CASCADE,
  CONSTRAINT `M_evenement_redoute_G_atelier0_FK` FOREIGN KEY (`id_atelier`) REFERENCES `G_atelier` (`id_atelier`) ON DELETE CASCADE ON UPDATE CASCADE,
  CONSTRAINT `M_evenement_redoute_J_valeur_metier_FK` FOREIGN KEY (`id_valeur_metier`) REFERENCES `J_valeur_metier` (`id_valeur_metier`) ON DELETE CASCADE ON UPDATE CASCADE
) ENGINE=InnoDB AUTO_INCREMENT=177 DEFAULT CHARSET=utf8mb4;

INSERT INTO `M_evenement_redoute` VALUES ('13','MonER','Desc ER','1','1','1','3','Des cimpact','4','13','1.c','15');
INSERT INTO `M_evenement_redoute` VALUES ('18','ER1','ER1','2','1','3','2','Impacts','3','18','1.c','17');
INSERT INTO `M_evenement_redoute` VALUES ('19','Faillite','Perte d''argent','0','0','3','0','','5','20','1.c','15');
INSERT INTO `M_evenement_redoute` VALUES ('20','Vol mot de passe','Vol du mot de passe du coffre fort','3','0','0','0','Accès à l ensemble des comptes protégés','4','21','1.c','25');
INSERT INTO `M_evenement_redoute` VALUES ('21','Vol des mots de passe','Vol des mots de passe stockés','3','0','0','0','Accès aux comptes protégés','5','22','1.c','25');
INSERT INTO `M_evenement_redoute` VALUES ('23','Modification de la fonction de stockage des mots de passe','Modification de la fonction de stockage pour ne plus protéger les mots  de passe.','0','3','0','0','Accès aux mots de passe','5','23','1.c','25');
INSERT INTO `M_evenement_redoute` VALUES ('24','Modification de la fonction d''authentification.','Modification de la fonction d''authentification pour que tous les mots de passe saisis soient acceptés','0','3','0','0','Accès aux mots de passe','5','24','1.c','25');
INSERT INTO `M_evenement_redoute` VALUES ('91','Clé de chiffrement volée','Vol de la clé de chiffrement qui permet de sécuriser les mots de passe','3','3','3','1','Permet de déchiffrer les mots de passe stockés dans le cas où le mot de passe maitre est divulgué','5','191','1.c','28');
INSERT INTO `M_evenement_redoute` VALUES ('93','Vol du mot de passe maitre','Vol du mot de passe du coffre fort','3','3','3','1','Permet d accéder à l intégralité des mots de passe','5','192','1.c','28');
INSERT INTO `M_evenement_redoute` VALUES ('94','Vol des mots de passe du portefeuille','Vol des logins présent dans le portefeuille','3','3','3','2','Accès aux comptes de l''utilisateur','5','150','1.c','28');
INSERT INTO `M_evenement_redoute` VALUES ('95','Modification de la fonction de stockage des mots de passe','Désactiver le chiffrement des mots de passe stockés','1','3','1','1','Permet d accéder à l intégralité des mots de passe','4','112','1.c','28');
INSERT INTO `M_evenement_redoute` VALUES ('96','Modification de la fonction de génération de mot de passe','La fonction de génération de mot de passe n est plus aléatoire','1','3','1','1','Permet d accéder à l intégralité des mots de passe','3','121','1.c','28');
INSERT INTO `M_evenement_redoute` VALUES ('97','Authentification','Modification de la fonction d''authentification rendant toutes les entrées légitimes','2','3','2','1','Accès aux mots de passes de l''utilisateur','5','142','1.c','28');
INSERT INTO `M_evenement_redoute` VALUES ('98','Chiffrement','Modification de la fonction fonction de chiffrement  la rendant obsolète voir indisponible','2','3','2','1','Accès aux mots de passe en clair','4','193','1.c','28');
INSERT INTO `M_evenement_redoute` VALUES ('106','ER 1','Desc ER1','1','1','1','1','Desc Impacts','4','219','1.c','158');
INSERT INTO `M_evenement_redoute` VALUES ('107','ER 2','Desc ER 2','2','2','1','1','Desc Impacts 2','5','220','1.c','158');
INSERT INTO `M_evenement_redoute` VALUES ('170','ER 3','Desc 2','2','3','2','3','Grave','2','307','1.c','158');
INSERT INTO `M_evenement_redoute` VALUES ('171','Perte des données','Perte des données','3','2','3','0','Perte financière','4','309','1.c','209');
INSERT INTO `M_evenement_redoute` VALUES ('172','Perte du mot de passe','ER perte de confidentialité du mot de passe maitre','3','0','0','0','Grave','4','311','1.c','210');
INSERT INTO `M_evenement_redoute` VALUES ('173','Modification du mot de passe maitre','ER modification du mot de passe maitre','0','3','0','0','Capacité de l''attaquant à accéder aux données','4','311','1.c','210');
INSERT INTO `M_evenement_redoute` VALUES ('174','ER1-Publication des mots passe enregistrés','Les mots de passe ne sont plus confidentiels','3','0','0','0','Accès aux services par un tiers non autorisé','4','313','1.c','212');
INSERT INTO `M_evenement_redoute` VALUES ('175','ER2-MotDePasseDuCoffreFort','Les mots de passe ne sont plus confidentiels','3','0','0','0','Un utilisateur non autorisé a accès à l''ensemble des comptes enregistrés','5','314','1.c','212');
INSERT INTO `M_evenement_redoute` VALUES ('176','ER3-ModificationCléSignature','La clé de signature publique officielle est remplacée par une clé non officielle. ','0','0','0','3','Récupération par un attaquant des mots de passe enregistrés','5','315','1.c','212');


DROP TABLE IF EXISTS `N_socle_de_securite`;
CREATE TABLE `N_socle_de_securite` (
  `id_socle_securite` int(11) NOT NULL AUTO_INCREMENT,
  `type_referentiel` varchar(100) DEFAULT NULL,
  `nom_referentiel` varchar(100) DEFAULT NULL,
  `etat_d_application` varchar(100) DEFAULT NULL,
  `etat_de_la_conformite` varchar(100) DEFAULT NULL,
  `id_atelier` varchar(50) NOT NULL,
  `id_projet` int(11) NOT NULL,
  PRIMARY KEY (`id_socle_securite`),
  KEY `N_socle_de_securite_F_projet0_FK` (`id_projet`),
  KEY `N_socle_de_securite_G_atelier_FK` (`id_atelier`),
  CONSTRAINT `N_socle_de_securite_F_projet0_FK` FOREIGN KEY (`id_projet`) REFERENCES `F_projet` (`id_projet`) ON DELETE CASCADE ON UPDATE CASCADE,
  CONSTRAINT `N_socle_de_securite_G_atelier_FK` FOREIGN KEY (`id_atelier`) REFERENCES `G_atelier` (`id_atelier`) ON DELETE CASCADE ON UPDATE CASCADE
) ENGINE=InnoDB AUTO_INCREMENT=103 DEFAULT CHARSET=utf8mb4;

INSERT INTO `N_socle_de_securite` VALUES ('11','Référentiel de sécurité','Cloisonnement système','Appliqué sans restriction','','1.d','15');
INSERT INTO `N_socle_de_securite` VALUES ('12','Référentiel de sécurité','Cloisonnement système','Appliqué sans restriction','','1.d','14');
INSERT INTO `N_socle_de_securite` VALUES ('13','rtrtrr','rtrtrt','Non appliqué','rtrtt','1.d','14');
INSERT INTO `N_socle_de_securite` VALUES ('16','Référentiel de sécurité','Règles de codage','Non appliqué','','1.d','17');
INSERT INTO `N_socle_de_securite` VALUES ('17','Référentiel de sécurité','Guide d''hygiène informatique','Non appliqué','','1.d','17');
INSERT INTO `N_socle_de_securite` VALUES ('18','Référentiel de sécurité','Guide d''hygiène informatique','Appliqué sans restriction','','1.d','15');
INSERT INTO `N_socle_de_securite` VALUES ('19','Référentiel de sécurité','Guide d''hygiène informatique',NULL,NULL,'1.d','25');
INSERT INTO `N_socle_de_securite` VALUES ('22','Référentiel de sécurité','Règles de codage',NULL,NULL,'1.d','25');
INSERT INTO `N_socle_de_securite` VALUES ('29','Guide','Guide de cloisonement ANSSI','Appliqué avec restriction','ou sans restriction a voir','1.d','28');
INSERT INTO `N_socle_de_securite` VALUES ('63','Référentiel de sécurité','Règles de codage','Appliqué avec restriction','Hello','1.d','158');
INSERT INTO `N_socle_de_securite` VALUES ('101','Référentiel de sécurité','Règles de codage',NULL,NULL,'1.d','210');
INSERT INTO `N_socle_de_securite` VALUES ('102','Référentiel de sécurité','Règles de codage',NULL,NULL,'1.d','212');


DROP TABLE IF EXISTS `O_regle`;
CREATE TABLE `O_regle` (
  `id_regle` int(11) NOT NULL AUTO_INCREMENT,
  `id_regle_affichage` varchar(50) NOT NULL,
  `titre` varchar(100) DEFAULT NULL,
  `description` varchar(1000) DEFAULT NULL,
  `etat_de_la_regle` varchar(100) DEFAULT NULL,
  `justification_ecart` varchar(1000) DEFAULT NULL,
  `dates` date DEFAULT NULL,
  `responsable` varchar(100) DEFAULT NULL,
  `id_socle_securite` int(11) NOT NULL,
  `id_projet` int(11) NOT NULL,
  `id_atelier` varchar(50) NOT NULL,
  PRIMARY KEY (`id_regle`,`id_regle_affichage`),
  KEY `O_regle_F_projet0_FK` (`id_projet`),
  KEY `O_regle_G_atelier1_FK` (`id_atelier`),
  KEY `O_regle_N_socle_de_securite_FK` (`id_socle_securite`),
  CONSTRAINT `O_regle_F_projet0_FK` FOREIGN KEY (`id_projet`) REFERENCES `F_projet` (`id_projet`) ON DELETE CASCADE ON UPDATE CASCADE,
  CONSTRAINT `O_regle_G_atelier1_FK` FOREIGN KEY (`id_atelier`) REFERENCES `G_atelier` (`id_atelier`) ON DELETE CASCADE ON UPDATE CASCADE,
  CONSTRAINT `O_regle_N_socle_de_securite_FK` FOREIGN KEY (`id_socle_securite`) REFERENCES `N_socle_de_securite` (`id_socle_securite`) ON DELETE CASCADE ON UPDATE CASCADE
) ENGINE=InnoDB AUTO_INCREMENT=10296 DEFAULT CHARSET=utf8mb4;

INSERT INTO `O_regle` VALUES ('1271','1','Appliquer le principe de moindre privilège dès la conception','Interdire par défaut toute action et procéder à l’autorisation exclusive de ce qui estnécessaire aux tâches constitue la stratégie la plus efficace de mise en œuvre duprincipe de moindre privilège. Il convient de s’y conformer autant que possible dèsla phase de conception du composant.','Non conforme','','0000-00-00','','11','15','1.d');
INSERT INTO `O_regle` VALUES ('1272','2','Tenir compte de ses besoins en cloisonnement dès l''initiation d''un projet','Les besoins en cloisonnement d’un composant doivent faire l’objet d’un diagnosticet être considérés comme des besoins au même titre que les besoins fonctionnels, etce dès le début du projet.',NULL,NULL,NULL,NULL,'11','15','1.d');
INSERT INTO `O_regle` VALUES ('1273','3','Préférer des composants implémentant un cloisonnement pertinent','Lors d’un choix entre différentes solutions, celles qui démontrent la meilleure priseen compte du principe du moindre privilège devront être préférées.',NULL,NULL,NULL,NULL,'11','15','1.d');
INSERT INTO `O_regle` VALUES ('1274','4','Garantir l''intégrité des composants de confiance','Il est impératif de garantir concrètement l’intégrité des composants de confiancepour que la sécurité de l’ensemble du composant soit assurée. Des recommandationsplus précises sont fournies en4.1.',NULL,NULL,NULL,NULL,'11','15','1.d');
INSERT INTO `O_regle` VALUES ('1275','5','Rédiger l''analyse de la sécurité attendue du composant','Une analyse de la sécurité attendue du composant doit faire partie des documentsde conception ou intégration mis à disposition.Elle doit comporter les définitions des quatre éléments cités ci-dessus :\nla liste des biens sensibles à protéger;\nle modèle d’attaquant pris en compte (duquel découle en particulier l’identifica-tion des composants de confiance);\nnle périmètre du composant, c’est-à-dire sa surface d’attaque et sa surface de fric-tion avec le système global;\nnles fonctions de sécurité attendues.',NULL,NULL,NULL,NULL,'11','15','1.d');
INSERT INTO `O_regle` VALUES ('1276','6','Caractériser des usages du composant','Réaliser une liste des usages du composant à partir de ses fonctionnalités et de laliste des ressources auxquelles il accède.',NULL,NULL,NULL,NULL,'11','15','1.d');
INSERT INTO `O_regle` VALUES ('1277','7','Minimiser de la surface d''attaque','Réduire systématiquement la surface d’attaque pour chaque usage, de manière à n’-exposer que les interfaces externes utiles pour l’usage considéré.',NULL,NULL,NULL,NULL,'11','15','1.d');
INSERT INTO `O_regle` VALUES ('1278','8','Cloisonner les usages entre eux','Mettre en place un moniteur de référence en s’appuyant sur les composants de con-fiance pour faire en sorte que chaque usage soit confiné dans un domaine.',NULL,NULL,NULL,NULL,'11','15','1.d');
INSERT INTO `O_regle` VALUES ('1279','9','Minimiser la surface de friction','Réduire systématiquement les actions possibles pour chaque domaine aux seuls be-soins liés à l’usage, c’est-à-dire réduire la surface de friction avec le système global.',NULL,NULL,NULL,NULL,'11','15','1.d');
INSERT INTO `O_regle` VALUES ('1280','10','Considérer le moniteur comme un composant de confiance','Vis-à-vis d’un attaquant de la fonction de sécurité de cloisonnement, le moniteur deréférence fait partie des composants de confiance. Ainsi, il doit respecter les recom-mandations de cette section.',NULL,NULL,NULL,NULL,'11','15','1.d');
INSERT INTO `O_regle` VALUES ('1281','11','Identifier les composants de confiance','Tout composant du système qui dispose d’un privilège lui permettant de porter at-teinte à l’intégrité du moniteur, ou des politiques de sécurité qu’il met en place, est àconsidérer comme faisant partie des composants de confiance vis-à-vis du composantanalysé.Tous ces composants doivent donc vérifier les exigences propres aux composants deconfiance.',NULL,NULL,NULL,NULL,'11','15','1.d');
INSERT INTO `O_regle` VALUES ('1282','12','Concevoir des composants simples et concis','Les composants de confiance doivent être conçus en suivant des spécifications claireset complètes, permettant de définir et combiner des éléments simples (suivant leprincipe « Keep It Short and Simple ») qui facilitent développement et validation.',NULL,NULL,NULL,NULL,'11','15','1.d');
INSERT INTO `O_regle` VALUES ('1283','13','Choisir un langage approprié','Utiliser un langage de programmation fortement typé, qui entre autres prévient lesdébordements de tableau, d’entier, ou l’utilisation de pointeurs invalides, est forte-ment souhaitable pour le développement des composants de confiance.',NULL,NULL,NULL,NULL,'11','15','1.d');
INSERT INTO `O_regle` VALUES ('1284','14','Développer selon un référentiel de sécurité','Un référentiel de développement sécurisé doit être utilisé systématiquement lors dudéveloppement de composants de confiance.La vérification du respect du référentiel de codage doit être assurée.Le respect de cette recommandation est critique dans le cas du choix d’un langagene respectant pas les critères conseillés ci-dessus.',NULL,NULL,NULL,NULL,'11','15','1.d');
INSERT INTO `O_regle` VALUES ('1285','15','Auditer le code de l''implémentation des composants de confiance','L’intégralité du code des composants de confiance devra faire l’objet d’un audit decode par des personnels qui n’en sont pas développeurs, de préférence indépendantsdu projet concerné.',NULL,NULL,NULL,NULL,'11','15','1.d');
INSERT INTO `O_regle` VALUES ('1286','16','Valider l''implémentation des composants de confiance','Des tests fonctionnels complets devront permettre de valider le bon fonctionnementdes fonctions de sécurité implémentées. Une attention particulière sera portée àtester aussi bien les opérations qui doivent être refusées que celles qui doivent êtremenées à bien avec succès.',NULL,NULL,NULL,NULL,'11','15','1.d');
INSERT INTO `O_regle` VALUES ('1287','17','Prouver l''implémentation des composants de confiance','Il est fortement recommandé de compléter les tests par une preuve formelle del’absence d’erreur à l’exécution d’un composant de confiance, par exemple à l’aided’outils d’analyse (statique ou dynamique) pour prévenir certains types de vulnérabilités.',NULL,NULL,NULL,NULL,'11','15','1.d');
INSERT INTO `O_regle` VALUES ('1288','18','Supprimer toute partie inutilisée d''un composant de confiance','Un composant de confiance doit être minimal. Dès que possible, la suppression ducode inutilisé sera privilégiée. A défaut, sa désactivation par configuration sera effectuée.',NULL,NULL,NULL,NULL,'11','15','1.d');
INSERT INTO `O_regle` VALUES ('1289','19','Appliquer des techniques de durcissement aux composants de confiance','Les composants de confiance doivent se voir appliquer des techniques de durcisse-ment à l’état de l’art afin de compliquer l’exploitation d’une vulnérabilité et le dé-tournement du flot de contrôle, comme par exemple :\nprésence de motifs d’intégrité de la pile et du tas (canaris);\nprincipe W+X : au cours de toute son utilisation par le système, une zone mé-moire donnée ne doit pas être inscriptible et exécutable, que ce soit simultané-ment ou non;\nrépartition aléatoire de l’espace d’adressage (ou Address Space Layout Random-ization (ASLR)).',NULL,NULL,NULL,NULL,'11','15','1.d');
INSERT INTO `O_regle` VALUES ('1290','20','Justifier le respect des propriétés fondamentales du moniteur de référence','Le développement, l’intégration et la validation du moniteur de référence doiventpermettre de garantir qu’il vérifie les propriétés suivantes.\n1.Complétude du contrôle exercé: le moniteur est impliqué pour chaque tenta-tive d’accès à une ressource, et ce au moment opportun (i.e. absence d’attaquesTOCTTOU (Time Of Check To Time Of Use), liées à une évolution des propriétésde l’objet entre le moment de la requête au moniteur et l’action effective).\n2.Maintien de l’intégrité du moniteur.\n3.Validation et audit de la politique de sécurité. La possibilité de consulter la poli-tique de sécurité implémentée par le moniteur à un instant donné permettral’audit de celle-ci.Des justifications construites confirmant le respect de ces propriétés doivent figurerdans les documents de conception du composant utilisant le moniteur de référence.',NULL,NULL,NULL,NULL,'11','15','1.d');
INSERT INTO `O_regle` VALUES ('1291','21','Assurer au moniteur de référence un niveau de privilège supérieur à celuides tâches cloisonnées','De manière à préserver l’intégrité du moniteur et des politiques de sécurité qu’il meten application, les tâches cloisonnées ne doivent pas disposer des privilèges néces-saires à la relaxe de la politique de sécurité appliquée.Une façon de garantir ceci est d’assurer que les politiques sont non-modifiables parles tâches cloisonnées et que le moniteur s’exécute à un niveau de privilège supérieurà celui des tâches qu’il cloisonne.',NULL,NULL,NULL,NULL,'11','15','1.d');
INSERT INTO `O_regle` VALUES ('1292','22','Appliquer le principe d''interdiction par défaut','Un moniteur de référence doit être configurable pour que toute action soit interditeà une tâche, sauf à lui être explicitement autorisée.',NULL,NULL,NULL,NULL,'11','15','1.d');
INSERT INTO `O_regle` VALUES ('1293','23','Minimiser le nombre et l''impact des configurations possibles','Dans une démarche de durcissement du moniteur, les options de configuration lais-sées au choix de l’utilisateur (même privilégié) en production doivent être restreintesau strict minimum, de manière à réduire l’impact possible d’une erreur sur la sécuritéglobale du système. Pour les choix laissés à l’utilisateur, les messages d’avertissementsur les conséquences en terme de sécurité doivent être suffisamment explicites.',NULL,NULL,NULL,NULL,'11','15','1.d');
INSERT INTO `O_regle` VALUES ('1294','24','Spécifier le cloisonnement proposé','Pour présenter le cloisonnement mis en place, il est recommandé de procéder de lamanière suivante.\n1.Expliciter les usages identifiés.\n2.Décrire le mécanisme de cloisonnement mis en oeuvre en explicitant ce àquoi correspondent les définitions de tâches, ressources propres et partagéeset moniteur de référence.\n3. Expliciter la politique de sécurité mise en place pour chaque usage.Pour chaque domaine, il faut reprendre la liste des interfaces externes dressées précédem-ment et caractériser les actions autorisées.',NULL,NULL,NULL,NULL,'11','15','1.d');
INSERT INTO `O_regle` VALUES ('1295','25','Assurer l''innocuité du composant pour le système qui l''accueille','Un composant ne doit pas dégrader la sécurité globale du système, notamment enlimitant la mise en place du cloisonnement par d’autres composants utilisés sur lemême système.En particulier, un composant ne doit pas exiger pour fonctionner d’abaisser le niveaude sécurité du système qui l’héberge : le composant doit être compatible avec unniveau de durcissement à l’état de l’art au moment de sa mise en production.',NULL,NULL,NULL,NULL,'11','15','1.d');
INSERT INTO `O_regle` VALUES ('1296','26','Ma règle','Ma description','Non traité','','2020-09-03','','11','15','1.d');
INSERT INTO `O_regle` VALUES ('1297','1','Appliquer le principe de moindre privilège dès la conception','Interdire par défaut toute action et procéder à l’autorisation exclusive de ce qui estnécessaire aux tâches constitue la stratégie la plus efficace de mise en œuvre duprincipe de moindre privilège. Il convient de s’y conformer autant que possible dèsla phase de conception du composant.',NULL,NULL,NULL,NULL,'12','14','1.d');
INSERT INTO `O_regle` VALUES ('1298','2','Tenir compte de ses besoins en cloisonnement dès l''initiation d''un projet','Les besoins en cloisonnement d’un composant doivent faire l’objet d’un diagnosticet être considérés comme des besoins au même titre que les besoins fonctionnels, etce dès le début du projet.',NULL,NULL,NULL,NULL,'12','14','1.d');
INSERT INTO `O_regle` VALUES ('1299','3','Préférer des composants implémentant un cloisonnement pertinent','Lors d’un choix entre différentes solutions, celles qui démontrent la meilleure priseen compte du principe du moindre privilège devront être préférées.',NULL,NULL,NULL,NULL,'12','14','1.d');
INSERT INTO `O_regle` VALUES ('1300','4','Garantir l''intégrité des composants de confiance','Il est impératif de garantir concrètement l’intégrité des composants de confiancepour que la sécurité de l’ensemble du composant soit assurée. Des recommandationsplus précises sont fournies en4.1.',NULL,NULL,NULL,NULL,'12','14','1.d');
INSERT INTO `O_regle` VALUES ('1301','5','Rédiger l''analyse de la sécurité attendue du composant','Une analyse de la sécurité attendue du composant doit faire partie des documentsde conception ou intégration mis à disposition.Elle doit comporter les définitions des quatre éléments cités ci-dessus :\nla liste des biens sensibles à protéger;\nle modèle d’attaquant pris en compte (duquel découle en particulier l’identifica-tion des composants de confiance);\nnle périmètre du composant, c’est-à-dire sa surface d’attaque et sa surface de fric-tion avec le système global;\nnles fonctions de sécurité attendues.',NULL,NULL,NULL,NULL,'12','14','1.d');
INSERT INTO `O_regle` VALUES ('1302','6','Caractériser des usages du composant','Réaliser une liste des usages du composant à partir de ses fonctionnalités et de laliste des ressources auxquelles il accède.',NULL,NULL,NULL,NULL,'12','14','1.d');
INSERT INTO `O_regle` VALUES ('1303','7','Minimiser de la surface d''attaque','Réduire systématiquement la surface d’attaque pour chaque usage, de manière à n’-exposer que les interfaces externes utiles pour l’usage considéré.',NULL,NULL,NULL,NULL,'12','14','1.d');
INSERT INTO `O_regle` VALUES ('1304','8','Cloisonner les usages entre eux','Mettre en place un moniteur de référence en s’appuyant sur les composants de con-fiance pour faire en sorte que chaque usage soit confiné dans un domaine.',NULL,NULL,NULL,NULL,'12','14','1.d');
INSERT INTO `O_regle` VALUES ('1305','9','Minimiser la surface de friction','Réduire systématiquement les actions possibles pour chaque domaine aux seuls be-soins liés à l’usage, c’est-à-dire réduire la surface de friction avec le système global.',NULL,NULL,NULL,NULL,'12','14','1.d');
INSERT INTO `O_regle` VALUES ('1306','10','Considérer le moniteur comme un composant de confiance','Vis-à-vis d’un attaquant de la fonction de sécurité de cloisonnement, le moniteur deréférence fait partie des composants de confiance. Ainsi, il doit respecter les recom-mandations de cette section.',NULL,NULL,NULL,NULL,'12','14','1.d');
INSERT INTO `O_regle` VALUES ('1307','11','Identifier les composants de confiance','Tout composant du système qui dispose d’un privilège lui permettant de porter at-teinte à l’intégrité du moniteur, ou des politiques de sécurité qu’il met en place, est àconsidérer comme faisant partie des composants de confiance vis-à-vis du composantanalysé.Tous ces composants doivent donc vérifier les exigences propres aux composants deconfiance.',NULL,NULL,NULL,NULL,'12','14','1.d');
INSERT INTO `O_regle` VALUES ('1308','12','Concevoir des composants simples et concis','Les composants de confiance doivent être conçus en suivant des spécifications claireset complètes, permettant de définir et combiner des éléments simples (suivant leprincipe « Keep It Short and Simple ») qui facilitent développement et validation.',NULL,NULL,NULL,NULL,'12','14','1.d');
INSERT INTO `O_regle` VALUES ('1309','13','Choisir un langage approprié','Utiliser un langage de programmation fortement typé, qui entre autres prévient lesdébordements de tableau, d’entier, ou l’utilisation de pointeurs invalides, est forte-ment souhaitable pour le développement des composants de confiance.',NULL,NULL,NULL,NULL,'12','14','1.d');
INSERT INTO `O_regle` VALUES ('1310','14','Développer selon un référentiel de sécurité','Un référentiel de développement sécurisé doit être utilisé systématiquement lors dudéveloppement de composants de confiance.La vérification du respect du référentiel de codage doit être assurée.Le respect de cette recommandation est critique dans le cas du choix d’un langagene respectant pas les critères conseillés ci-dessus.',NULL,NULL,NULL,NULL,'12','14','1.d');
INSERT INTO `O_regle` VALUES ('1311','15','Auditer le code de l''implémentation des composants de confiance','L’intégralité du code des composants de confiance devra faire l’objet d’un audit decode par des personnels qui n’en sont pas développeurs, de préférence indépendantsdu projet concerné.',NULL,NULL,NULL,NULL,'12','14','1.d');
INSERT INTO `O_regle` VALUES ('1312','16','Valider l''implémentation des composants de confiance','Des tests fonctionnels complets devront permettre de valider le bon fonctionnementdes fonctions de sécurité implémentées. Une attention particulière sera portée àtester aussi bien les opérations qui doivent être refusées que celles qui doivent êtremenées à bien avec succès.',NULL,NULL,NULL,NULL,'12','14','1.d');
INSERT INTO `O_regle` VALUES ('1313','17','Prouver l''implémentation des composants de confiance','Il est fortement recommandé de compléter les tests par une preuve formelle del’absence d’erreur à l’exécution d’un composant de confiance, par exemple à l’aided’outils d’analyse (statique ou dynamique) pour prévenir certains types de vulnérabilités.',NULL,NULL,NULL,NULL,'12','14','1.d');
INSERT INTO `O_regle` VALUES ('1314','18','Supprimer toute partie inutilisée d''un composant de confiance','Un composant de confiance doit être minimal. Dès que possible, la suppression ducode inutilisé sera privilégiée. A défaut, sa désactivation par configuration sera effectuée.',NULL,NULL,NULL,NULL,'12','14','1.d');
INSERT INTO `O_regle` VALUES ('1315','19','Appliquer des techniques de durcissement aux composants de confiance','Les composants de confiance doivent se voir appliquer des techniques de durcisse-ment à l’état de l’art afin de compliquer l’exploitation d’une vulnérabilité et le dé-tournement du flot de contrôle, comme par exemple :\nprésence de motifs d’intégrité de la pile et du tas (canaris);\nprincipe W+X : au cours de toute son utilisation par le système, une zone mé-moire donnée ne doit pas être inscriptible et exécutable, que ce soit simultané-ment ou non;\nrépartition aléatoire de l’espace d’adressage (ou Address Space Layout Random-ization (ASLR)).',NULL,NULL,NULL,NULL,'12','14','1.d');
INSERT INTO `O_regle` VALUES ('1316','20','Justifier le respect des propriétés fondamentales du moniteur de référence','Le développement, l’intégration et la validation du moniteur de référence doiventpermettre de garantir qu’il vérifie les propriétés suivantes.\n1.Complétude du contrôle exercé: le moniteur est impliqué pour chaque tenta-tive d’accès à une ressource, et ce au moment opportun (i.e. absence d’attaquesTOCTTOU (Time Of Check To Time Of Use), liées à une évolution des propriétésde l’objet entre le moment de la requête au moniteur et l’action effective).\n2.Maintien de l’intégrité du moniteur.\n3.Validation et audit de la politique de sécurité. La possibilité de consulter la poli-tique de sécurité implémentée par le moniteur à un instant donné permettral’audit de celle-ci.Des justifications construites confirmant le respect de ces propriétés doivent figurerdans les documents de conception du composant utilisant le moniteur de référence.',NULL,NULL,NULL,NULL,'12','14','1.d');
INSERT INTO `O_regle` VALUES ('1317','21','Assurer au moniteur de référence un niveau de privilège supérieur à celuides tâches cloisonnées','De manière à préserver l’intégrité du moniteur et des politiques de sécurité qu’il meten application, les tâches cloisonnées ne doivent pas disposer des privilèges néces-saires à la relaxe de la politique de sécurité appliquée.Une façon de garantir ceci est d’assurer que les politiques sont non-modifiables parles tâches cloisonnées et que le moniteur s’exécute à un niveau de privilège supérieurà celui des tâches qu’il cloisonne.',NULL,NULL,NULL,NULL,'12','14','1.d');
INSERT INTO `O_regle` VALUES ('1318','22','Appliquer le principe d''interdiction par défaut','Un moniteur de référence doit être configurable pour que toute action soit interditeà une tâche, sauf à lui être explicitement autorisée.',NULL,NULL,NULL,NULL,'12','14','1.d');
INSERT INTO `O_regle` VALUES ('1319','23','Minimiser le nombre et l''impact des configurations possibles','Dans une démarche de durcissement du moniteur, les options de configuration lais-sées au choix de l’utilisateur (même privilégié) en production doivent être restreintesau strict minimum, de manière à réduire l’impact possible d’une erreur sur la sécuritéglobale du système. Pour les choix laissés à l’utilisateur, les messages d’avertissementsur les conséquences en terme de sécurité doivent être suffisamment explicites.',NULL,NULL,NULL,NULL,'12','14','1.d');
INSERT INTO `O_regle` VALUES ('1320','24','Spécifier le cloisonnement proposé','Pour présenter le cloisonnement mis en place, il est recommandé de procéder de lamanière suivante.\n1.Expliciter les usages identifiés.\n2.Décrire le mécanisme de cloisonnement mis en oeuvre en explicitant ce àquoi correspondent les définitions de tâches, ressources propres et partagéeset moniteur de référence.\n3. Expliciter la politique de sécurité mise en place pour chaque usage.Pour chaque domaine, il faut reprendre la liste des interfaces externes dressées précédem-ment et caractériser les actions autorisées.',NULL,NULL,NULL,NULL,'12','14','1.d');
INSERT INTO `O_regle` VALUES ('1321','25','Assurer l''innocuité du composant pour le système qui l''accueille','Un composant ne doit pas dégrader la sécurité globale du système, notamment enlimitant la mise en place du cloisonnement par d’autres composants utilisés sur lemême système.En particulier, un composant ne doit pas exiger pour fonctionner d’abaisser le niveaude sécurité du système qui l’héberge : le composant doit être compatible avec unniveau de durcissement à l’état de l’art au moment de sa mise en production.',NULL,NULL,NULL,NULL,'12','14','1.d');
INSERT INTO `O_regle` VALUES ('1322','27','sfsdfsdf','sdfsdfsds','','','0000-00-00','','12','14','1.d');
INSERT INTO `O_regle` VALUES ('1546','1','RÈGLE — Application de conventions de codage claires et explicites','Des conventions de codage doivent être définies et documentées pour le logiciel à produire. Ces conventions doivent définir au minimum les points suivants : l’encodage des fichiers sources, la mise en page du code et l’indentation, les types standards à utiliser, le nommage (bibliothèques, fichiers, fonctions, types, variables, . . .), le format de la documentation. Ces conventions doivent être appliquées par chaque développeur.',NULL,NULL,NULL,NULL,'16','17','1.d');
INSERT INTO `O_regle` VALUES ('1547','2','RÈGLE — Seul le codage C conforme au standard est autorisé','Aucune violation des contraintes et de la syntaxe C telles que définies dans les standards C90 ou C99 n’est autorisée.',NULL,NULL,NULL,NULL,'16','17','1.d');
INSERT INTO `O_regle` VALUES ('1548','3','RECOMMANDATION — Maîtrise des actions opérées à la compilation.',' Le développeur doit connaître et documenter les actions associées aux options activées du compilateur y compris en terme d’optimisation de code',NULL,NULL,NULL,NULL,'16','17','1.d');
INSERT INTO `O_regle` VALUES ('1549','4','RÈGLE — Définir précisément les options de compilation','Les options utilisées pour la compilation doivent être précisément définies pour l’ensemble des sources d’un logiciel. Ces options doivent notamment fixer précisément :\n- la version du standard C utilisée (par exemple C99 ou encore C90) ;\n- le nom et la version du compilateur utilisé ;',NULL,NULL,NULL,NULL,'16','17','1.d');
INSERT INTO `O_regle` VALUES ('1550','5','RÈGLE — Utiliser des options de durcissement','L’utilisation d’options de durcissement est obligatoire que ce soit pour imposer la génération d’exécutables relocalisables, une randomization d’adresses efficace ou la protection contre le dépassement de pile entre autres.',NULL,NULL,NULL,NULL,'16','17','1.d');
INSERT INTO `O_regle` VALUES ('1551','6','BONNE PRATIQUE — Utiliser des générateurs de projets pour la compilation.','Vide',NULL,NULL,NULL,NULL,'16','17','1.d');
INSERT INTO `O_regle` VALUES ('1552','7','RÈGLE — Compiler le code sans erreur ni avertissement en activant des options de compilation exigent','Activer le niveau d’avertissement et d’erreur le plus élevé du compilateur et de l’éditeur de liens afin de s’assurer de l’absence de problèmes potentiels liés à l’utilisation incorrecte du langage de programmation et traiter tous les avertissements et toutes les erreurs signalés par le compilateur et l’éditeur de liens pour les éliminer.',NULL,NULL,NULL,NULL,'16','17','1.d');
INSERT INTO `O_regle` VALUES ('1553','8','RECOMMANDATION — Utiliser les options des compilations les plus exigentes','Si une option élevée d’un compilateur n’apparaît pas pertinente pour un développement donné, une justification sera fournie pour expliquer ce choix.',NULL,NULL,NULL,NULL,'16','17','1.d');
INSERT INTO `O_regle` VALUES ('1554','9','RÈGLE — Tout code mis en production doit être compilé en mode release','La compilation en mode release est obligatoire pour une mise en production.',NULL,NULL,NULL,NULL,'16','17','1.d');
INSERT INTO `O_regle` VALUES ('1555','10','RECOMMANDATION — Prêter une attention particulière aux modes debug et release lors de la compilation','L’utilisation des modes debug et release à la compilation doit se faire en toute connaissance des modifications induites en terme de gestion de mémoire et d’optimisation de code. Les différences entre ces deux modes doivent être documentées de manière exhaustive.',NULL,NULL,NULL,NULL,'16','17','1.d');
INSERT INTO `O_regle` VALUES ('1556','11','RECOMMANDATION — Limiter et justifier les inclusions de fichier d''en-tête dans un autre fichier d''en','Vide',NULL,NULL,NULL,NULL,'16','17','1.d');
INSERT INTO `O_regle` VALUES ('1557','12','RECOMMANDATION — Limiter et justifier les inclusions de fichier d''en-tête dans un autre fichier d''en','Vide',NULL,NULL,NULL,NULL,'16','17','1.d');
INSERT INTO `O_regle` VALUES ('1558','13','RÈGLE — Utiliser des macros de garde d''inclusion multiple d''un fichier','Une macro de garde contre l’inclusion multiple d’un fichier doit être utilisée afin d’empêcher que le contenu d’un fichier d’en-tête soit inclus plus d’une fois :\n// début du fichier d''en -tête\n#ifndef HEADER_H\n#define HEADER_H\n/* contenu du fichier */\n#endif\n//fin du fichier d''en -tête',NULL,NULL,NULL,NULL,'16','17','1.d');
INSERT INTO `O_regle` VALUES ('1559','14','RÈGLE — Les inclusions de fichiers d''en-tête sont groupées en début de fichier','Toutes les inclusions de fichiers d’en-tête doivent être regroupées au début du fichier ou juste après des commentaires ou les directives de preprocessing, mais systématiquement avant la définition de variables globales ou de fonctions.',NULL,NULL,NULL,NULL,'16','17','1.d');
INSERT INTO `O_regle` VALUES ('1560','15','RECOMMANDATION — Les inclusions de fichiers d''en-tête systèmes sont effectuées avant les inclusions ','Vide',NULL,NULL,NULL,NULL,'16','17','1.d');
INSERT INTO `O_regle` VALUES ('1561','16','BONNE PRATIQUE — Utiliser l''ordre alphabétique dans l''inclusion de chaque type de fichiers d''en-tête','Pour éviter les redondances dans les inclusions de fichiers d’en-tête systèmes ou utilisateur, le développeur peut les ordonner par ordre alphabétique ce qui permet d’avoir un ordre d’inclusion déterministe et de faciliter la revue de code.',NULL,NULL,NULL,NULL,'16','17','1.d');
INSERT INTO `O_regle` VALUES ('1562','17','RÈGLE — Ne pas inclure un fichier source dans un autre fichier source','Seule l’inclusion de fichiers d’en-tête est autorisée dans un fichier source.',NULL,NULL,NULL,NULL,'16','17','1.d');
INSERT INTO `O_regle` VALUES ('1563','18','RÈGLE — Les chemins des fichiers doivent être portables et la casse doit être respectée','Les chemins de fichiers, que ce soit pour une directive d’inclusion #include ou non, doivent être portables tout en respectant la casse des répertoires.',NULL,NULL,NULL,NULL,'16','17','1.d');
INSERT INTO `O_regle` VALUES ('1564','19','RÈGLE — Le nom d''un fichier d''en-tête ne doit pas contenir certains caractères ou séquences de carac','Le nom d’un fichier d’en-tête doit être exempt des caractères et des séquences de caractères suivants : « '', ", \\, /* et // ».',NULL,NULL,NULL,NULL,'16','17','1.d');
INSERT INTO `O_regle` VALUES ('1565','20','RECOMMANDATION — Les blocs préprocesseurs doivent être commentés','Les directives des blocs préprocesseurs doivent être commentées afin d’expliciter le cas traité et pour les directives « intermédiaires » et « fermantes », celles-ci doivent aussi être associées à la directive « ouvrante » correspondante par le biais d’un commentaire.',NULL,NULL,NULL,NULL,'16','17','1.d');
INSERT INTO `O_regle` VALUES ('1566','21','BONNE PRATIQUE — La double négation dans l''expression des conditions des blocs préprocesseurs doit ê','Vide',NULL,NULL,NULL,NULL,'16','17','1.d');
INSERT INTO `O_regle` VALUES ('1567','22','RÈGLE — Définition d''un bloc préprocesseur dans un seul et même fichier','Pour un bloc préprocesseur, toutes les directives associées doivent se trouver dans le même fichier.',NULL,NULL,NULL,NULL,'16','17','1.d');
INSERT INTO `O_regle` VALUES ('1568','23','RECOMMANDATION — Les expressions de contrôle des directives de preprocessing doivent être bien formé','Les expressions de contrôle doivent être évaluées uniquement à 0 ou 1 et doivent utiliser uniquement des identifiants définis (via #define).',NULL,NULL,NULL,NULL,'16','17','1.d');
INSERT INTO `O_regle` VALUES ('1569','24','RÈGLE — Ne pas utiliser dans une même expression plus d''un des opérateurs de preprocessing # et ##','Vide',NULL,NULL,NULL,NULL,'16','17','1.d');
INSERT INTO `O_regle` VALUES ('1570','25','RÈGLE — Utiliser les opérateurs de preprocessing # et ## en maîtrisant leur expansion','Vide',NULL,NULL,NULL,NULL,'16','17','1.d');
INSERT INTO `O_regle` VALUES ('1571','26','RÈGLE — Les macros doivent être nommées de façon spécifique','Pour différencier aisément les macros des fonctions et ne pas utiliser un nom réservé d’une autre macro C, les macros préprocesseurs doivent être en capitales et les mots composant le nom séparés par le caractère souligné « _ » mais sans les faire débuter par le caractère souligné car il s’agit d’une convention pour les noms réservés du langage C.',NULL,NULL,NULL,NULL,'16','17','1.d');
INSERT INTO `O_regle` VALUES ('1572','27','RÈGLE — Ne pas terminer une macro par un point-virgule','Le point-virgule final doit être omis à la fin de la définition d’une macro.',NULL,NULL,NULL,NULL,'16','17','1.d');
INSERT INTO `O_regle` VALUES ('1573','28','Le point-virgule final doit être omis à la fin de la définition d’une macro.','Vide',NULL,NULL,NULL,NULL,'16','17','1.d');
INSERT INTO `O_regle` VALUES ('1574','29','RÈGLE — L''expansion d''une macro définie par le développeur ne doit pas créer de fonction','Vide',NULL,NULL,NULL,NULL,'16','17','1.d');
INSERT INTO `O_regle` VALUES ('1575','30','RÈGLE — Les macros contenant plusieurs instructions doivent utiliser une boucle do { ... } while(0) ','Vide',NULL,NULL,NULL,NULL,'16','17','1.d');
INSERT INTO `O_regle` VALUES ('1576','31','RÈGLE — Parenthèses obligatoires autour des paramètres utilisés dans le corps d''une macro','Les paramètres d’une macro doivent systématiquement être entourés de parenthèses lors de leur utilisation, afin de préserver l’ordre souhaité d’évaluation des expressions.',NULL,NULL,NULL,NULL,'16','17','1.d');
INSERT INTO `O_regle` VALUES ('1577','32','RECOMMANDATION — Il faut éviter les arguments d''une macro réalisant une opération','Vide',NULL,NULL,NULL,NULL,'16','17','1.d');
INSERT INTO `O_regle` VALUES ('1578','33','RÈGLE — Les arguments d''une macro ne doivent pas contenir d''effets de bord.','Des arguments de macro avec des effets de bord peuvent entraîner des évaluations multiples non désirées.',NULL,NULL,NULL,NULL,'16','17','1.d');
INSERT INTO `O_regle` VALUES ('1579','34','RÈGLE — Ne pas utiliser de directives de preprocessing en arguments d''une macro','Vide',NULL,NULL,NULL,NULL,'16','17','1.d');
INSERT INTO `O_regle` VALUES ('1580','35','RÈGLE — La directive #undef ne doit pas être utilisée','Vide',NULL,NULL,NULL,NULL,'16','17','1.d');
INSERT INTO `O_regle` VALUES ('1581','36','RÈGLE — Ne pas utiliser de trigraphes','Vide',NULL,NULL,NULL,NULL,'16','17','1.d');
INSERT INTO `O_regle` VALUES ('1582','37','RECOMMANDATION — Les points d''interrogation ne doivent pas être utilisés de façon successive','Cette règle s’applique pour toute partie du code mais aussi pour les commentaires.',NULL,NULL,NULL,NULL,'16','17','1.d');
INSERT INTO `O_regle` VALUES ('1583','38','RECOMMANDATION — Seules les déclarations multiples de variables simples de même type sont autorisées','Vide',NULL,NULL,NULL,NULL,'16','17','1.d');
INSERT INTO `O_regle` VALUES ('1584','39','RÈGLE — Ne pas faire de déclaration multiple de variables associée à une initialisation.','Les initialisations associées (i.e. consécutives et dans une même instruction) à une déclaration multiple sont interdites.',NULL,NULL,NULL,NULL,'16','17','1.d');
INSERT INTO `O_regle` VALUES ('1585','40','RECOMMANDATION — Regrouper les déclarations de variables en début du bloc dans lequel elles sont uti','Pour des questions de lisibilité et pour éviter les redéfinitions, les déclarations de variables sont regroupées en début de fichier, fonction ou bloc d’instructions selon leur portée.',NULL,NULL,NULL,NULL,'16','17','1.d');
INSERT INTO `O_regle` VALUES ('1586','41','RÈGLE — Ne pas utiliser des valeurs en dur','Les valeurs utilisées dans le code doivent être déclarées comme des constantes.',NULL,NULL,NULL,NULL,'16','17','1.d');
INSERT INTO `O_regle` VALUES ('1587','42','BONNE PRATIQUE — Centraliser la déclaration des constantes en début de fichier','Pour faciliter la lecture, les constantes sont déclarées ensemble en début du fichier.',NULL,NULL,NULL,NULL,'16','17','1.d');
INSERT INTO `O_regle` VALUES ('1588','43','RÈGLE — Déclarer les constantes en capitales','Vide',NULL,NULL,NULL,NULL,'16','17','1.d');
INSERT INTO `O_regle` VALUES ('1589','44','RÈGLE — Les constantes sans contrôle de type sont déclarées avec la macro préprocesseur de définitio','Vide',NULL,NULL,NULL,NULL,'16','17','1.d');
INSERT INTO `O_regle` VALUES ('1590','45','RÈGLE — Les constantes avec un contrôle de type explicite doivent être déclarées avec le mot clé con','Vide',NULL,NULL,NULL,NULL,'16','17','1.d');
INSERT INTO `O_regle` VALUES ('1591','46','RÈGLE — Les valeurs constantes doivent être associées à un suffixe dépendant du type','Pour éviter toute mauvaise interprétation, les valeurs constantes doivent utiliser un suffixe selon leurs types :\n il faut utiliser le suffixe U pour toutes les constantes de type entier non signé ; \n pour indiquer une constante de type long (ou long long pour C99), il faut utiliser le suffixe L (resp. LL) et non l (resp. ll) afin d’éviter toute ambiguïté avec le chiffre 1 ;\n les valeurs flottantes sont par défaut considérées comme double, il faut utiliser le suffixe f pour le type float (resp. d pour le type double).',NULL,NULL,NULL,NULL,'16','17','1.d');
INSERT INTO `O_regle` VALUES ('1592','47','RÈGLE — La taille du type associé à une expression constante doit être suffisante pour la contenir','Il faut s’assurer que les valeurs ou expressions constantes utilisées ne dépassent pas du type qui leur est associé.',NULL,NULL,NULL,NULL,'16','17','1.d');
INSERT INTO `O_regle` VALUES ('1593','48','RECOMMANDATION — Proscrire les constantes en octal','Ne pas utiliser de constante ni de séquence d’échappement en octal.',NULL,NULL,NULL,NULL,'16','17','1.d');
INSERT INTO `O_regle` VALUES ('1594','49','RÈGLE — Limiter les variables globales au strict nécessaire','Limiter l’usage des variables globales et préférer les paramètres de fonctions pour propager une structure de données au travers d’une application.',NULL,NULL,NULL,NULL,'16','17','1.d');
INSERT INTO `O_regle` VALUES ('1595','50','RÈGLE — Utilisation systématique du modificateur de déclaration static','Utiliser le mot clef static pour toutes les fonctions et variables globales qui ne sont pas utilisées à l’extérieur du fichier source dans lequel elles sont définies.',NULL,NULL,NULL,NULL,'16','17','1.d');
INSERT INTO `O_regle` VALUES ('1596','51','RÈGLE — Seules les variables modifiables en dehors de l''implémentation doivent être déclarées volati','Seules les variables associées à des ports entrée/sortie ou des fonctions d’interruption asynchrone doivent être déclarées comme volatile pour empêcher toute optimisation ou réorganisation à la compilation.',NULL,NULL,NULL,NULL,'16','17','1.d');
INSERT INTO `O_regle` VALUES ('1597','52','RÈGLE — Seuls des pointeurs spécifiés volatile peuvent accéder à des variables volatile','Vide',NULL,NULL,NULL,NULL,'16','17','1.d');
INSERT INTO `O_regle` VALUES ('1598','53','RÈGLE — Aucune omission de type n''est acceptée lors de la déclaration d''une variable','Toutes les variables utilisées doivent avoir été préalablement déclarées de façon explicite.',NULL,NULL,NULL,NULL,'16','17','1.d');
INSERT INTO `O_regle` VALUES ('1599','54','RECOMMANDATION — Limiter l''utilisation des compound literals','Du fait du risque de mauvaise manipulation des compound literals, leur utilisation doit être limitée, documentée et une attention particulière doit être donnée à leur portée.',NULL,NULL,NULL,NULL,'16','17','1.d');
INSERT INTO `O_regle` VALUES ('1600','55','RÈGLE — Ne pas mélanger des constantes explicites et implicites dans une énumération','Il faut soit expliciter toutes les constantes d’une énumération avec une valeur unique soit n’en expliciter aucune.',NULL,NULL,NULL,NULL,'16','17','1.d');
INSERT INTO `O_regle` VALUES ('1601','56','RÈGLE — Ne pas utiliser des énumérations anonymes','Vide',NULL,NULL,NULL,NULL,'16','17','1.d');
INSERT INTO `O_regle` VALUES ('1602','57','RECOMMANDATION — Les variables doivent être initialisées à la déclaration ou immédiatement après','Toutes les variables doivent être systématiquement initialisées à leur déclaration ou immédiatement après dans le cas de déclarations multiples.',NULL,NULL,NULL,NULL,'16','17','1.d');
INSERT INTO `O_regle` VALUES ('1603','58','RÈGLE — Ne pas mélanger les différents types d''initialisation pour les variables structurées','Pour l’initialisation d’une variable structurée, un seul et unique type d’initialisation doit être choisi et utilisé.',NULL,NULL,NULL,NULL,'16','17','1.d');
INSERT INTO `O_regle` VALUES ('1604','59','RÈGLE — Les variables structurées ne doivent pas être initialisées sans expliciter la valeur d''initi','Les variables non scalaires doivent être initialisées explicitement : chaque élément doit être initialisé en étant clairement identifié sans valeur d’initialisation superflue ou la notation ={0} ; peut être utilisée à la déclaration. Enfin les tailles des tableaux doivent être explicitées à l’initialisation.',NULL,NULL,NULL,NULL,'16','17','1.d');
INSERT INTO `O_regle` VALUES ('1605','60','RECOMMANDATION — Chaque déclaration publique (non static) doit être utilisée','Toutes les déclarations publiques (i.e. non static) doivent être utilisées, qu’il s’agissede variables, fonctions, labels ou autres.',NULL,NULL,NULL,NULL,'16','17','1.d');
INSERT INTO `O_regle` VALUES ('1606','61','RÈGLE — Utiliser des variables pour les données sensibles distinctes des variables pour les données ','Vide',NULL,NULL,NULL,NULL,'16','17','1.d');
INSERT INTO `O_regle` VALUES ('1607','62','RÈGLE — Utiliser des variables pour les données sensibles et protégées en confidentialité et/ou inté','Vide',NULL,NULL,NULL,NULL,'16','17','1.d');
INSERT INTO `O_regle` VALUES ('1608','63','RÈGLE — Ne jamais coder en dur une donnée sensible.','Vide',NULL,NULL,NULL,NULL,'16','17','1.d');
INSERT INTO `O_regle` VALUES ('1609','64','RECOMMANDATION — Seuls des types d''entiers dont la taille et le signe sont explicites doivent être u','Vide',NULL,NULL,NULL,NULL,'16','17','1.d');
INSERT INTO `O_regle` VALUES ('1610','65','RÈGLE — Seuls les types signed char et unsigned char doivent être utilisés.','Vide',NULL,NULL,NULL,NULL,'16','17','1.d');
INSERT INTO `O_regle` VALUES ('1611','66','RECOMMANDATION — Ne pas redéfinir des alias de types','Vide',NULL,NULL,NULL,NULL,'16','17','1.d');
INSERT INTO `O_regle` VALUES ('1612','67','RÈGLE — Compréhension fine et précise des règles de conversions','Le développeur se doit de connaître et comprendre toutes les règles de conversionimplicites des types entiers.',NULL,NULL,NULL,NULL,'16','17','1.d');
INSERT INTO `O_regle` VALUES ('1613','68','RÈGLE — Conversions explicites entre des types signés et non signés','Proscrire les conversions implicites de types. Utiliser des conversions explicites notamment entre type signé et type non signé.',NULL,NULL,NULL,NULL,'16','17','1.d');
INSERT INTO `O_regle` VALUES ('1614','69','RECOMMANDATION — Ne pas utiliser de transtypage de pointeurs sur des types structurés différents','Vide',NULL,NULL,NULL,NULL,'16','17','1.d');
INSERT INTO `O_regle` VALUES ('1615','70','RÈGLE — L''accès aux éléments d''un tableau se fera toujours en désignant en premier attribut le table','L’accès au ième élément d’un tableau s’écrira toujours avec le nom du tableau en premier suivi de l’indice de la case à atteindre.',NULL,NULL,NULL,NULL,'16','17','1.d');
INSERT INTO `O_regle` VALUES ('1616','71','RECOMMANDATION — L''accès aux éléments d''un tableau doit se faire en utilisant les crochets','Dans le cas d’une variable de type tableau, la notation dédiée (via les crochets) doit être utilisée pour éviter toute ambiguïté.',NULL,NULL,NULL,NULL,'16','17','1.d');
INSERT INTO `O_regle` VALUES ('1617','72','RÈGLE — Ne pas utiliser de VLA','Vide',NULL,NULL,NULL,NULL,'16','17','1.d');
INSERT INTO `O_regle` VALUES ('1618','73','RECOMMANDATION — Ne pas utiliser de taille implicite pour les tableaux','Afin de s’assurer que les accès tableaux sont bien valides, la taille de ceux-ci doit être explicitée.',NULL,NULL,NULL,NULL,'16','17','1.d');
INSERT INTO `O_regle` VALUES ('1619','74','RÈGLE — Utiliser des entiers non signés pour les tailles de tableaux','Vide',NULL,NULL,NULL,NULL,'16','17','1.d');
INSERT INTO `O_regle` VALUES ('1620','75','RÈGLE — Ne pas accèder à un élément de tableau sans vérifier la validité de l''indice utilisé','La validité des indices de tableau utilisés doit être vérifié de façon systématique : un indice de tableau est valide s’il est supérieur ou égal à zéro et strictement inférieur à la taille déclarée du tableau. Dans le cas d’un tableau de caractères, le caractère de fin de chaine ’\\0’ doit être pris en compte.',NULL,NULL,NULL,NULL,'16','17','1.d');
INSERT INTO `O_regle` VALUES ('1621','76','RÈGLE — Un pointeur NULL ne doit pas être déréférencé','Avant de déréférencer un pointeur, le développeur doit s’assurer que celui-ci n’est pas NULL.',NULL,NULL,NULL,NULL,'16','17','1.d');
INSERT INTO `O_regle` VALUES ('1622','77','RÈGLE — Un pointeur doit être affecté à NULL après désallocation','Un pointeur doit être systématiquement affecté à NULL suite à la désallocation de la mémoire qu’il pointe.',NULL,NULL,NULL,NULL,'16','17','1.d');
INSERT INTO `O_regle` VALUES ('1623','78','RÈGLE — Ne pas utiliser le qualificateur de pointeur restrict','Le qualificateur restrict ne doit pas être utilisé directement par le développeur. Seule l’utilisation indirecte i.e. via l’appel de fonctions de la bibliothèque standard est tolérée mais le développeur devra s’assurer qu’aucun comportement indéfini résultera de l’utilisation de telles fonctions.',NULL,NULL,NULL,NULL,'16','17','1.d');
INSERT INTO `O_regle` VALUES ('1624','79','RECOMMANDATION — Le nombre de niveau d''indirections de pointeur doit être limité à deux','Le nombre d’indirections pour un pointeur ne doit pas dépasser deux niveaux.',NULL,NULL,NULL,NULL,'16','17','1.d');
INSERT INTO `O_regle` VALUES ('1625','80','RECOMMANDATION — Préférer l''utilisation de l''opérateur d''indirection ->','L’opérateur d’indirection -> doit être utilisé pour atteindre les champs d’une structure par l’intermédiaire d’un pointeur.',NULL,NULL,NULL,NULL,'16','17','1.d');
INSERT INTO `O_regle` VALUES ('1626','81','RÈGLE — Seul l''incrément ou le décrément de pointeurs de tableaux est autorisé','L’incrément ou le décrément de pointeurs ne doit être utilisé que sur des pointeurs représentant un tableau ou un élément d’un tableau.',NULL,NULL,NULL,NULL,'16','17','1.d');
INSERT INTO `O_regle` VALUES ('1627','82','RÈGLE — Aucune arithmétique sur les pointeurs void* n''est autorisée','Il faut proscrire l’utilisation de toute arithmétique sur des pointeurs de type void*.',NULL,NULL,NULL,NULL,'16','17','1.d');
INSERT INTO `O_regle` VALUES ('1628','83','RECOMMANDATION — Arithmétique des pointeurs sur tableaux contrôlée','L’arithmétique sur des pointeurs représentant un tableau ou un élément d’un tableau doit être faite en s’assurant que le pointeur résultant pointera toujours sur un élément du même tableau.',NULL,NULL,NULL,NULL,'16','17','1.d');
INSERT INTO `O_regle` VALUES ('1629','84','RÈGLE — Soustraction et comparaison entre pointeurs d''un même tableau uniquement','Seules les soustractions et comparaisons de pointeurs sur un même tableau sont autorisés.',NULL,NULL,NULL,NULL,'16','17','1.d');
INSERT INTO `O_regle` VALUES ('1630','85','RECOMMANDATION — Il ne faut pas affecter directement une adresse fixe à un pointeur.','Vide',NULL,NULL,NULL,NULL,'16','17','1.d');
INSERT INTO `O_regle` VALUES ('1631','86','RÈGLE — Une structure doit être utilisée pour regrouper les données représentant une même entité','Les données liées doivent être regroupées au sein d’une structure.',NULL,NULL,NULL,NULL,'16','17','1.d');
INSERT INTO `O_regle` VALUES ('1632','87','RÈGLE — Ne pas calculer la taille d''une structure comme la somme de la taille de ses champs','Du fait du padding, la taille d’une structure ne doit pas être supposée comme la somme de la taille de ses champs.',NULL,NULL,NULL,NULL,'16','17','1.d');
INSERT INTO `O_regle` VALUES ('1633','88','RÈGLE — Tout bitfield doit obligatoirement être déclaré explicitement comme non signé','Vide',NULL,NULL,NULL,NULL,'16','17','1.d');
INSERT INTO `O_regle` VALUES ('1634','89','RÈGLE — Ne pas faire d''hypothèse sur la représentation interne de structures avec des bitfields','Vide',NULL,NULL,NULL,NULL,'16','17','1.d');
INSERT INTO `O_regle` VALUES ('1635','90','RÈGLE — Ne pas utiliser les FAM','Vide',NULL,NULL,NULL,NULL,'16','17','1.d');
INSERT INTO `O_regle` VALUES ('1636','91','RECOMMANDATION — Ne pas utiliser les unions','L’utilisation du même espace mémoire pour plusieurs données de natures différentes n’est pas autorisée.',NULL,NULL,NULL,NULL,'16','17','1.d');
INSERT INTO `O_regle` VALUES ('1637','92','RÈGLE — Supprimer tous les débordements de valeurs possibles pour des entiers signés.','Vide',NULL,NULL,NULL,NULL,'16','17','1.d');
INSERT INTO `O_regle` VALUES ('1638','93','RECOMMANDATION — Détecter tous les wraps possibles de valeurs pour les entiers non signés.','vide',NULL,NULL,NULL,NULL,'16','17','1.d');
INSERT INTO `O_regle` VALUES ('1639','94','RÈGLE — Détecter et supprimer toute potentielle division par zéro','Cette vérification doit être systématique pour tout calcul de division ou de reste de division.',NULL,NULL,NULL,NULL,'16','17','1.d');
INSERT INTO `O_regle` VALUES ('1640','95','RECOMMANDATION — Les opérations arithmétiques doivent être écrites en favorisant leur lisibilité','Il faut utiliser des opérations arithmétiques le plus explicites possibles (naturelles) et dans la logique du programme.',NULL,NULL,NULL,NULL,'16','17','1.d');
INSERT INTO `O_regle` VALUES ('1641','96','RECOMMANDATION — Les opérateurs logiques ne doivent pas être appliqués avec des opérandes signés','Vide',NULL,NULL,NULL,NULL,'16','17','1.d');
INSERT INTO `O_regle` VALUES ('1642','97','RÈGLE — Explicitation de l''ordre d''évaluation des calculs par utilisation de parenthèses','Malgré la priorité des opérateurs, pour éviter toute ambiguïté, les expressions seront entourées de parenthèses pour rendre plus explicite l’ordre d’évaluation d’un calcul.',NULL,NULL,NULL,NULL,'16','17','1.d');
INSERT INTO `O_regle` VALUES ('1643','98','RECOMMANDATION — Eviter les expressions de comparaison ou d''égalité multiple','Vide',NULL,NULL,NULL,NULL,'16','17','1.d');
INSERT INTO `O_regle` VALUES ('1644','99','RÈGLE — Toujours utiliser les parenthèses dans les expressions de comparaison ou d''égalité multiple','Les expressions booléennes de comparaison ou d’égalité contenant au moins 2 opérateurs relationnels sont interdites sans parenthèse.',NULL,NULL,NULL,NULL,'16','17','1.d');
INSERT INTO `O_regle` VALUES ('1645','100','RÈGLE — Parenthèses autour des éléments d''une expression booléenne','Il est nécessaire de toujours mettre entre parenthèses les différents éléments d’une expression booléenne, afin qu’il n’y ait aucune ambiguïté dans l’ordre d’évaluation.',NULL,NULL,NULL,NULL,'16','17','1.d');
INSERT INTO `O_regle` VALUES ('1646','101','RÈGLE — Comparaison implicite avec 0 interdite','Toutes les expressions booléennes doivent utiliser des opérateurs de comparaison. Aucun test implicite avec une valeur égale à 0 ou différente de 0 ne doit être effectué.',NULL,NULL,NULL,NULL,'16','17','1.d');
INSERT INTO `O_regle` VALUES ('1647','102','RECOMMANDATION — Utilisation du type bool en C99','En C99, le type bool (ou _Bool) doit être utilisé pour les variables à valeurs booléennes.',NULL,NULL,NULL,NULL,'16','17','1.d');
INSERT INTO `O_regle` VALUES ('1648','103','RÈGLE — Pas d''opérateur bit-à-bit sur un opérande de type booléen ou assimilé','Vide',NULL,NULL,NULL,NULL,'16','17','1.d');
INSERT INTO `O_regle` VALUES ('1649','104','BONNE PRATIQUE — Ne pas utiliser la valeur retournée lors d''une affectation','Vide',NULL,NULL,NULL,NULL,'16','17','1.d');
INSERT INTO `O_regle` VALUES ('1650','105','RÈGLE — Affectation interdite dans une expression booléenne','Une affectation ne doit pas être effectuée dans une expression booléenne quelle qu’elle soit. Une affectation doit être effectuée dans une instruction indépendante.',NULL,NULL,NULL,NULL,'16','17','1.d');
INSERT INTO `O_regle` VALUES ('1651','106','BONNE PRATIQUE — Comparaison avec opérande constant à gauche','Quand une comparaison fait intervenir un opérande constant celui-ci sera de préférence mis comme opérande gauche pour éviter une affectation non intentionnelle.',NULL,NULL,NULL,NULL,'16','17','1.d');
INSERT INTO `O_regle` VALUES ('1652','107','RÈGLE — Affectation multiple de variables interdite','L’affectation multiple de variables n’est pas autorisée.',NULL,NULL,NULL,NULL,'16','17','1.d');
INSERT INTO `O_regle` VALUES ('1653','108','RÈGLE — Une seule instruction par ligne de code','Vide',NULL,NULL,NULL,NULL,'16','17','1.d');
INSERT INTO `O_regle` VALUES ('1654','108','BONNE PRATIQUE — Éviter les constantes flottantes','Ne pas utiliser de constantes numériques flottantes pour éviter les pertes de précision et autres phénomènes liés aux nombres flottants. Si cela ne peut être évité, la représentativité de la valeur flottante en question doit être vérifiée.',NULL,NULL,NULL,NULL,'16','17','1.d');
INSERT INTO `O_regle` VALUES ('1655','110','RECOMMANDATION — Limiter l''utilisation des nombres flottants au strict nécessaire','Il faut limiter l’utilisation des nombres flottants.',NULL,NULL,NULL,NULL,'16','17','1.d');
INSERT INTO `O_regle` VALUES ('1656','111','RÈGLE — Pas de compteur de boucle de type flottant','Les compteurs de boucle doivent être uniquement de type entier, avec la vérification de non débordement de type des valeurs des compteurs.',NULL,NULL,NULL,NULL,'16','17','1.d');
INSERT INTO `O_regle` VALUES ('1657','112','RÈGLE — Ne pas utiliser de nombres flottants pour des comparaisons d''égalité ou d''inégalité','Vide',NULL,NULL,NULL,NULL,'16','17','1.d');
INSERT INTO `O_regle` VALUES ('1658','113','RECOMMANDATION — Non utilisation des nombres complexes','Les nombres complexes introduits depuis C99 ne doivent pas être utilisés.',NULL,NULL,NULL,NULL,'16','17','1.d');
INSERT INTO `O_regle` VALUES ('1659','114','RÈGLE — Utilisation systématique des accolades pour les conditionnelles et les boucles','Ne jamais omettre les accolades pour délimiter un bloc d’instructions. Les accolades doivent être écrites pour délimiter un bloc d’instructions après les boucles (for, while, do) et les conditionnelles (if, else).',NULL,NULL,NULL,NULL,'16','17','1.d');
INSERT INTO `O_regle` VALUES ('1660','115','RÈGLE — Définition systématique d''un cas par défaut dans les switch','Un switch-case doit toujours contenir un cas default placé en dernier.',NULL,NULL,NULL,NULL,'16','17','1.d');
INSERT INTO `O_regle` VALUES ('1661','116','RECOMMANDATION — Utilisation de break dans chaque cas des instructions switch','Un switch-case doit par défaut toujours contenir un break pour chaque cas. L’absence de break pour éviter de dupliquer du code est tolérée mais doit être explicitée dans un commentaire.',NULL,NULL,NULL,NULL,'16','17','1.d');
INSERT INTO `O_regle` VALUES ('1662','117','RECOMMANDATION — Pas d''imbrication de structure de contrôle dans un switch-case',' Même si le C l’autorise, l’imbrication de structures de contrôle à l’intérieur d’un switch est à éviter.',NULL,NULL,NULL,NULL,'16','17','1.d');
INSERT INTO `O_regle` VALUES ('1663','118','RÈGLE — Ne pas introduire d''instructions avant le premier label d''un switch-case','Vide',NULL,NULL,NULL,NULL,'16','17','1.d');
INSERT INTO `O_regle` VALUES ('1664','119','RÈGLE — Bonne construction des boucles for','Chaque élément d’une boucle for doit être complété et contenir exactement une seule instruction. Ainsi une boucle for doit contenir une initialisation de son compteur, une condition d’arrêt portant sur son compteur, et une incrémentation ou décrémentation du compteur de boucle.',NULL,NULL,NULL,NULL,'16','17','1.d');
INSERT INTO `O_regle` VALUES ('1665','120','RÈGLE — Modification d''un compteur d''une boucle for interdite dans le corps de la boucle','Le compteur d’une boucle for ne doit pas être modifié à l’intérieur du corps de la boucle for.',NULL,NULL,NULL,NULL,'16','17','1.d');
INSERT INTO `O_regle` VALUES ('1666','121','RÈGLE — Non utilisation de goto arrière (backward goto)','Proscrire, au sein d’une fonction, l’utilisation d’instructions goto renvoyant vers un label qui est placé avant cette instruction goto.',NULL,NULL,NULL,NULL,'16','17','1.d');
INSERT INTO `O_regle` VALUES ('1667','122','RECOMMANDATION — Utilisation limitée du saut avant (forward goto)','L’utilisation d’un forward goto est tolérée uniquement dans les cas où elle permet :\n de limiter significativement le nombre de points de sortie de la fonction ;\n de rendre le code beaucoup plus lisible.\nLe ou les labels référencés par les instructions goto doivent tous être situés en fin de fonction.',NULL,NULL,NULL,NULL,'16','17','1.d');
INSERT INTO `O_regle` VALUES ('1668','123','RÈGLE — Toute fonction (non static) définie doit possèder une déclaration/ prototype de fonction','Vide',NULL,NULL,NULL,NULL,'16','17','1.d');
INSERT INTO `O_regle` VALUES ('1669','124','RÈGLE — Le prototype de déclaration d''une fonction doit concorder avec sa définition','Les types des paramètres utilisés pour la définition et la déclaration d’une fonction doivent être les mêmes.',NULL,NULL,NULL,NULL,'16','17','1.d');
INSERT INTO `O_regle` VALUES ('1670','125','RÈGLE — Toute fonction doit être associée à un type de retour et à une liste de paramètres explicite','Chaque fonction est définie explicitement avec un type de retour. Les fonctions sans valeur de retour doivent être déclarées avec un paramètre du type void. De la même façon, une fonction sans paramètre devra être définie et déclarée avec void en argument.',NULL,NULL,NULL,NULL,'16','17','1.d');
INSERT INTO `O_regle` VALUES ('1671','126','RECOMMANDATION — Documentation des fonctions','Tous les fonctions doivent être documentées. Cela comprend :\nn une description de la fonction et du traitement effectué ;\n la documentation de chaque paramètre, le sens du paramètre (en entrée, en sortie, en entrée et en sortie) et les éventuelles conditions existant sur celui-ci ;\n les valeurs de retour possibles doivent être décrites.',NULL,NULL,NULL,NULL,'16','17','1.d');
INSERT INTO `O_regle` VALUES ('1672','127','RECOMMANDATION — Préciser les conditions d''appel pour chaque fonction','Vide',NULL,NULL,NULL,NULL,'16','17','1.d');
INSERT INTO `O_regle` VALUES ('1673','128','RÈGLE — La validité de tous les paramètres d''une fonction doit systématiquement être remise en cause','Cela inclut :\n la validité des adresses pour les paramètres de type pointeur doit être vérifiée (non , alignement des adresses conforme...) ;\n l’appartenance des paramètres à leur domaine doit être vérifiée.\nCela s’applique aux fonctions définies par le développeur (cf. section 12.2) mais aussi aux fonctions de la bibliothèque standard.',NULL,NULL,NULL,NULL,'16','17','1.d');
INSERT INTO `O_regle` VALUES ('1674','129','RÈGLE — Les paramètres de fonction de type pointeur pour lesquels la zone mémoire pointée n''est pas ','Marquer const tous les paramètres de type pointeur d’une fonction qui pointent vers une zone mémoire qui ne doit pas être modifiée dans le corps de celle-ci. Le qualificateur const doit s’appliquer à l’objet pointé.',NULL,NULL,NULL,NULL,'16','17','1.d');
INSERT INTO `O_regle` VALUES ('1675','130','RÈGLE — Les fonctions inline doivent être déclarées comme static','Pour éviter un comportement non défini une fonction inline est systématiquement static.',NULL,NULL,NULL,NULL,'16','17','1.d');
INSERT INTO `O_regle` VALUES ('1676','131','RÈGLE — Interdiction de redéfinir les fonctions ou macros de la bibliothèque standard ou d''une autre','Les identifiants, macros ou noms de fonctions faisant partie de la bibliothèque standard ou d’une autre bibliothèque utilisée ne doivent pas être redéfinis.',NULL,NULL,NULL,NULL,'16','17','1.d');
INSERT INTO `O_regle` VALUES ('1677','132','RÈGLE — La valeur de retour d''une fonction doit toujours être testée','Lorsqu’une fonction retourne une valeur, la valeur retournée doit être systématiquement testée.',NULL,NULL,NULL,NULL,'16','17','1.d');
INSERT INTO `O_regle` VALUES ('1678','133','RÈGLE — Retour implicite interdit pour les fonctions de type non void','Tous les chemins d’une fonction non void doivent retourner une valeur explicitement.',NULL,NULL,NULL,NULL,'16','17','1.d');
INSERT INTO `O_regle` VALUES ('1679','134','RÈGLE — Les structures doivent être passées par référence à une fonction','Il ne faut pas passer de paramètres de type structure par copie lors de l’appel d’une fonction.',NULL,NULL,NULL,NULL,'16','17','1.d');
INSERT INTO `O_regle` VALUES ('1680','135','RECOMMANDATION — Passage d''un tableau en paramètre d''une fonction','Il existe plusieurs façons de passer un tableau en paramètre d’une fonction. Lors du passage par pointeur, il faut préciser dans la documentation de la fonction que le paramètre correspond à un tableau et également utiliser la notation dédiée aux tableaux.',NULL,NULL,NULL,NULL,'16','17','1.d');
INSERT INTO `O_regle` VALUES ('1681','136','RECOMMANDATION — Utilisation obligatoire dans une fonction de tous ses paramètres','Tous les paramètres présents dans le prototype de la fonction doivent être utilisés dans son implémentation.',NULL,NULL,NULL,NULL,'16','17','1.d');
INSERT INTO `O_regle` VALUES ('1682','137','BONNE PRATIQUE — Utiliser les options de compilation -Wformat=2 et -Wformat-security dès qu''une fonc','Plus de détails sur ces options sont données en annexe B.',NULL,NULL,NULL,NULL,'16','17','1.d');
INSERT INTO `O_regle` VALUES ('1683','138','RÈGLE — Ne pas appeler de fonctions variadiques avec NULL en argument','Vide',NULL,NULL,NULL,NULL,'16','17','1.d');
INSERT INTO `O_regle` VALUES ('1684','139','RÈGLE — Usage de la virgule interdit pour le séquencement d''instructions','La virgule n’est pas autorisée dans le cadre du séquencement des instructions decode.',NULL,NULL,NULL,NULL,'16','17','1.d');
INSERT INTO `O_regle` VALUES ('1685','140','RECOMMANDATION — Les opérateurs pré-fixes ++ et -- ne doivent pas être utilisés','Les opérateurs de pré-incrémentation et pré-decrémentation ne seront pas utilisés.',NULL,NULL,NULL,NULL,'16','17','1.d');
INSERT INTO `O_regle` VALUES ('1686','141','RECOMMANDATION — Pas d''utilisation combinée des opérateurs postfixes avec d''autres opérateurs','Les opérateurs de post-incrémentation et de post-décrémentation ne doivent pas être mixés avec d’autres opérateurs.',NULL,NULL,NULL,NULL,'16','17','1.d');
INSERT INTO `O_regle` VALUES ('1687','142','RECOMMANDATION — Éviter l''utilisation d''opérateurs d''affectation combinés','Vide',NULL,NULL,NULL,NULL,'16','17','1.d');
INSERT INTO `O_regle` VALUES ('1688','143','RÈGLE — Non utilisation imbriquée de l''opérateur ternaire ?:','L’imbrication d’opérateurs ternaires ?: est interdite.',NULL,NULL,NULL,NULL,'16','17','1.d');
INSERT INTO `O_regle` VALUES ('1689','144','RÈGLE — Bonne construction des expressions avec l''opérateur ternaire ?:','Les expressions résultantes de l’opérateur ternaire ?: doivent être exactement de même type pour éviter tout transtypage.',NULL,NULL,NULL,NULL,'16','17','1.d');
INSERT INTO `O_regle` VALUES ('1690','145','RÈGLE — Allouer dynamiquement un espace mémoire dont la taille est suffisante pour l''objet alloué','Pour un pointeur ptr, on préférera utiliser ptr=malloc(sizeof(*ptr)); quand cela est possible.',NULL,NULL,NULL,NULL,'16','17','1.d');
INSERT INTO `O_regle` VALUES ('1691','146','RÈGLE — Libérer la mémoire allouée dynamiquement au plus tôt','Tout espace mémoire alloué dynamiquement doit être libéré quand celui-ci n’est plus utile.',NULL,NULL,NULL,NULL,'16','17','1.d');
INSERT INTO `O_regle` VALUES ('1692','147','RÈGLE — Les zones mémoires sensibles doivent être mises à zéro avant d''être libérées.','Vide',NULL,NULL,NULL,NULL,'16','17','1.d');
INSERT INTO `O_regle` VALUES ('1693','148','RÈGLE — Ne pas libérer de mémoire non allouée dynamiquement','Vide',NULL,NULL,NULL,NULL,'16','17','1.d');
INSERT INTO `O_regle` VALUES ('1694','149','RÈGLE — Ne pas modifier l''allocation dynamique via realloc','Vide',NULL,NULL,NULL,NULL,'16','17','1.d');
INSERT INTO `O_regle` VALUES ('1695','150','RÈGLE — Bonne utilisation de l''opérateur sizeof','Une expression contenue dans un sizeof ne doit pas :\n contenir l’opérateur « = » car l’expression ne sera pas évaluée ; \n contenir de déréférencement de pointeur ;\n être appliqué sur un pointeur représentant un tableau.',NULL,NULL,NULL,NULL,'16','17','1.d');
INSERT INTO `O_regle` VALUES ('1696','151','RÈGLE — Vérification obligatoire du succès d''une allocation mémoire','Le succès d’une allocation mémoire doit toujours être vérifié.',NULL,NULL,NULL,NULL,'16','17','1.d');
INSERT INTO `O_regle` VALUES ('1697','152','RÈGLE — L''isolement des données sensibles doit être effectué','Contrôler le bon usage d’une zone mémoire stockant des données sensibles i.e. minimiser l’exposition en mémoire, minimiser la copie et effacer la/les zones ayant contenu les données sensibles au plus tôt.',NULL,NULL,NULL,NULL,'16','17','1.d');
INSERT INTO `O_regle` VALUES ('1698','153','RÈGLE — Initialiser et consulter la valeur de errno avant et après toute exécution d''une fonction de','Vide',NULL,NULL,NULL,NULL,'16','17','1.d');
INSERT INTO `O_regle` VALUES ('1699','154','RÈGLE — La gestion des erreurs retournées par une fonction de la bibliothèque standard doit être sys','Vide',NULL,NULL,NULL,NULL,'16','17','1.d');
INSERT INTO `O_regle` VALUES ('1700','155','RÈGLE — Documentation des codes d''erreur','Tous les codes d’erreur retournés par une fonction doivent être documentés. Dans le cas où plusieurs codes d’erreur peuvent être retournés en même temps par la fonction, la documentation doit définir la priorité de gestion de ces codes.',NULL,NULL,NULL,NULL,'16','17','1.d');
INSERT INTO `O_regle` VALUES ('1701','156','RECOMMANDATION — Structuration des codes de retour','Les codes de retour doivent être structurés de façon à pouvoir obtenir rapidement une information concernant le déroulement de la fonction appelée : \n erreur ; \n type d’erreur ; \n alarme ; \n type d’alarme ; \n ok ;',NULL,NULL,NULL,NULL,'16','17','1.d');
INSERT INTO `O_regle` VALUES ('1702','157','RÈGLE — Code de retour d''un programme C en fonction du résultat de son exécution','Le code de retour d’un programme C doit avoir une signification afin d’indiquer le bon déroulement du programme ou la survenue d’une erreur : \n la valeur du code de retour doit être comprise entre 0 et 127 ; \n la valeur 0 indique que le programme s’est exécuté sans erreur ;\n la valeur 2 est généralement utilisée sous Unix pour indiquer une erreur dans les arguments passés en paramètres au programme. \nLa signification des codes de retour du programme doit être indiquée dans sa documentation.',NULL,NULL,NULL,NULL,'16','17','1.d');
INSERT INTO `O_regle` VALUES ('1703','158','RECOMMANDATION — Privilégier les retours d''erreurs via des codes de retour dans la fonction principa','Un programme C doit disposer d’une fonction main() minimale. Les retours d’erreurs se font par un retour de code dédié (et donc documenté) de cette fonction.',NULL,NULL,NULL,NULL,'16','17','1.d');
INSERT INTO `O_regle` VALUES ('1704','159','RÈGLE — Ne pas utiliser les fonctions abort() ou _Exit()','Vide',NULL,NULL,NULL,NULL,'16','17','1.d');
INSERT INTO `O_regle` VALUES ('1705','160','RECOMMANDATION — Limiter les appels à exit()','Les appels à la fonction exit() doivent être commentés et non systématiques. Le développeur doit le plus souvent possible les remplacer par un retour de code d’erreur  dans la fonction principale.',NULL,NULL,NULL,NULL,'16','17','1.d');
INSERT INTO `O_regle` VALUES ('1706','161','RÈGLE — Ne pas utiliser les fonctions setjmp() et longjump()','Vide',NULL,NULL,NULL,NULL,'16','17','1.d');
INSERT INTO `O_regle` VALUES ('1707','162','RÈGLE — Ne pas utiliser les bibliothèques standards setjmp.h et stdarg.h','Vide',NULL,NULL,NULL,NULL,'16','17','1.d');
INSERT INTO `O_regle` VALUES ('1708','163','RECOMMANDATION — Limiter l''utilisation des bibliothèques standards manipulant des nombres flottants','Les bibliothèques standards float.h, fenv.h, complex.h et math.h ne doivent être utilisées que si cela est vraiment nécessaire.',NULL,NULL,NULL,NULL,'16','17','1.d');
INSERT INTO `O_regle` VALUES ('1709','164','RÈGLE — Ne pas utiliser les fonctions atoi() atol() atof() et atoll() de la bibliothèque stdlib.h','Les fonctions équivalentes strto*() sont à utiliser en remplacement.',NULL,NULL,NULL,NULL,'16','17','1.d');
INSERT INTO `O_regle` VALUES ('1710','165','RÈGLE — Ne pas utiliser la fonction rand() de la bibliothèque standard','Vide',NULL,NULL,NULL,NULL,'16','17','1.d');
INSERT INTO `O_regle` VALUES ('1711','166','RÈGLE — Utiliser les versions « plus sécurisées » pour les fonctions de la bibliothèque standard','Quand des fonctions de la bibliothèque standard existent en différentes versions, la version « plus sécurisée » doit être utilisée.',NULL,NULL,NULL,NULL,'16','17','1.d');
INSERT INTO `O_regle` VALUES ('1712','167','RÈGLE — Ne pas utiliser de fonctions de la bibliothèque obsolescentes ou devenues obsolètes dans des','Vide',NULL,NULL,NULL,NULL,'16','17','1.d');
INSERT INTO `O_regle` VALUES ('1713','168','RÈGLE — Ne pas utiliser de fonctions de la bibliothèque manipulant des buffers sans prendre la taill','Vide',NULL,NULL,NULL,NULL,'16','17','1.d');
INSERT INTO `O_regle` VALUES ('1714','169','BONNE PRATIQUE — Tout code doit être soumis à relecture','Vide',NULL,NULL,NULL,NULL,'16','17','1.d');
INSERT INTO `O_regle` VALUES ('1715','170','RECOMMANDATION — Indentation des expressions longues','Lorsqu’une instruction ou une expression s’étale sur plusieurs lignes, il est indispensable de l’indenter afin de faciliter la compréhension du code.',NULL,NULL,NULL,NULL,'16','17','1.d');
INSERT INTO `O_regle` VALUES ('1716','171','RÈGLE — Identifier et supprimer tout code mort','Vide',NULL,NULL,NULL,NULL,'16','17','1.d');
INSERT INTO `O_regle` VALUES ('1717','172','RÈGLE — Le code doit être exempt de code non atteignable en dehors de code défensif et de code d''int','Il ne doit jamais y avoir de code inatteignable, sauf s’il s’agit de code défensif ou s’il s’agit de code d’une interface et dans ces deux cas, il faut le préciser en commentaire.',NULL,NULL,NULL,NULL,'16','17','1.d');
INSERT INTO `O_regle` VALUES ('1718','173','RECOMMANDATION — Evaluation outillée du code source pour limiter les risques d''erreurs d''exécution','Le code source du logiciel doit être analysé via au moins un outil d’analyse de code. Les résultats produits par l’outil d’analyse doivent être étudiés par le développeur et les corrections doivent être effectuées par rapport aux problèmes découverts.',NULL,NULL,NULL,NULL,'16','17','1.d');
INSERT INTO `O_regle` VALUES ('1719','174','RECOMMANDATION — Limitation de la complexité cyclomatique','La complexité cyclomatique d’une fonction doit être limitée au maximum.',NULL,NULL,NULL,NULL,'16','17','1.d');
INSERT INTO `O_regle` VALUES ('1720','175','RECOMMANDATION — Limitation de la longueur et la complexité d''une fonction','Une fonction doit être associée idéalement à un seul et unique traitement et doit donc correspondre à un nombre de lignes de code raisonnable.',NULL,NULL,NULL,NULL,'16','17','1.d');
INSERT INTO `O_regle` VALUES ('1721','176','RÈGLE — Ne pas utiliser de mots clés du C++','Vide',NULL,NULL,NULL,NULL,'16','17','1.d');
INSERT INTO `O_regle` VALUES ('1722','177','RÈGLE — Séquences de caractères interdites dans les commentaires','Les séquences /* et // sont interdites dans tous les commentaires. Et un commentaire sur une ligne introduit par // ne doit pas contenir de caractère de continuation de ligne \\.',NULL,NULL,NULL,NULL,'16','17','1.d');
INSERT INTO `O_regle` VALUES ('1723','178','RÈGLE — Mise en oeuvre manuelle de mécanismes « canari » si les options de durcissement ne sont pas ','Vide',NULL,NULL,NULL,NULL,'16','17','1.d');
INSERT INTO `O_regle` VALUES ('1724','179','RÈGLE — Pas d''assertions de mise au point sur un code mis en production','Les assertions de mise au point ne doivent pas être présentes en production.',NULL,NULL,NULL,NULL,'16','17','1.d');
INSERT INTO `O_regle` VALUES ('1725','180','RECOMMANDATION — La gestion des assertions d''intégrité doit inclure un effacement des données d''urge','Les assertions d’intégrité doivent apparaître en production. En cas de déclenchement d’une assertion d’intégrité, le code de traitement doit aboutir à un effacement d’urgence des données sensibles.',NULL,NULL,NULL,NULL,'16','17','1.d');
INSERT INTO `O_regle` VALUES ('1726','181','RÈGLE — Tout fichier non vide doit se terminer par un retour à la ligne et les directives de preproc','Un fichier non vide ne doit pas se terminer au milieu d’un commentaire ou d’une directive de preprocessing.',NULL,NULL,NULL,NULL,'16','17','1.d');
INSERT INTO `O_regle` VALUES ('1727','1','Former les équipes opérationnelles à la sécurité des systèmes d’information','/ standard\nLes équipes opérationnelles (administrateurs réseau, sécurité et système, chefs de projet, développeurs, RSSI) ont des accès privilégiés au système d’information. Elles peuvent, par inadvertance ou par méconnaissance des conséquences de certaines pratiques, réaliser des opérations génératrices de vulnérabilités. \nCitons par exemple l’affectation de comptes disposant de trop nombreux privilèges par rapport à la tâche à réaliser, l’utilisation de comptes personnels pour exécuter des services ou tâches périodiques, ou encore le choix de mots de passe peu robustes donnant accès à des comptes privilégiés.\nLes équipes opérationnelles, pour être à l’état de l’art de la sécurité des systèmes d’information, doivent donc suivre - à leur prise de poste puis à intervalles réguliers - des formations sur : \n> la législation en vigueur ;\n> les principaux risques et menaces ;\n> le maintien en condition de sécurité ;\n> l’authentification et le contrôle d’accès ;\n> le paramétrage fin et le du',NULL,NULL,NULL,NULL,'17','17','1.d');
INSERT INTO `O_regle` VALUES ('1728','2','Sensibiliser les utilisateurs aux bonnes pratiques élémentaires de sécurité informatique','/ standard\nChaque utilisateur est un maillon à part entière de la chaîne des systèmes d’information. À ce titre et dès son arrivée dans l’entité, il doit être informé des enjeux de sécurité, des règles à respecter et des bons comportements à adopter en matière de sécurité des systèmes d’information à travers des actions de sensibilisation et de formation.\nCes dernières doivent être régulières, adaptées aux utilisateurs ciblés, peuvent prendre différentes formes (mails, affichage, réunions, espace intranet dédié,etc.) et aborder au minimum les sujets suivants :\n>> les objectifs et enjeux que rencontre l’entité en matière de sécurité dessystèmes d’information ;\n>> les informations considérées comme sensibles ;>> les réglementations et obligations légales ;\n>> les règles et consignes de sécurité régissant l’activité quotidienne : respect de la politique de sécurité, non-connexion d’équipements personnels au réseau de l’entité, non-divulgation de mots de passe à un tiers, non-réutilisation',NULL,NULL,NULL,NULL,'17','17','1.d');
INSERT INTO `O_regle` VALUES ('1729','3','Maîtriser les risques de l’infogérance','/ standard\nLorsqu’une entité souhaite externaliser son système d’information ou ses données, elle doit en amont évaluer les risques spécifiques à l’infogérance (maîtrise du système d’information, actions à distance, hébergement mutualisé, etc.) afin de prendre en compte, dès la rédaction des exigences applicables au futur prestataire, les besoins et mesures de sécurité adaptés.\nLes risques SSI inhérents à ce type de démarche peuvent être liés au contexte de l’opération d’externalisation mais aussi à des spécifications contractuelles déficientes ou incomplètes.\nEn faveur du bon déroulement des opérations, il s’agit donc :\n>> d’étudier attentivement les conditions des offres, la possibilité de les adapter à des besoins spécifiques et les limites de responsabilité du prestataire ;\n>> d’imposer une liste d’exigences précises au prestataire : réversibilité du contrat, réalisation d’audits, sauvegarde et restitution des données dans un format ouvert normalisé, maintien à niveau de la sécurit',NULL,NULL,NULL,NULL,'17','17','1.d');
INSERT INTO `O_regle` VALUES ('1730','4','Identifier les informations et serveurs les plus sensibles et maintenir un schéma du réseau','/Standard\nChaque entité possède des données sensibles. Ces dernières peuvent porter sur son activité propre (propriété intellectuelle, savoir-faire, etc.) ou sur ses clients, administrés ou usagers (données personnelles, contrats, etc.). Afin de pouvoir les protéger efficacement, il est indispensable de les identifier.\nÀ partir de cette liste de données sensibles, il sera possible de déterminer sur quels composants du système d’information elles se localisent (bases de données, partages de fichiers, postes de travail, etc.). Ces composants correspondent aux serveurs et postes critiques pour l’entité. À ce titre, ils devront faire l’objet de mesures de sécurité spécifiques pouvant porter sur la sauvegarde, la journalisation, les accès, etc.\nIl s’agit donc de créer et de maintenir à jour un schéma simplifié du réseau (ou cartographie) représentant les différentes zones IP et le plan d’adressage associé, les équipements de routage et de sécurité (pare-feu, relais applicatifs,etc.) et les ',NULL,NULL,NULL,NULL,'17','17','1.d');
INSERT INTO `O_regle` VALUES ('1731','5','Disposer d’un inventaire exhaustif des comptes privilégiés et le maintenir à jour','/Standard\nLes comptes bénéficiant de droits spécifiques sont des cibles privilégiées par les attaquants qui souhaitent obtenir un accès le plus large possible au système d’information. Ils doivent donc faire l’objet d’une attention toute particulière.\n Il s’agit pour cela d’effectuer un inventaire de ces comptes, de le mettre à jour régulièrement et d’y renseigner les informations suivantes :\n>> les utilisateurs ayant un compte administrateur ou des droits supérieurs à ceux d’un utilisateur standard sur le système d’information ;\n>> les utilisateurs disposant de suffisamment de droits pour accéder aux répertoires de travail des responsables ou de l’ensemble des utilisateurs ;\n>> les utilisateurs utilisant un poste non administré par le service informatique et qui ne fait pas l’objet de mesures de sécurité édictées par la politique de sécurité générale de l’entité.\nIl est fortement recommandé de procéder à une revue périodique de ces comptes afin de s’assurer que les accès aux éléments ',NULL,NULL,NULL,NULL,'17','17','1.d');
INSERT INTO `O_regle` VALUES ('1732','6','Organiser les procédures d’arrivée, de départ et de changement de fonction des utilisateurs','/ Standard\nLes effectifs d’une entité, qu’elle soit publique ou privée, évoluent sans cesse : arrivées, départs, mobilité interne. Il est par conséquent nécessaire que les droits et les accès au système d’information soient mis à jour en fonction de ces évolutions. Il est notamment essentiel que l’ensemble des droits affectés à une personne soient révoqués lors de son départ ou en cas de changement de fonction. Les procédures d’arrivée et de départ doivent donc être définies, en lien avec la fonction ressources humaines. Elles doivent au minimum prendre en compte :\n>> la création et la suppression des comptes informatiques et boîtes aux lettres associées ;\n>> les droits et accès à attribuer et retirer à une personne dont la fonction change ;\n>> la gestion des accès physiques aux locaux (attribution, restitution des badges et des clés, etc.) ;\n>> l’affectation des équipements mobiles (ordinateur portable, clé USB, disque dur, ordiphone, etc.) ;\n>> la gestion des documents et information',NULL,NULL,NULL,NULL,'17','17','1.d');
INSERT INTO `O_regle` VALUES ('1733','7','Autoriser la connexion au réseau de l’entité aux seuls équipements maîtrisés','/Standard\nPour garantir la sécurité de son système d’information, l’entité doit maîtriser les équipements qui s’y connectent, chacun constituant un point d’entrée potentiellement vulnérable. Les équipements personnels (ordinateurs portables, tablettes, ordiphones, etc.) sont, par définition, difficilement maîtrisables dans la mesure où ce sont les utilisateurs qui décident de leur niveau de sécurité. De la même manière, la sécurité des équipements dont sont dotés les visiteurs échappe à tout contrôle de l’entité.\n Seule la connexion de terminaux maîtrisés par l’entité doit être autorisée sur ses différents réseaux d’accès, qu’ils soient filaire ou sans fil. Cette recommandation, avant tout d’ordre organisationnel, est souvent perçue comme inacceptable ou rétrograde. Cependant, y déroger fragilise le réseau de l’entité et sert ainsi les intérêts d’un potentiel attaquant.\nLa sensibilisation des utilisateurs doit donc s’accompagner de solutions pragmatiques répondant à leurs besoins. Cito',NULL,NULL,NULL,NULL,'17','17','1.d');
INSERT INTO `O_regle` VALUES ('1734','8','Identifier nommément chaque personne accédant au système et distinguer les rôles utilisateur /admini','/Standard\nAfin de faciliter l’attribution d’une action sur le système d’information en cas d’incident ou d’identifier d’éventuels comptes compromis, les comptes d’accès doivent être nominatifs.\nL’utilisation de comptes génériques (ex : admin, user) doit être marginale et ceux-ci doivent pouvoir être rattachés à un nombre limité de personnes physiques.\nBien entendu, cette règle n’interdit pas le maintien de comptes de service, rattachés à un processus informatique (ex : apache, mysqld).\nDans tous les cas, les comptes génériques et de service doivent être gérés selon une politique au moins aussi stricte que celle des comptes nominatifs. Par ailleurs, un compte d’administration nominatif, distinct du compte utilisateur, doit être attribué à chaque administrateur. Les identifiants et secrets d’authentification doivent être différents (ex : pmartin comme identifiant utilisateur, adm-pmartin comme identifiant administrateur). Ce compte d’administration, disposant de plus de privilèges, doit ',NULL,NULL,NULL,NULL,'17','17','1.d');
INSERT INTO `O_regle` VALUES ('1735','9','Attribuer les bons droits sur les ressources sensibles du système d’information','/Standard\nCertaines des ressources du système peuvent constituer une source d’information précieuse aux yeux d’un attaquant (répertoires contenant des données sensibles, bases de données, boîtes aux lettres électroniques, etc.). Il est donc primordial d’établir une liste précise de ces ressources et pour chacune d’entre elles :\n>> de définir quelle population peut y avoir accès ;\n>> de contrôler strictement son accès, en s’assurant que les utilisateurs sont authentifiés et font partie de la population ciblée ;\n>> d’éviter sa dispersion et sa duplication à des endroits non maîtrisés ou soumis à un contrôle d’accès moins strict. \nPar exemple, les répertoires des administrateurs regroupant de nombreuses informations sensibles doivent faire l’objet d’un contrôle d’accès précis. Il en va de même pour les informations sensibles présentes sur des partages réseau : exports de fichiers de configuration, documentation technique du système d’information, bases de données métier, etc. Une revue ré',NULL,NULL,NULL,NULL,'17','17','1.d');
INSERT INTO `O_regle` VALUES ('1736','10','Définir et vérifier des règles de choix et de dimensionnement des mots de passe','/Standard\nL’ANSSI énonce un ensemble de règles et de bonnes pratiques en matière de choix et de dimensionnement des mots de passe. Parmi les plus critiques de ces règles figure la sensibilisation des utilisateurs aux risques liés au choix d’un mot de passe qui serait trop facile à deviner, ou encore la réutilisation de mots de passe d’une application à l’autre et plus particulièrement entre messageries personnelles et professionnelles.\nPour encadrer et vérifier l’application de ces règles de choix et de dimensionnement, l’entité pourra recourir à différentes mesures parmi lesquelles :\n>> le blocage des comptes à l’issue de plusieurs échecs de connexion ;\n>> la désactivation des options de connexion anonyme ;\n>> l’utilisation d’un outil d’audit de la robustesse des mots de passe.\nEn amont de telles procédures, un effort de communication visant à expliquer le sens de ces règles et éveiller les consciences sur leur importance est fondamental.',NULL,NULL,NULL,NULL,'17','17','1.d');
INSERT INTO `O_regle` VALUES ('1737','11','Protéger les mots de passe stockés sur les systèmes','/Standard\nLa complexité, la diversité ou encore l’utilisation peu fréquente de certains mots de passe, peuvent encourager leur stockage sur un support physique (mémo, post-it) ou numérique (fichiers de mots de passe, envoi par mail à soimême, recours aux boutons « Se souvenir du mot de passe ») afin de pallier tout oubli ou perte.\nOr, les mots de passe sont une cible privilégiée par les attaquants désireux d’accéder au système, que cela fasse suite à un vol ou à un éventuel partage du support de stockage. C’est pourquoi ils doivent impérativement être protégés au moyen de solutions sécurisées au premier rang desquelles figurent l’utilisation d’un coffre-fort numérique et le recours à des mécanismes de chiffrement.\nBien entendu, le choix d’un mot de passe pour ce coffre-fort numérique doit respecter les règles énoncées précédemment et être mémorisé par l’utilisateur, qui n’a plus que celui-ci à retenir.',NULL,NULL,NULL,NULL,'17','17','1.d');
INSERT INTO `O_regle` VALUES ('1738','12','Changer les éléments d’authentification par défaut sur les équipements et services','/Standard\nIl est impératif de partir du principe que les configurations par défaut des systèmes d’information sont systématiquement connues des attaquants, quand bien même celles-ci ne le sont pas du grand public. Ces configurations se révèlent (trop) souvent triviales (mot de passe identique à l’identifiant, mal dimensionné ou commun à l’ensemble des équipements et services par exemple) et sont, la plupart du temps, faciles à obtenir pour des attaquants capables de se faire passer pour un utilisateur légitime.\nLes éléments d’authentification par défaut des composants du système doivent donc être modifiés dès leur installation et, s’agissant de mots de passe, être conformes aux recommandations précédentes en matière de choix, de dimensionnement et de stockage.\nSi le changement d’un identifiant par défaut se révèle impossible pour cause, par exemple, de mot de passe ou certificat « en dur » dans un équipement, ce problème critique doit être signalé au distributeur du produit afin que ce',NULL,NULL,NULL,NULL,'17','17','1.d');
INSERT INTO `O_regle` VALUES ('1739','13','Privilégier lorsque c’est possible une authentification forte','/Standard\nIl est vivement recommandé de mettre en oeuvre une authentification forte nécessitant l’utilisation de deux facteurs d’authentification différents parmi les suivants :\n>> quelque chose que je sais (mot de passe, tracé de déverrouillage, signature) ;\n>> quelque chose que je possède (carte à puce, jeton USB, carte magnétique, RFID, un téléphone pour recevoir un code SMS) ;\n >> quelque chose que je suis (une empreinte biométrique).\n\n/Renforcé\nLes cartes à puces doivent être privilégiées ou, à défaut, les mécanismes de mots de passe à usage unique (ou One Time Password) avec jeton physique. Les opérations cryptographiques mises en place dans ces deux facteurs offrent généralement de bonnes garanties de sécurité.\nLes cartes à puce peuvent être plus complexes à mettre en place car nécessitant une infrastructure de gestion des clés adaptée. Elles présentent cependant l’avantage d’être réutilisables à plusieurs fins : chiffrement, authentification de messagerie, authentification sur ',NULL,NULL,NULL,NULL,'17','17','1.d');
INSERT INTO `O_regle` VALUES ('1740','14','Mettre en place un niveau de sécurité minimal sur l’ensemble du parc informatique','/Standard\nL’utilisateur plus ou moins au fait des bonnes pratiques de sécurité informatique est, dans de très nombreux cas, la première porte d’entrée des attaquants vers le système. Il est donc fondamental de mettre en place un niveau de sécurité minimal sur l’ensemble du parc informatique de l’entité (postes utilisateurs, serveurs, imprimantes, téléphones, périphériques USB, etc.) en implémentant les mesures suivantes :\n>> limiter les applications installées et modules optionnels des navigateurs web aux seuls nécessaires ;\n>> doter les postes utilisateurs d’un pare-feu local et d’un anti-virus (ceux-ci sont parfois inclus dans le système d’exploitation) ;\n>> chiffrer les partitions où sont stockées les données des utilisateurs ;\n>> désactiver les exécutions automatiques (autorun).\nEn cas de dérogation nécessaire aux règles de sécurité globales applicables aux postes, ceux-ci doivent être isolés du système (s’il est impossible de mettre à jour certaines applications pour des raisons d',NULL,NULL,NULL,NULL,'17','17','1.d');
INSERT INTO `O_regle` VALUES ('1741','15','Se protéger des menaces relatives à l’utilisation de supports amovibles','/Standard\nLes supports amovibles peuvent être utilisés afin de propager des virus, voler des informations sensibles et stratégiques ou encore compromettre le réseau de l’entité. De tels agissements peuvent avoir des conséquences désastreuses pour l’activité de la structure ciblée.\nS’il n’est pas question d’interdire totalement l’usage de supports amovibles au sein de l’entité, il est néanmoins nécessaire de traiter ces risques en identifiant des mesures adéquates et en sensibilisant les utilisateurs aux risques que ces supports peuvent véhiculer.\nIl convient notamment de proscrire le branchement de clés USB inconnues (ramassées dans un lieu public par exemple) et de limiter au maximum celui de clés non maîtrisées (dont on connait la provenance mais pas l’intégrité) sur le système d’information à moins, dans ce dernier cas, de faire inspecter leur contenu par l’antivirus du poste de travail.\n\n/Renforcé\nSur les postes utilisateur, il est recommandé d’utiliser des solutions permettant d’i',NULL,NULL,NULL,NULL,'17','17','1.d');
INSERT INTO `O_regle` VALUES ('1742','16','Utiliser un outil de gestion centralisée afin d’homogénéiser les politiques de sécurité','/Standard\nLa sécurité du système d’information repose sur la sécurité du maillon le plus faible. Il est donc nécessaire d’homogénéiser la gestion des politiques de sécurité s’appliquant à l’ensemble du parc informatique de l’entité.\nL’application de ces politiques (gestion des mots de passe, restrictions de connexions sur certains postes sensibles, configuration des navigateurs Web, etc.) doit être simple et rapide pour les administrateurs, en vue notamment de faciliter la mise en oeuvre de contre-mesures en cas de crise informatique.\nPour cela, l’entité pourra se doter d’un outil de gestion centralisée (par exemple Active Directory en environnement Microsoft) auquel il s’agit d’inclure le plus grand nombre d’équipements informatiques possible. Les postes de travail et les serveurs sont concernés par cette mesure qui nécessite éventuellement en amont un travail d’harmonisation des choix de matériels et de systèmes d’exploitation.\nAinsi, des politiques de durcissement du système d’explo',NULL,NULL,NULL,NULL,'17','17','1.d');
INSERT INTO `O_regle` VALUES ('1743','17','Activer et configurer le parefeu local des postes de travail','/Standard\nAprès avoir réussi à prendre le contrôle d’un poste de travail (à cause, par exemple, d’une vulnérabilité présente dans le navigateur Internet), un attaquant cherchera souvent à étendre son intrusion aux autres postes de travail pour, in fine, accéder aux documents des utilisateurs.\nAfin de rendre plus difficile ce déplacement latéral de l’attaquant, il est nécessaire d’activer le pare-feu local des postes de travail au moyen de logiciels intégrés (pare-feu local Windows) ou spécialisés.\nLes flux de poste à poste sont en effet très rares dans un réseau bureautique classique : les fichiers sont stockés dans des serveurs de fichiers, les applications accessibles sur des serveurs métier, etc.\n\n/Renforcé\nLe filtrage le plus simple consiste à bloquer l’accès aux ports d’administration par défaut des postes de travail (ports TCP 135, 445 et 3389 sous Windows, port TCP 22 sous Unix), excepté depuis les ressources explicitement identifiées (postes d’administration et d’assistance uti',NULL,NULL,NULL,NULL,'17','17','1.d');
INSERT INTO `O_regle` VALUES ('1744','18','Chiffrer les données sensibles transmises par voie Internet','/Standard\nInternet est un réseau sur lequel il est quasi impossible d’obtenir des garanties sur le trajet que vont emprunter les données que l’on y envoie. Il est donc tout à fait possible qu’un attaquant se trouve sur le trajet de données transitant entre deux correspondants.\nToutes les données envoyées par courriel ou transmises au moyen d’outils d’hébergement en ligne (Cloud) sont par conséquent vulnérables. Il s’agit donc de procéder à leur chiffrement systématique avant de les adresser à un correspondant ou de les héberger.\nLa transmission du secret (mot de passe, clé, etc.) permettant alors de déchiffrer les données, si elle est nécessaire, doit être effectuée via un canal de confiance ou, à défaut, un canal distinct du canal de transmission des données. Ainsi, si les données chiffrées sont transmises par courriel, une remise en main propre du mot de passe ou, à défaut, par téléphone doit être privilégiée.',NULL,NULL,NULL,NULL,'17','17','1.d');
INSERT INTO `O_regle` VALUES ('1745','19','Segmenter le réseau et mettre en place un cloisonnement entre ces zones','/Standard\nLorsque le réseau est " à plat ", sans aucun mécanisme de cloisonnement, chaque machine du réseau peut accéder à n’importe quelle autre machine.La compromission de l’une d’elles met alors en péril l’ensemble des machines connectées. Un attaquant peut ainsi compromettre un poste utilisateur et ensuite " rebondir " jusqu’à des serveurs critiques. Il est donc important, dès la conception de l’architecture réseau, de raisonner par segmentation en zones composées de systèmes ayant des besoins de sécurité homogènes. On pourra par exemple regrouper distinctement des serveurs d’infrastructure, des serveurs métiers, des postes de travail utilisateurs, des postes de travail administrateurs, des postes de téléphonie sur IP, etc.\nUne zone se caractérise alors par des VLAN et des sous-réseaux IP dédiés voire par des infrastructures dédiées selon sa criticité. Ainsi, des mesures de cloisonnement telles qu’un filtrage IP à l’aide d’un pare-feu peuvent être mises en place entre les différent',NULL,NULL,NULL,NULL,'17','17','1.d');
INSERT INTO `O_regle` VALUES ('1746','20','S’assurer de la sécurité des réseaux d’accès Wi-Fi et de la séparation des usages','/Standard/nL’usage du Wi-Fi en milieu professionnel est aujourd’hui démocratisé mais présente toujours des risques de sécurité bien spécifiques : faibles garanties en matière de disponibilité, pas de maîtrise de la zone de couverture pouvant mener à une attaque hors du périmètre géographique de l’entité, configuration par défaut des points d’accès peu sécurisée, etc.\nLa segmentation de l’architecture réseau doit permettre de limiter les conséquences d’une intrusion par voie radio à un périmètre déterminé du système d’information. Les flux en provenance des postes connectés au réseau d’accès Wi-Fi doivent donc être filtrés et restreints aux seuls flux nécessaires.\nDe plus, il est important d’avoir recours prioritairement à un chiffrement robuste (mode WPA2, algorithme AES CCMP) et à une authentification centralisée, si possible par certificats clients des machines.\nLa protection du réseau Wi-Fi par un mot de passe unique et partagé est déconseillée. À défaut, il doit être complexe et so',NULL,NULL,NULL,NULL,'17','17','1.d');
INSERT INTO `O_regle` VALUES ('1747','21','Utiliser des protocoles réseaux sécurisés dès qu’ils existent','/Standard\nSi aujourd’hui la sécurité n’est plus optionnelle, cela n’a pas toujours été le cas. C’est pourquoi de nombreux protocoles réseaux ont dû évoluer pour intégrer cette composante et répondre aux besoins de confidentialité et d’intégrité qu’impose l’échange de données. Les protocoles réseaux sécurisés doivent être utilisés dès que possible, que ce soit sur des réseaux publics (Internet par exemple) ou sur le réseau interne de l’entité.\nBien qu’il soit difficile d’en dresser une liste exhaustive, les protocoles les plus courants reposent sur l’utilisation de TLS et sont souvent identifiables par l’ajout de la lettre « s » (pour secure en anglais) à l’acronyme du protocole.Citons par exemple https pour la navigation Web ou IMAPS, SMTPS ou POP3S pour la messagerie.\nD’autres protocoles ont été conçus de manière sécurisée dès la conception pour se substituer à d’anciens protocoles non sécurisés. Citons par exemple SSH (Secure SHell) venu remplacer les protocoles de communication hist',NULL,NULL,NULL,NULL,'17','17','1.d');
INSERT INTO `O_regle` VALUES ('1748','22','Mettre en place une passerelle d’accès sécurisé à Internet','/Standard\nL’accès à Internet, devenu indispensable, présente des risques importants : sites Web hébergeant du code malveillant, téléchargement de fichiers « toxiques » et, par conséquent, possible prise de contrôle du terminal, fuite de données sensibles, etc. Pour sécuriser cet usage, il est donc indispensable que les terminaux utilisateurs n’aient pas d’accès réseau direct à Internet.\nC’est pourquoi il est recommandé de mettre en oeuvre une passerelle sécurisée d’accès à Internet comprenant au minimum un pare-feu au plus près de l’accès Internet pour filtrer les connexions et un serveur mandataire (proxy) embarquant différents mécanismes de sécurité. Celui-ci assure notamment l’authentification des utilisateurs et la journalisation des requêtes.\n\n/Renforcé\nDes mécanismes complémentaires sur le serveur mandataire pourront être activés selon les besoins de l’entité : analyse antivirus du contenu, filtrage par catégories d’URLs, etc. Le maintien en condition de sécurité des équipements ',NULL,NULL,NULL,NULL,'17','17','1.d');
INSERT INTO `O_regle` VALUES ('1749','23','Cloisonner les services visibles depuis Internet du reste du système d’information','/Standard\nUne entité peut choisir d’héberger en interne des services visibles sur Internet (site web, serveur de messagerie, etc.). Au regard de l’évolution et du perfectionnement des cyberattaques sur Internet, il est essentiel de garantir un haut niveau de protection de ce service avec des administrateurs compétents, formés de manière continue (à l’état de l’art des technologies en la matière) et disponibles. Dans le cas contraire, le recours à un hébergement externalisé auprès de professionnels est à privilégier.\nDe plus, les infrastructures d’hébergement Internet doivent être physiquement cloisonnées de toutes les infrastructures du système d’information qui n’ont pas vocation à être visibles depuis Internet.\nEnfin, il convient de mettre en place une infrastructure d’interconnexion de ces services avec Internet permettant de filtrer les flux liés à ces services de manière distincte des autres flux de l’entité. Il s’agit également d’imposer le passage des flux entrants par un serveu',NULL,NULL,NULL,NULL,'17','17','1.d');
INSERT INTO `O_regle` VALUES ('1750','24','Protéger sa messagerie professionnelle','/Standard\nLa messagerie est le principal vecteur d’infection du poste de travail, qu’il s’agisse de l’ouverture de pièces jointes contenant un code malveillant ou du clic malencontreux sur un lien redirigeant vers un site lui-même malveillant.\nLes utilisateurs doivent être particulièrement sensibilisés à ce sujet : l’expéditeur est-il connu ? Une information de sa part est-elle attendue ? Le lien proposé est-il cohérent avec le sujet évoqué ? En cas de doute, une vérification de l’authenticité du message par un autre canal (téléphone, SMS, etc.) est nécessaire.\nPour se prémunir d’escroqueries (ex : demande de virement frauduleux émanant vraisemblablement d’un dirigeant), des mesures organisationnelles doivent être appliquées strictement.\nPar ailleurs, la redirection de messages professionnels vers une messagerie personnelle est à proscrire car cela constitue une fuite irrémédiable d’informations de l’entité. Si nécessaire des moyens maîtrisés et sécurisés pour l’accès distant à la mess',NULL,NULL,NULL,NULL,'17','17','1.d');
INSERT INTO `O_regle` VALUES ('1751','25','Sécuriser les interconnexions réseau dédiées avec les partenaires','/Standard\nPour des besoins opérationnels, une entité peut être amenée à établir une interconnexion réseau dédiée avec un fournisseur ou un client (ex : infogérance, échange de données informatisées, flux monétiques, etc.).\nCette interconnexion peut se faire au travers d’un lien sur le réseau privé de l’entité ou directement sur Internet. Dans le second cas, il convient d’établir un tunnel site à site, de préférence IPsec, en respectant les préconisations de l’ANSSI.\nLe partenaire étant considéré par défaut comme non sûr, il est indispensable d’effectuer un filtrage IP à l’aide d’un pare-feu au plus près de l’entrée des flux sur le réseau de l’entité. La matrice des flux (entrants et sortants) devra être réduite au juste besoin opérationnel, maintenue dans le temps et la configuration des équipements devra y être conforme.\n\n/Renforcé\nPour des entités ayant des besoins de sécurité plus exigeants, il conviendra de s’assurer que l’équipement de filtrage IP pour les connexions partenaires e',NULL,NULL,NULL,NULL,'17','17','1.d');
INSERT INTO `O_regle` VALUES ('1752','26','Contrôler et protéger l’accès aux salles serveurs et aux locaux techniques','/Standard\nLes mécanismes de sécurité physique doivent faire partie intégrante de la sécurité des systèmes d’information et être à l’état de l’art afin de s’assurer qu’ils ne puissent pas être contournés aisément par un attaquant. Il convient donc d’identifier les mesures de sécurité physique adéquates et de sensibiliser continuellement les utilisateurs aux risques engendrés par le contournement des règles.\nLes accès aux salles serveurs et aux locaux techniques doivent être contrôlés à l’aide de serrures ou de mécanismes de contrôle d’accès par badge. Les accès non accompagnés des prestataires extérieurs aux salles serveurs et aux locaux techniques sont à proscrire, sauf s’il est possible de tracer strictement les accès et de limiter ces derniers en fonction des plages horaires. Une revue des droits d’accès doit être réalisée régulièrement afin d’identifier les accès non autorisés.\nLors du départ d’un collaborateur ou d’un changement de prestataire, il est nécessaire de procéder au retr',NULL,NULL,NULL,NULL,'17','17','1.d');
INSERT INTO `O_regle` VALUES ('1753','27','Interdire l’accès à Internet depuis les postes ou serveurs utilisés pour l’administration du système','/Standard\nUn poste de travail ou un serveur utilisé pour les actions d’administration ne doit en aucun cas avoir accès à Internet, en raison des risques que la navigation Web (à travers des sites contenant du code malveillant) et la messagerie (au travers de pièces jointes potentiellement vérolées) font peser sur son intégrité.\nPour les autres usages des administrateurs nécessitant Internet (consultation de documentation en ligne, de leur messagerie, etc.), il est recommandé de mettre à leur disposition un poste de travail distinct. À défaut, l’accès à une infrastructure virtualisée distante pour la bureautique depuis un poste d’administration est envisageable. La réciproque consistant à fournir un accès distant à une infrastructure d’administration depuis un poste bureautique est déconseillée car elle peut mener à une élévation de privilèges en cas de récupération des authentifiants d’administration.\n\n/Renforcé\nConcernant les mises à jour logicielles des équipements administrés, elles',NULL,NULL,NULL,NULL,'17','17','1.d');
INSERT INTO `O_regle` VALUES ('1754','28','Utiliser un réseau dédié et cloisonné pour l’administration du système d’information','/Standard\nUn réseau d’administration interconnecte, entre autres, les postes ou serveurs d’administration et les interfaces d’administration des équipements. Dans la logique de segmentation du réseau global de l’entité, il est indispensable de cloisonner spécifiquement le réseau d’administration, notamment vis-à-vis du réseau bureautique des utilisateurs, pour se prémunir de toute compromission par rebond depuis un poste utilisateur vers une ressource d’administration. \nSelon les besoins de sécurité de l’entité, il est recommandé :\n>> de privilégier en premier lieu un cloisonnement physique des réseaux dès que cela est possible, cette solution pouvant représenter des coûts et un temps de déploiement importants ;/Renforcé\n>> à défaut, de mettre en oeuvre un cloisonnement logique cryptographique reposant sur la mise en place de tunnels IPsec. Ceci permet d’assurer l’intégrité et la confidentialité des informations véhiculées sur le réseau d’administration vis-à-vis du réseau bureautique ',NULL,NULL,NULL,NULL,'17','17','1.d');
INSERT INTO `O_regle` VALUES ('1755','29','Limiter au strict besoin opérationnel les droits d’administration sur les postes de travail','/Standard\nDe nombreux utilisateurs, y compris au sommet des hiérarchies, sont tentés de demander à leur service informatique de pouvoir disposer, par analogie avec leur usage personnel, de privilèges plus importants sur leurs postes de travail : installation de logiciels, configuration du système, etc. Par défaut,il est recommandé qu’un utilisateur du SI, quelle que soit sa position hiérarchique et ses attributions, ne dispose pas de privilèges d’administration sur son poste de travail. Cette mesure, apparemment contraignante, vise à limiter les conséquences de l’exécution malencontreuse d’un code malveillant. La mise à disposition d’un magasin étoffé d’applications validées par l’entité du point de vue de la sécurité permettra de répondre à la majorité des besoins.\nPar conséquent, seuls les administrateurs chargés de l’administration des postes doivent disposer de ces droits lors de leurs interventions.\nSi une délégation de privilèges sur un poste de travail est réellement nécessaire ',NULL,NULL,NULL,NULL,'17','17','1.d');
INSERT INTO `O_regle` VALUES ('1756','30','Prendre des mesures de sécurisation physique des terminaux nomades','/Standard\nLes terminaux nomades (ordinateurs portables, tablettes, ordiphones) sont, par nature, exposés à la perte et au vol. Ils peuvent contenir localement des informations sensibles pour l’entité et constituer un point d’entrée vers de plus amples ressources du système d’information. Au-delà de l’application au minimum des politiques de sécurité de l’entité, des mesures spécifiques de sécurisation de ces équipements sont donc à prévoir.\nEn tout premier lieu, les utilisateurs doivent être sensibilisés pour augmenter leur niveau de vigilance lors de leurs déplacements et conserver leurs équipements à portée de vue. N’importe quelle entité, même de petite taille, peut être victime d’une attaque informatique. Dès lors, en mobilité, tout équipement devient une cible potentielle voire privilégiée.\nIl est recommandé que les terminaux nomades soient aussi banalisés que possible en évitant toute mention explicite de l’entité d’appartenance (par l’apposition d’un autocollant aux couleurs de ',NULL,NULL,NULL,NULL,'17','17','1.d');
INSERT INTO `O_regle` VALUES ('1757','31','Chiffrer les données sensibles, en particulier sur le matériel potentiellement perdable','/Standard\nLes déplacements fréquents en contexte professionnel et la miniaturisation du matériel informatique conduisent souvent à la perte ou au vol de celui-ci dans l’espace public. Cela peut porter atteinte aux données sensibles de l’entité qui y sont stockées.\nIl faut donc ne stocker que des données préalablement chiffrées sur l’ensemble des matériels nomades (ordinateurs portables, ordiphones, clés USB, disques durs externes, etc.) afin de préserver leur confidentialité. Seul un secret (mot de passe, carte à puce, code PIN, etc.) pourra permettre à celui qui le possède d’accéder à ces données.\nUne solution de chiffrement de partition, d’archives ou de fichier peut être envisagée selon les besoins. Là encore, il est essentiel de s’assurer de l’unicité et de la robustesse du secret de déchiffrement utilisé. Dans la mesure du possible, il est conseillé de commencer par un chiffrement complet du disque avant d’envisager le chiffrement d’archives ou de fichiers.\nEn effet, ces derniers ',NULL,NULL,NULL,NULL,'17','17','1.d');
INSERT INTO `O_regle` VALUES ('1758','32','Sécuriser la connexion réseau des postes utilisés en situation de nomadisme','/Standard\nEn situation de nomadisme, il n’est pas rare qu’un utilisateur ait besoin de se connecter au système d’information de l’entité. Il convient par conséquent de s’assurer du caractère sécurisé de cette connexion réseau à travers Internet.\nMême si la possibilité d’établir des tunnels VPN SSL/TLS est aujourd’hui courante, il est fortement recommandé d’établir un tunnel VPN IPsec entre le poste nomade et une passerelle VPN IPsec mise à disposition par l’entité.\nPour garantir un niveau de sécurité optimal, ce tunnel VPN IPsec doit être automatiquement établi et ne pas être débrayable par l’utilisateur, c’est-à-dire qu’aucun flux ne doit pouvoir être transmis en dehors de ce tunnel.\nPour les besoins spécifiques d’authentification aux portails captifs, l’entité peut choisir de déroger à la connexion automatique en autorisant une connexion à la demande ou maintenir cette recommandation en encourageant l’utilisateur à utiliser un partage de connexion sur un téléphone mobile de confiance',NULL,NULL,NULL,NULL,'17','17','1.d');
INSERT INTO `O_regle` VALUES ('1759','33','Adopter des politiques de sécurité dédiées aux terminaux mobiles','/Standard\nLes ordiphones et tablettes font partie de notre quotidien personnel et/ou professionnel. La première des recommandations consiste justement à ne pas mutualiser les usages personnel et professionnel sur un seul et même terminal, par exemple en ne synchronisant pas simultanément comptes professionnel et personnel de messagerie, de réseaux sociaux, d’agendas, etc.\nLes terminaux, fournis par l’entité et utilisés en contexte professionnel doivent faire l’objet d’une sécurisation à part entière, dès lors qu’ils se connectent au système d’information de l’entité ou qu’ils contiennent des informations professionnelles potentiellement sensibles (mails, fichiers partagés, contacts, etc.). Dès lors, l’utilisation d’une solution de gestion centralisée des équipements mobiles est à privilégier. Il sera notamment souhaitable de configurer de manière homogène les politiques de sécurité inhérentes : moyen de déverrouillage du terminal, limitation de l’usage du magasin d’applications à des a',NULL,NULL,NULL,NULL,'17','17','1.d');
INSERT INTO `O_regle` VALUES ('1760','34','Définir une politique de mise à jour des composants du système d’information','/Standard\nDe nouvelles failles sont régulièrement découvertes au coeur des systèmes et logiciels. Ces dernières sont autant de portes d’accès qu’un attaquant peut exploiter pour réussir son intrusion dans le système d’information. Il est donc primordial de s’informer de l’apparition de nouvelles vulnérabilités (CERTFR) et d’appliquer les correctifs de sécurité sur l’ensemble des composants du système dans le mois qui suit leur publication par l’éditeur. Une politique de mise à jour doit ainsi être définie et déclinée en procédures opérationnelles.\nCelles-ci doivent notamment préciser :\n>> la manière dont l’inventaire des composants du système d’information est réalisé ;\n>> les sources d’information relatives à la publication des mises à jour ;\n>> les outils pour déployer les correctifs sur le parc (par exemple WSUS pour les mises à jour des composants Microsoft, des outils gratuits ou payants pour les composants tiers et autres systèmes d’exploitation) ;\n>> l’éventuelle qualification d',NULL,NULL,NULL,NULL,'17','17','1.d');
INSERT INTO `O_regle` VALUES ('1761','35','Anticiper la fin de la maintenance des logiciels et systèmes et limiter les adhérences logicielles','/Standard\nL’utilisation d’un système ou d’un logiciel obsolète augmente significativement les possibilités d’attaque informatique. Les systèmes deviennent vulnérables dès lors que les correctifs ne sont plus proposés. En effet, des outils malveillants exploitant ces vulnérabilités peuvent se diffuser rapidement sur Internet alors même que l’éditeur ne propose pas de correctif de sécurité.\nPour anticiper ces obsolescences, un certain nombre de précautions existent :\n>> établir et tenir à jour un inventaire des systèmes et applications du système d’information ;\n>> choisir des solutions dont le support est assuré pour une durée correspondant à leur utilisation ;\n>> assurer un suivi des mises à jour et des dates de fin de support des logiciels ;\n>> maintenir un parc logiciel homogène (la coexistence de versions différentes d’un même produit multiplie les risques et complique le suivi) ;\n>> limiter les adhérences logicielles, c’est-à-dire les dépendances de fonctionnement d’un logiciel par',NULL,NULL,NULL,NULL,'17','17','1.d');
INSERT INTO `O_regle` VALUES ('1762','36','Activer et configurer les journaux des composants les plus importants','/Standard\nDisposer de journaux pertinents est nécessaire afin de pouvoir détecter d’éventuels dysfonctionnements et tentatives d’accès illicites aux composants du système d’information.\nLa première étape consiste à déterminer quels sont les composants critiques du système d’information. Il peut notamment s’agir des équipements réseau et de sécurité, des serveurs critiques, des postes de travail d’utilisateurs sensibles, etc.\nPour chacun, il convient d’analyser la configuration des éléments journalisés (format, fréquence de rotation des fichiers, taille maximale des fichiers journaux, catégories d’évènements enregistrés, etc.) et de l’adapter en conséquence.\nLes évènements critiques pour la sécurité doivent être journalisés et gardés pendant au moins un an (ou plus en fonction des obligations légales du secteur d’activités).\nUne étude contextuelle du système d’information doit être effectuée et les éléments suivants doivent être journalisés :\n>> pare-feu : paquets bloqués ;\n>> systèmes ',NULL,NULL,NULL,NULL,'17','17','1.d');
INSERT INTO `O_regle` VALUES ('1763','37','Définir et appliquer une politique de sauvegarde des composants critiques','/Standard\nSuite à un incident d’exploitation ou en contexte de gestion d’une intrusion, la disponibilité de sauvegardes conservées en lieu sûr est indispensable à la poursuite de l’activité. Il est donc fortement recommandé de formaliser une politique de sauvegarde régulièrement mise à jour. Cette dernière a pour objectif de définir des exigences en matière de sauvegarde de l’information, des logiciels et des systèmes.\nCette politique doit au moins intégrer les éléments suivants :\n>> la liste des données jugées vitales pour l’organisme et les serveurs concernés ;\n>> les différents types de sauvegarde (par exemple le mode hors ligne) ;\n>> la fréquence des sauvegardes ;\n>> la procédure d’administration et d’exécution des sauvegardes ;\n>> les informations de stockage et les restrictions d’accès aux sauvegardes ;\n>> les procédures de test de restauration ;\n>> la destruction des supports ayant contenu les sauvegardes.\nLes tests de restauration peuvent être réalisés de plusieurs manières :\n>',NULL,NULL,NULL,NULL,'17','17','1.d');
INSERT INTO `O_regle` VALUES ('1764','38','Procéder à des contrôles et audits de sécurité réguliers puis appliquer les actions correctives asso','/Renforcé\nLa réalisation d’audits réguliers (au moins une fois par an) du système d’information est essentielle car elle permet d’évaluer concrètement l’efficacité des mesures mises en oeuvre et leur maintien dans le temps. Ces contrôles et audits permettent également de mesurer les écarts pouvant persister entre la règle et la pratique.\nIls peuvent être réalisés par d’éventuelles équipes d’audit internes ou par des sociétés externes spécialisées. Selon le périmètre à contrôler, des audits techniques et/ou organisationnels seront effectués par les professionnels mobilisés. Ces audits sont d’autant plus nécessaires que l’entité doit être conforme à des réglementations et obligations légales directement liées à ses activités.\nÀ l’issue de ces audits, des actions correctives doivent être identifiées, leur application planifiée et des points de suivi organisés à intervalles réguliers. Pour une plus grande efficacité, des indicateurs sur l’état d’avancement du plan d’action pourront être in',NULL,NULL,NULL,NULL,'17','17','1.d');
INSERT INTO `O_regle` VALUES ('1765','39','Désigner un référent en sécurité des systèmes d’information et le faire connaître auprès du personne','/Standard\nToute entité doit disposer d’un référent en sécurité des systèmes d’information qui sera soutenu par la direction ou par une instance décisionnelle spécialisée selon le niveau de maturité de la structure.\nCe référent devra être connu de tous les utilisateurs et sera le premier contact pour toutes les questions relatives à la sécurité des systèmes d’information :\n>> définition des règles à appliquer selon le contexte ;\n>> vérification de l’application des règles ;\n>> sensibilisation des utilisateurs et définition d’un plan de formation des acteurs informatiques ;\n>> centralisation et traitement des incidents de sécurité constatés ou remontés par les utilisateurs.\nCe référent devra être formé à la sécurité des systèmes d’information et à la gestion de crise.\nDans les entités les plus importantes, ce correspondant peut être désigné pour devenir le relais du RSSI. Il pourra par exemple signaler les doléances des utilisateurs et identifier les thématiques à aborder dans le cadre d',NULL,NULL,NULL,NULL,'17','17','1.d');
INSERT INTO `O_regle` VALUES ('1766','40','Définir une procédure de gestion des incidents de sécurité','/Standard\nLe constat d’un comportement inhabituel de la part d’un poste de travail ou d’un serveur (connexion impossible, activité importante, activités inhabituelles, services ouverts non autorisés, fichiers créés, modifiés ou supprimés sans autorisation, multiples alertes de l’antivirus, etc.) peut alerter sur une éventuelle intrusion.\nUne mauvaise réaction en cas d’incident de sécurité peut faire empirer la situation et empêcher de traiter correctement le problème. Le bon réflexe est de déconnecter la machine du réseau, pour stopper l’attaque. En revanche, il faut la maintenir sous tension et ne pas la redémarrer, pour ne pas perdre d’informations utiles pour l’analyse de l’attaque. Il faut ensuite prévenir la hiérarchie, ainsi que le référent en sécurité des systèmes d’information.\nCelui-ci peut prendre contact avec un prestataire de réponse aux incidents de sécurité (PRIS) afin de faire réaliser les opérations techniques nécessaires (copie physique du disque, analyse de la mémoire',NULL,NULL,NULL,NULL,'17','17','1.d');
INSERT INTO `O_regle` VALUES ('1767','41','Mener une analyse de risques formelle','/Renforcé\nChaque entité évolue dans un environnement informationnel complexe qui lui est propre. Aussi, toute prise de position ou plan d’action impliquant la sécurité du système d’information doit être considéré à la lumière des risques pressentis par la direction. En effet, qu’il s’agisse de mesures organisationnelles ou techniques, leur mise en oeuvre représente un coût pour l’entité qui nécessite de s’assurer qu’elles permettent de réduire au bon niveau un risque identifié.\nDans les cas les plus sensibles, l’analyse de risque peut remettre en cause certains choix passés. Ce peut notamment être le cas si la probabilité d’apparition d’un événement et ses conséquences potentielles s’avèrent critiques pour l’entité et qu’il n’existe aucune action préventive pour le maîtriser.\nLa démarche recommandée consiste, dans les grandes lignes, à définir le contexte, apprécier les risques et les traiter. L’évaluation de ces risques s’opère généralement selon deux axes : leur probabilité d’apparit',NULL,NULL,NULL,NULL,'17','17','1.d');
INSERT INTO `O_regle` VALUES ('1768','42','Privilégier l’usage de produits et de services qualifiés par l’ANSSI','/Renforcé\nLa qualification prononcée par l’ANSSI offre des garanties de sécurité et de confiance aux acheteurs de solutions listées dans les catalogues de produits et de prestataires de service qualifiés que publie l’agence.\nAu-delà des entités soumises à réglementation, l’ANSSI encourage plus généralement l’ensemble des entreprises et administrations françaises à utiliser des produits qu’elle qualifie, seul gage d’une étude sérieuse et approfondie du fonctionnement technique de la solution et de son écosystème.\nS’agissant des prestataires de service qualifiés, ce label permet de répondre aux enjeux et projets de cybersécurité pour l’ensemble du tissu économique français que l’ANSSI ne saurait adresser seule. Évalués sur des critères techniques et organisationnels, les prestataires qualifiés couvrent l’essentiel des métiers de la sécurité des systèmes d’information. Ainsi, en fonction de ses besoins et du maillage national, une entité pourra faire appel à un Prestataire d’audit de la s',NULL,NULL,NULL,NULL,'17','17','1.d');
INSERT INTO `O_regle` VALUES ('1769','1','Former les équipes opérationnelles à la sécurité des systèmes d’information','/ standard\nLes équipes opérationnelles (administrateurs réseau, sécurité et système, chefs de projet, développeurs, RSSI) ont des accès privilégiés au système d’information. Elles peuvent, par inadvertance ou par méconnaissance des conséquences de certaines pratiques, réaliser des opérations génératrices de vulnérabilités. \nCitons par exemple l’affectation de comptes disposant de trop nombreux privilèges par rapport à la tâche à réaliser, l’utilisation de comptes personnels pour exécuter des services ou tâches périodiques, ou encore le choix de mots de passe peu robustes donnant accès à des comptes privilégiés.\nLes équipes opérationnelles, pour être à l’état de l’art de la sécurité des systèmes d’information, doivent donc suivre - à leur prise de poste puis à intervalles réguliers - des formations sur : \n> la législation en vigueur ;\n> les principaux risques et menaces ;\n> le maintien en condition de sécurité ;\n> l’authentification et le contrôle d’accès ;\n> le paramétrage fin et le du',NULL,NULL,NULL,NULL,'18','15','1.d');
INSERT INTO `O_regle` VALUES ('1770','2','Sensibiliser les utilisateurs aux bonnes pratiques élémentaires de sécurité informatique','/ standard\nChaque utilisateur est un maillon à part entière de la chaîne des systèmes d’information. À ce titre et dès son arrivée dans l’entité, il doit être informé des enjeux de sécurité, des règles à respecter et des bons comportements à adopter en matière de sécurité des systèmes d’information à travers des actions de sensibilisation et de formation.\nCes dernières doivent être régulières, adaptées aux utilisateurs ciblés, peuvent prendre différentes formes (mails, affichage, réunions, espace intranet dédié,etc.) et aborder au minimum les sujets suivants :\n>> les objectifs et enjeux que rencontre l’entité en matière de sécurité dessystèmes d’information ;\n>> les informations considérées comme sensibles ;>> les réglementations et obligations légales ;\n>> les règles et consignes de sécurité régissant l’activité quotidienne : respect de la politique de sécurité, non-connexion d’équipements personnels au réseau de l’entité, non-divulgation de mots de passe à un tiers, non-réutilisation',NULL,NULL,NULL,NULL,'18','15','1.d');
INSERT INTO `O_regle` VALUES ('1771','3','Maîtriser les risques de l’infogérance','/ standard\nLorsqu’une entité souhaite externaliser son système d’information ou ses données, elle doit en amont évaluer les risques spécifiques à l’infogérance (maîtrise du système d’information, actions à distance, hébergement mutualisé, etc.) afin de prendre en compte, dès la rédaction des exigences applicables au futur prestataire, les besoins et mesures de sécurité adaptés.\nLes risques SSI inhérents à ce type de démarche peuvent être liés au contexte de l’opération d’externalisation mais aussi à des spécifications contractuelles déficientes ou incomplètes.\nEn faveur du bon déroulement des opérations, il s’agit donc :\n>> d’étudier attentivement les conditions des offres, la possibilité de les adapter à des besoins spécifiques et les limites de responsabilité du prestataire ;\n>> d’imposer une liste d’exigences précises au prestataire : réversibilité du contrat, réalisation d’audits, sauvegarde et restitution des données dans un format ouvert normalisé, maintien à niveau de la sécurit',NULL,NULL,NULL,NULL,'18','15','1.d');
INSERT INTO `O_regle` VALUES ('1772','4','Identifier les informations et serveurs les plus sensibles et maintenir un schéma du réseau','/Standard\nChaque entité possède des données sensibles. Ces dernières peuvent porter sur son activité propre (propriété intellectuelle, savoir-faire, etc.) ou sur ses clients, administrés ou usagers (données personnelles, contrats, etc.). Afin de pouvoir les protéger efficacement, il est indispensable de les identifier.\nÀ partir de cette liste de données sensibles, il sera possible de déterminer sur quels composants du système d’information elles se localisent (bases de données, partages de fichiers, postes de travail, etc.). Ces composants correspondent aux serveurs et postes critiques pour l’entité. À ce titre, ils devront faire l’objet de mesures de sécurité spécifiques pouvant porter sur la sauvegarde, la journalisation, les accès, etc.\nIl s’agit donc de créer et de maintenir à jour un schéma simplifié du réseau (ou cartographie) représentant les différentes zones IP et le plan d’adressage associé, les équipements de routage et de sécurité (pare-feu, relais applicatifs,etc.) et les ',NULL,NULL,NULL,NULL,'18','15','1.d');
INSERT INTO `O_regle` VALUES ('1773','5','Disposer d’un inventaire exhaustif des comptes privilégiés et le maintenir à jour','/Standard\nLes comptes bénéficiant de droits spécifiques sont des cibles privilégiées par les attaquants qui souhaitent obtenir un accès le plus large possible au système d’information. Ils doivent donc faire l’objet d’une attention toute particulière.\n Il s’agit pour cela d’effectuer un inventaire de ces comptes, de le mettre à jour régulièrement et d’y renseigner les informations suivantes :\n>> les utilisateurs ayant un compte administrateur ou des droits supérieurs à ceux d’un utilisateur standard sur le système d’information ;\n>> les utilisateurs disposant de suffisamment de droits pour accéder aux répertoires de travail des responsables ou de l’ensemble des utilisateurs ;\n>> les utilisateurs utilisant un poste non administré par le service informatique et qui ne fait pas l’objet de mesures de sécurité édictées par la politique de sécurité générale de l’entité.\nIl est fortement recommandé de procéder à une revue périodique de ces comptes afin de s’assurer que les accès aux éléments ',NULL,NULL,NULL,NULL,'18','15','1.d');
INSERT INTO `O_regle` VALUES ('1774','6','Organiser les procédures d’arrivée, de départ et de changement de fonction des utilisateurs','/ Standard\nLes effectifs d’une entité, qu’elle soit publique ou privée, évoluent sans cesse : arrivées, départs, mobilité interne. Il est par conséquent nécessaire que les droits et les accès au système d’information soient mis à jour en fonction de ces évolutions. Il est notamment essentiel que l’ensemble des droits affectés à une personne soient révoqués lors de son départ ou en cas de changement de fonction. Les procédures d’arrivée et de départ doivent donc être définies, en lien avec la fonction ressources humaines. Elles doivent au minimum prendre en compte :\n>> la création et la suppression des comptes informatiques et boîtes aux lettres associées ;\n>> les droits et accès à attribuer et retirer à une personne dont la fonction change ;\n>> la gestion des accès physiques aux locaux (attribution, restitution des badges et des clés, etc.) ;\n>> l’affectation des équipements mobiles (ordinateur portable, clé USB, disque dur, ordiphone, etc.) ;\n>> la gestion des documents et information',NULL,NULL,NULL,NULL,'18','15','1.d');
INSERT INTO `O_regle` VALUES ('1775','7','Autoriser la connexion au réseau de l’entité aux seuls équipements maîtrisés','/Standard\nPour garantir la sécurité de son système d’information, l’entité doit maîtriser les équipements qui s’y connectent, chacun constituant un point d’entrée potentiellement vulnérable. Les équipements personnels (ordinateurs portables, tablettes, ordiphones, etc.) sont, par définition, difficilement maîtrisables dans la mesure où ce sont les utilisateurs qui décident de leur niveau de sécurité. De la même manière, la sécurité des équipements dont sont dotés les visiteurs échappe à tout contrôle de l’entité.\n Seule la connexion de terminaux maîtrisés par l’entité doit être autorisée sur ses différents réseaux d’accès, qu’ils soient filaire ou sans fil. Cette recommandation, avant tout d’ordre organisationnel, est souvent perçue comme inacceptable ou rétrograde. Cependant, y déroger fragilise le réseau de l’entité et sert ainsi les intérêts d’un potentiel attaquant.\nLa sensibilisation des utilisateurs doit donc s’accompagner de solutions pragmatiques répondant à leurs besoins. Cito',NULL,NULL,NULL,NULL,'18','15','1.d');
INSERT INTO `O_regle` VALUES ('1776','8','Identifier nommément chaque personne accédant au système et distinguer les rôles utilisateur /admini','/Standard\nAfin de faciliter l’attribution d’une action sur le système d’information en cas d’incident ou d’identifier d’éventuels comptes compromis, les comptes d’accès doivent être nominatifs.\nL’utilisation de comptes génériques (ex : admin, user) doit être marginale et ceux-ci doivent pouvoir être rattachés à un nombre limité de personnes physiques.\nBien entendu, cette règle n’interdit pas le maintien de comptes de service, rattachés à un processus informatique (ex : apache, mysqld).\nDans tous les cas, les comptes génériques et de service doivent être gérés selon une politique au moins aussi stricte que celle des comptes nominatifs. Par ailleurs, un compte d’administration nominatif, distinct du compte utilisateur, doit être attribué à chaque administrateur. Les identifiants et secrets d’authentification doivent être différents (ex : pmartin comme identifiant utilisateur, adm-pmartin comme identifiant administrateur). Ce compte d’administration, disposant de plus de privilèges, doit ',NULL,NULL,NULL,NULL,'18','15','1.d');
INSERT INTO `O_regle` VALUES ('1777','9','Attribuer les bons droits sur les ressources sensibles du système d’information','/Standard\nCertaines des ressources du système peuvent constituer une source d’information précieuse aux yeux d’un attaquant (répertoires contenant des données sensibles, bases de données, boîtes aux lettres électroniques, etc.). Il est donc primordial d’établir une liste précise de ces ressources et pour chacune d’entre elles :\n>> de définir quelle population peut y avoir accès ;\n>> de contrôler strictement son accès, en s’assurant que les utilisateurs sont authentifiés et font partie de la population ciblée ;\n>> d’éviter sa dispersion et sa duplication à des endroits non maîtrisés ou soumis à un contrôle d’accès moins strict. \nPar exemple, les répertoires des administrateurs regroupant de nombreuses informations sensibles doivent faire l’objet d’un contrôle d’accès précis. Il en va de même pour les informations sensibles présentes sur des partages réseau : exports de fichiers de configuration, documentation technique du système d’information, bases de données métier, etc. Une revue ré',NULL,NULL,NULL,NULL,'18','15','1.d');
INSERT INTO `O_regle` VALUES ('1778','10','Définir et vérifier des règles de choix et de dimensionnement des mots de passe','/Standard\nL’ANSSI énonce un ensemble de règles et de bonnes pratiques en matière de choix et de dimensionnement des mots de passe. Parmi les plus critiques de ces règles figure la sensibilisation des utilisateurs aux risques liés au choix d’un mot de passe qui serait trop facile à deviner, ou encore la réutilisation de mots de passe d’une application à l’autre et plus particulièrement entre messageries personnelles et professionnelles.\nPour encadrer et vérifier l’application de ces règles de choix et de dimensionnement, l’entité pourra recourir à différentes mesures parmi lesquelles :\n>> le blocage des comptes à l’issue de plusieurs échecs de connexion ;\n>> la désactivation des options de connexion anonyme ;\n>> l’utilisation d’un outil d’audit de la robustesse des mots de passe.\nEn amont de telles procédures, un effort de communication visant à expliquer le sens de ces règles et éveiller les consciences sur leur importance est fondamental.',NULL,NULL,NULL,NULL,'18','15','1.d');
INSERT INTO `O_regle` VALUES ('1779','11','Protéger les mots de passe stockés sur les systèmes','/Standard\nLa complexité, la diversité ou encore l’utilisation peu fréquente de certains mots de passe, peuvent encourager leur stockage sur un support physique (mémo, post-it) ou numérique (fichiers de mots de passe, envoi par mail à soimême, recours aux boutons « Se souvenir du mot de passe ») afin de pallier tout oubli ou perte.\nOr, les mots de passe sont une cible privilégiée par les attaquants désireux d’accéder au système, que cela fasse suite à un vol ou à un éventuel partage du support de stockage. C’est pourquoi ils doivent impérativement être protégés au moyen de solutions sécurisées au premier rang desquelles figurent l’utilisation d’un coffre-fort numérique et le recours à des mécanismes de chiffrement.\nBien entendu, le choix d’un mot de passe pour ce coffre-fort numérique doit respecter les règles énoncées précédemment et être mémorisé par l’utilisateur, qui n’a plus que celui-ci à retenir.',NULL,NULL,NULL,NULL,'18','15','1.d');
INSERT INTO `O_regle` VALUES ('1780','12','Changer les éléments d’authentification par défaut sur les équipements et services','/Standard\nIl est impératif de partir du principe que les configurations par défaut des systèmes d’information sont systématiquement connues des attaquants, quand bien même celles-ci ne le sont pas du grand public. Ces configurations se révèlent (trop) souvent triviales (mot de passe identique à l’identifiant, mal dimensionné ou commun à l’ensemble des équipements et services par exemple) et sont, la plupart du temps, faciles à obtenir pour des attaquants capables de se faire passer pour un utilisateur légitime.\nLes éléments d’authentification par défaut des composants du système doivent donc être modifiés dès leur installation et, s’agissant de mots de passe, être conformes aux recommandations précédentes en matière de choix, de dimensionnement et de stockage.\nSi le changement d’un identifiant par défaut se révèle impossible pour cause, par exemple, de mot de passe ou certificat « en dur » dans un équipement, ce problème critique doit être signalé au distributeur du produit afin que ce',NULL,NULL,NULL,NULL,'18','15','1.d');
INSERT INTO `O_regle` VALUES ('1781','13','Privilégier lorsque c’est possible une authentification forte','/Standard\nIl est vivement recommandé de mettre en oeuvre une authentification forte nécessitant l’utilisation de deux facteurs d’authentification différents parmi les suivants :\n>> quelque chose que je sais (mot de passe, tracé de déverrouillage, signature) ;\n>> quelque chose que je possède (carte à puce, jeton USB, carte magnétique, RFID, un téléphone pour recevoir un code SMS) ;\n >> quelque chose que je suis (une empreinte biométrique).\n\n/Renforcé\nLes cartes à puces doivent être privilégiées ou, à défaut, les mécanismes de mots de passe à usage unique (ou One Time Password) avec jeton physique. Les opérations cryptographiques mises en place dans ces deux facteurs offrent généralement de bonnes garanties de sécurité.\nLes cartes à puce peuvent être plus complexes à mettre en place car nécessitant une infrastructure de gestion des clés adaptée. Elles présentent cependant l’avantage d’être réutilisables à plusieurs fins : chiffrement, authentification de messagerie, authentification sur ',NULL,NULL,NULL,NULL,'18','15','1.d');
INSERT INTO `O_regle` VALUES ('1782','14','Mettre en place un niveau de sécurité minimal sur l’ensemble du parc informatique','/Standard\nL’utilisateur plus ou moins au fait des bonnes pratiques de sécurité informatique est, dans de très nombreux cas, la première porte d’entrée des attaquants vers le système. Il est donc fondamental de mettre en place un niveau de sécurité minimal sur l’ensemble du parc informatique de l’entité (postes utilisateurs, serveurs, imprimantes, téléphones, périphériques USB, etc.) en implémentant les mesures suivantes :\n>> limiter les applications installées et modules optionnels des navigateurs web aux seuls nécessaires ;\n>> doter les postes utilisateurs d’un pare-feu local et d’un anti-virus (ceux-ci sont parfois inclus dans le système d’exploitation) ;\n>> chiffrer les partitions où sont stockées les données des utilisateurs ;\n>> désactiver les exécutions automatiques (autorun).\nEn cas de dérogation nécessaire aux règles de sécurité globales applicables aux postes, ceux-ci doivent être isolés du système (s’il est impossible de mettre à jour certaines applications pour des raisons d',NULL,NULL,NULL,NULL,'18','15','1.d');
INSERT INTO `O_regle` VALUES ('1783','15','Se protéger des menaces relatives à l’utilisation de supports amovibles','/Standard\nLes supports amovibles peuvent être utilisés afin de propager des virus, voler des informations sensibles et stratégiques ou encore compromettre le réseau de l’entité. De tels agissements peuvent avoir des conséquences désastreuses pour l’activité de la structure ciblée.\nS’il n’est pas question d’interdire totalement l’usage de supports amovibles au sein de l’entité, il est néanmoins nécessaire de traiter ces risques en identifiant des mesures adéquates et en sensibilisant les utilisateurs aux risques que ces supports peuvent véhiculer.\nIl convient notamment de proscrire le branchement de clés USB inconnues (ramassées dans un lieu public par exemple) et de limiter au maximum celui de clés non maîtrisées (dont on connait la provenance mais pas l’intégrité) sur le système d’information à moins, dans ce dernier cas, de faire inspecter leur contenu par l’antivirus du poste de travail.\n\n/Renforcé\nSur les postes utilisateur, il est recommandé d’utiliser des solutions permettant d’i',NULL,NULL,NULL,NULL,'18','15','1.d');
INSERT INTO `O_regle` VALUES ('1784','16','Utiliser un outil de gestion centralisée afin d’homogénéiser les politiques de sécurité','/Standard\nLa sécurité du système d’information repose sur la sécurité du maillon le plus faible. Il est donc nécessaire d’homogénéiser la gestion des politiques de sécurité s’appliquant à l’ensemble du parc informatique de l’entité.\nL’application de ces politiques (gestion des mots de passe, restrictions de connexions sur certains postes sensibles, configuration des navigateurs Web, etc.) doit être simple et rapide pour les administrateurs, en vue notamment de faciliter la mise en oeuvre de contre-mesures en cas de crise informatique.\nPour cela, l’entité pourra se doter d’un outil de gestion centralisée (par exemple Active Directory en environnement Microsoft) auquel il s’agit d’inclure le plus grand nombre d’équipements informatiques possible. Les postes de travail et les serveurs sont concernés par cette mesure qui nécessite éventuellement en amont un travail d’harmonisation des choix de matériels et de systèmes d’exploitation.\nAinsi, des politiques de durcissement du système d’explo',NULL,NULL,NULL,NULL,'18','15','1.d');
INSERT INTO `O_regle` VALUES ('1785','17','Activer et configurer le parefeu local des postes de travail','/Standard\nAprès avoir réussi à prendre le contrôle d’un poste de travail (à cause, par exemple, d’une vulnérabilité présente dans le navigateur Internet), un attaquant cherchera souvent à étendre son intrusion aux autres postes de travail pour, in fine, accéder aux documents des utilisateurs.\nAfin de rendre plus difficile ce déplacement latéral de l’attaquant, il est nécessaire d’activer le pare-feu local des postes de travail au moyen de logiciels intégrés (pare-feu local Windows) ou spécialisés.\nLes flux de poste à poste sont en effet très rares dans un réseau bureautique classique : les fichiers sont stockés dans des serveurs de fichiers, les applications accessibles sur des serveurs métier, etc.\n\n/Renforcé\nLe filtrage le plus simple consiste à bloquer l’accès aux ports d’administration par défaut des postes de travail (ports TCP 135, 445 et 3389 sous Windows, port TCP 22 sous Unix), excepté depuis les ressources explicitement identifiées (postes d’administration et d’assistance uti',NULL,NULL,NULL,NULL,'18','15','1.d');
INSERT INTO `O_regle` VALUES ('1786','18','Chiffrer les données sensibles transmises par voie Internet','/Standard\nInternet est un réseau sur lequel il est quasi impossible d’obtenir des garanties sur le trajet que vont emprunter les données que l’on y envoie. Il est donc tout à fait possible qu’un attaquant se trouve sur le trajet de données transitant entre deux correspondants.\nToutes les données envoyées par courriel ou transmises au moyen d’outils d’hébergement en ligne (Cloud) sont par conséquent vulnérables. Il s’agit donc de procéder à leur chiffrement systématique avant de les adresser à un correspondant ou de les héberger.\nLa transmission du secret (mot de passe, clé, etc.) permettant alors de déchiffrer les données, si elle est nécessaire, doit être effectuée via un canal de confiance ou, à défaut, un canal distinct du canal de transmission des données. Ainsi, si les données chiffrées sont transmises par courriel, une remise en main propre du mot de passe ou, à défaut, par téléphone doit être privilégiée.',NULL,NULL,NULL,NULL,'18','15','1.d');
INSERT INTO `O_regle` VALUES ('1787','19','Segmenter le réseau et mettre en place un cloisonnement entre ces zones','/Standard\nLorsque le réseau est " à plat ", sans aucun mécanisme de cloisonnement, chaque machine du réseau peut accéder à n’importe quelle autre machine.La compromission de l’une d’elles met alors en péril l’ensemble des machines connectées. Un attaquant peut ainsi compromettre un poste utilisateur et ensuite " rebondir " jusqu’à des serveurs critiques. Il est donc important, dès la conception de l’architecture réseau, de raisonner par segmentation en zones composées de systèmes ayant des besoins de sécurité homogènes. On pourra par exemple regrouper distinctement des serveurs d’infrastructure, des serveurs métiers, des postes de travail utilisateurs, des postes de travail administrateurs, des postes de téléphonie sur IP, etc.\nUne zone se caractérise alors par des VLAN et des sous-réseaux IP dédiés voire par des infrastructures dédiées selon sa criticité. Ainsi, des mesures de cloisonnement telles qu’un filtrage IP à l’aide d’un pare-feu peuvent être mises en place entre les différent',NULL,NULL,NULL,NULL,'18','15','1.d');
INSERT INTO `O_regle` VALUES ('1788','20','S’assurer de la sécurité des réseaux d’accès Wi-Fi et de la séparation des usages','/Standard/nL’usage du Wi-Fi en milieu professionnel est aujourd’hui démocratisé mais présente toujours des risques de sécurité bien spécifiques : faibles garanties en matière de disponibilité, pas de maîtrise de la zone de couverture pouvant mener à une attaque hors du périmètre géographique de l’entité, configuration par défaut des points d’accès peu sécurisée, etc.\nLa segmentation de l’architecture réseau doit permettre de limiter les conséquences d’une intrusion par voie radio à un périmètre déterminé du système d’information. Les flux en provenance des postes connectés au réseau d’accès Wi-Fi doivent donc être filtrés et restreints aux seuls flux nécessaires.\nDe plus, il est important d’avoir recours prioritairement à un chiffrement robuste (mode WPA2, algorithme AES CCMP) et à une authentification centralisée, si possible par certificats clients des machines.\nLa protection du réseau Wi-Fi par un mot de passe unique et partagé est déconseillée. À défaut, il doit être complexe et so',NULL,NULL,NULL,NULL,'18','15','1.d');
INSERT INTO `O_regle` VALUES ('1789','21','Utiliser des protocoles réseaux sécurisés dès qu’ils existent','/Standard\nSi aujourd’hui la sécurité n’est plus optionnelle, cela n’a pas toujours été le cas. C’est pourquoi de nombreux protocoles réseaux ont dû évoluer pour intégrer cette composante et répondre aux besoins de confidentialité et d’intégrité qu’impose l’échange de données. Les protocoles réseaux sécurisés doivent être utilisés dès que possible, que ce soit sur des réseaux publics (Internet par exemple) ou sur le réseau interne de l’entité.\nBien qu’il soit difficile d’en dresser une liste exhaustive, les protocoles les plus courants reposent sur l’utilisation de TLS et sont souvent identifiables par l’ajout de la lettre « s » (pour secure en anglais) à l’acronyme du protocole.Citons par exemple https pour la navigation Web ou IMAPS, SMTPS ou POP3S pour la messagerie.\nD’autres protocoles ont été conçus de manière sécurisée dès la conception pour se substituer à d’anciens protocoles non sécurisés. Citons par exemple SSH (Secure SHell) venu remplacer les protocoles de communication hist',NULL,NULL,NULL,NULL,'18','15','1.d');
INSERT INTO `O_regle` VALUES ('1790','22','Mettre en place une passerelle d’accès sécurisé à Internet','/Standard\nL’accès à Internet, devenu indispensable, présente des risques importants : sites Web hébergeant du code malveillant, téléchargement de fichiers « toxiques » et, par conséquent, possible prise de contrôle du terminal, fuite de données sensibles, etc. Pour sécuriser cet usage, il est donc indispensable que les terminaux utilisateurs n’aient pas d’accès réseau direct à Internet.\nC’est pourquoi il est recommandé de mettre en oeuvre une passerelle sécurisée d’accès à Internet comprenant au minimum un pare-feu au plus près de l’accès Internet pour filtrer les connexions et un serveur mandataire (proxy) embarquant différents mécanismes de sécurité. Celui-ci assure notamment l’authentification des utilisateurs et la journalisation des requêtes.\n\n/Renforcé\nDes mécanismes complémentaires sur le serveur mandataire pourront être activés selon les besoins de l’entité : analyse antivirus du contenu, filtrage par catégories d’URLs, etc. Le maintien en condition de sécurité des équipements ',NULL,NULL,NULL,NULL,'18','15','1.d');
INSERT INTO `O_regle` VALUES ('1791','23','Cloisonner les services visibles depuis Internet du reste du système d’information','/Standard\nUne entité peut choisir d’héberger en interne des services visibles sur Internet (site web, serveur de messagerie, etc.). Au regard de l’évolution et du perfectionnement des cyberattaques sur Internet, il est essentiel de garantir un haut niveau de protection de ce service avec des administrateurs compétents, formés de manière continue (à l’état de l’art des technologies en la matière) et disponibles. Dans le cas contraire, le recours à un hébergement externalisé auprès de professionnels est à privilégier.\nDe plus, les infrastructures d’hébergement Internet doivent être physiquement cloisonnées de toutes les infrastructures du système d’information qui n’ont pas vocation à être visibles depuis Internet.\nEnfin, il convient de mettre en place une infrastructure d’interconnexion de ces services avec Internet permettant de filtrer les flux liés à ces services de manière distincte des autres flux de l’entité. Il s’agit également d’imposer le passage des flux entrants par un serveu',NULL,NULL,NULL,NULL,'18','15','1.d');
INSERT INTO `O_regle` VALUES ('1792','24','Protéger sa messagerie professionnelle','/Standard\nLa messagerie est le principal vecteur d’infection du poste de travail, qu’il s’agisse de l’ouverture de pièces jointes contenant un code malveillant ou du clic malencontreux sur un lien redirigeant vers un site lui-même malveillant.\nLes utilisateurs doivent être particulièrement sensibilisés à ce sujet : l’expéditeur est-il connu ? Une information de sa part est-elle attendue ? Le lien proposé est-il cohérent avec le sujet évoqué ? En cas de doute, une vérification de l’authenticité du message par un autre canal (téléphone, SMS, etc.) est nécessaire.\nPour se prémunir d’escroqueries (ex : demande de virement frauduleux émanant vraisemblablement d’un dirigeant), des mesures organisationnelles doivent être appliquées strictement.\nPar ailleurs, la redirection de messages professionnels vers une messagerie personnelle est à proscrire car cela constitue une fuite irrémédiable d’informations de l’entité. Si nécessaire des moyens maîtrisés et sécurisés pour l’accès distant à la mess',NULL,NULL,NULL,NULL,'18','15','1.d');
INSERT INTO `O_regle` VALUES ('1793','25','Sécuriser les interconnexions réseau dédiées avec les partenaires','/Standard\nPour des besoins opérationnels, une entité peut être amenée à établir une interconnexion réseau dédiée avec un fournisseur ou un client (ex : infogérance, échange de données informatisées, flux monétiques, etc.).\nCette interconnexion peut se faire au travers d’un lien sur le réseau privé de l’entité ou directement sur Internet. Dans le second cas, il convient d’établir un tunnel site à site, de préférence IPsec, en respectant les préconisations de l’ANSSI.\nLe partenaire étant considéré par défaut comme non sûr, il est indispensable d’effectuer un filtrage IP à l’aide d’un pare-feu au plus près de l’entrée des flux sur le réseau de l’entité. La matrice des flux (entrants et sortants) devra être réduite au juste besoin opérationnel, maintenue dans le temps et la configuration des équipements devra y être conforme.\n\n/Renforcé\nPour des entités ayant des besoins de sécurité plus exigeants, il conviendra de s’assurer que l’équipement de filtrage IP pour les connexions partenaires e',NULL,NULL,NULL,NULL,'18','15','1.d');
INSERT INTO `O_regle` VALUES ('1794','26','Contrôler et protéger l’accès aux salles serveurs et aux locaux techniques','/Standard\nLes mécanismes de sécurité physique doivent faire partie intégrante de la sécurité des systèmes d’information et être à l’état de l’art afin de s’assurer qu’ils ne puissent pas être contournés aisément par un attaquant. Il convient donc d’identifier les mesures de sécurité physique adéquates et de sensibiliser continuellement les utilisateurs aux risques engendrés par le contournement des règles.\nLes accès aux salles serveurs et aux locaux techniques doivent être contrôlés à l’aide de serrures ou de mécanismes de contrôle d’accès par badge. Les accès non accompagnés des prestataires extérieurs aux salles serveurs et aux locaux techniques sont à proscrire, sauf s’il est possible de tracer strictement les accès et de limiter ces derniers en fonction des plages horaires. Une revue des droits d’accès doit être réalisée régulièrement afin d’identifier les accès non autorisés.\nLors du départ d’un collaborateur ou d’un changement de prestataire, il est nécessaire de procéder au retr',NULL,NULL,NULL,NULL,'18','15','1.d');
INSERT INTO `O_regle` VALUES ('1795','27','Interdire l’accès à Internet depuis les postes ou serveurs utilisés pour l’administration du système','/Standard\nUn poste de travail ou un serveur utilisé pour les actions d’administration ne doit en aucun cas avoir accès à Internet, en raison des risques que la navigation Web (à travers des sites contenant du code malveillant) et la messagerie (au travers de pièces jointes potentiellement vérolées) font peser sur son intégrité.\nPour les autres usages des administrateurs nécessitant Internet (consultation de documentation en ligne, de leur messagerie, etc.), il est recommandé de mettre à leur disposition un poste de travail distinct. À défaut, l’accès à une infrastructure virtualisée distante pour la bureautique depuis un poste d’administration est envisageable. La réciproque consistant à fournir un accès distant à une infrastructure d’administration depuis un poste bureautique est déconseillée car elle peut mener à une élévation de privilèges en cas de récupération des authentifiants d’administration.\n\n/Renforcé\nConcernant les mises à jour logicielles des équipements administrés, elles',NULL,NULL,NULL,NULL,'18','15','1.d');
INSERT INTO `O_regle` VALUES ('1796','28','Utiliser un réseau dédié et cloisonné pour l’administration du système d’information','/Standard\nUn réseau d’administration interconnecte, entre autres, les postes ou serveurs d’administration et les interfaces d’administration des équipements. Dans la logique de segmentation du réseau global de l’entité, il est indispensable de cloisonner spécifiquement le réseau d’administration, notamment vis-à-vis du réseau bureautique des utilisateurs, pour se prémunir de toute compromission par rebond depuis un poste utilisateur vers une ressource d’administration. \nSelon les besoins de sécurité de l’entité, il est recommandé :\n>> de privilégier en premier lieu un cloisonnement physique des réseaux dès que cela est possible, cette solution pouvant représenter des coûts et un temps de déploiement importants ;/Renforcé\n>> à défaut, de mettre en oeuvre un cloisonnement logique cryptographique reposant sur la mise en place de tunnels IPsec. Ceci permet d’assurer l’intégrité et la confidentialité des informations véhiculées sur le réseau d’administration vis-à-vis du réseau bureautique ',NULL,NULL,NULL,NULL,'18','15','1.d');
INSERT INTO `O_regle` VALUES ('1797','29','Limiter au strict besoin opérationnel les droits d’administration sur les postes de travail','/Standard\nDe nombreux utilisateurs, y compris au sommet des hiérarchies, sont tentés de demander à leur service informatique de pouvoir disposer, par analogie avec leur usage personnel, de privilèges plus importants sur leurs postes de travail : installation de logiciels, configuration du système, etc. Par défaut,il est recommandé qu’un utilisateur du SI, quelle que soit sa position hiérarchique et ses attributions, ne dispose pas de privilèges d’administration sur son poste de travail. Cette mesure, apparemment contraignante, vise à limiter les conséquences de l’exécution malencontreuse d’un code malveillant. La mise à disposition d’un magasin étoffé d’applications validées par l’entité du point de vue de la sécurité permettra de répondre à la majorité des besoins.\nPar conséquent, seuls les administrateurs chargés de l’administration des postes doivent disposer de ces droits lors de leurs interventions.\nSi une délégation de privilèges sur un poste de travail est réellement nécessaire ',NULL,NULL,NULL,NULL,'18','15','1.d');
INSERT INTO `O_regle` VALUES ('1798','30','Prendre des mesures de sécurisation physique des terminaux nomades','/Standard\nLes terminaux nomades (ordinateurs portables, tablettes, ordiphones) sont, par nature, exposés à la perte et au vol. Ils peuvent contenir localement des informations sensibles pour l’entité et constituer un point d’entrée vers de plus amples ressources du système d’information. Au-delà de l’application au minimum des politiques de sécurité de l’entité, des mesures spécifiques de sécurisation de ces équipements sont donc à prévoir.\nEn tout premier lieu, les utilisateurs doivent être sensibilisés pour augmenter leur niveau de vigilance lors de leurs déplacements et conserver leurs équipements à portée de vue. N’importe quelle entité, même de petite taille, peut être victime d’une attaque informatique. Dès lors, en mobilité, tout équipement devient une cible potentielle voire privilégiée.\nIl est recommandé que les terminaux nomades soient aussi banalisés que possible en évitant toute mention explicite de l’entité d’appartenance (par l’apposition d’un autocollant aux couleurs de ',NULL,NULL,NULL,NULL,'18','15','1.d');
INSERT INTO `O_regle` VALUES ('1799','31','Chiffrer les données sensibles, en particulier sur le matériel potentiellement perdable','/Standard\nLes déplacements fréquents en contexte professionnel et la miniaturisation du matériel informatique conduisent souvent à la perte ou au vol de celui-ci dans l’espace public. Cela peut porter atteinte aux données sensibles de l’entité qui y sont stockées.\nIl faut donc ne stocker que des données préalablement chiffrées sur l’ensemble des matériels nomades (ordinateurs portables, ordiphones, clés USB, disques durs externes, etc.) afin de préserver leur confidentialité. Seul un secret (mot de passe, carte à puce, code PIN, etc.) pourra permettre à celui qui le possède d’accéder à ces données.\nUne solution de chiffrement de partition, d’archives ou de fichier peut être envisagée selon les besoins. Là encore, il est essentiel de s’assurer de l’unicité et de la robustesse du secret de déchiffrement utilisé. Dans la mesure du possible, il est conseillé de commencer par un chiffrement complet du disque avant d’envisager le chiffrement d’archives ou de fichiers.\nEn effet, ces derniers ',NULL,NULL,NULL,NULL,'18','15','1.d');
INSERT INTO `O_regle` VALUES ('1800','32','Sécuriser la connexion réseau des postes utilisés en situation de nomadisme','/Standard\nEn situation de nomadisme, il n’est pas rare qu’un utilisateur ait besoin de se connecter au système d’information de l’entité. Il convient par conséquent de s’assurer du caractère sécurisé de cette connexion réseau à travers Internet.\nMême si la possibilité d’établir des tunnels VPN SSL/TLS est aujourd’hui courante, il est fortement recommandé d’établir un tunnel VPN IPsec entre le poste nomade et une passerelle VPN IPsec mise à disposition par l’entité.\nPour garantir un niveau de sécurité optimal, ce tunnel VPN IPsec doit être automatiquement établi et ne pas être débrayable par l’utilisateur, c’est-à-dire qu’aucun flux ne doit pouvoir être transmis en dehors de ce tunnel.\nPour les besoins spécifiques d’authentification aux portails captifs, l’entité peut choisir de déroger à la connexion automatique en autorisant une connexion à la demande ou maintenir cette recommandation en encourageant l’utilisateur à utiliser un partage de connexion sur un téléphone mobile de confiance',NULL,NULL,NULL,NULL,'18','15','1.d');
INSERT INTO `O_regle` VALUES ('1801','33','Adopter des politiques de sécurité dédiées aux terminaux mobiles','/Standard\nLes ordiphones et tablettes font partie de notre quotidien personnel et/ou professionnel. La première des recommandations consiste justement à ne pas mutualiser les usages personnel et professionnel sur un seul et même terminal, par exemple en ne synchronisant pas simultanément comptes professionnel et personnel de messagerie, de réseaux sociaux, d’agendas, etc.\nLes terminaux, fournis par l’entité et utilisés en contexte professionnel doivent faire l’objet d’une sécurisation à part entière, dès lors qu’ils se connectent au système d’information de l’entité ou qu’ils contiennent des informations professionnelles potentiellement sensibles (mails, fichiers partagés, contacts, etc.). Dès lors, l’utilisation d’une solution de gestion centralisée des équipements mobiles est à privilégier. Il sera notamment souhaitable de configurer de manière homogène les politiques de sécurité inhérentes : moyen de déverrouillage du terminal, limitation de l’usage du magasin d’applications à des a',NULL,NULL,NULL,NULL,'18','15','1.d');
INSERT INTO `O_regle` VALUES ('1802','34','Définir une politique de mise à jour des composants du système d’information','/Standard\nDe nouvelles failles sont régulièrement découvertes au coeur des systèmes et logiciels. Ces dernières sont autant de portes d’accès qu’un attaquant peut exploiter pour réussir son intrusion dans le système d’information. Il est donc primordial de s’informer de l’apparition de nouvelles vulnérabilités (CERTFR) et d’appliquer les correctifs de sécurité sur l’ensemble des composants du système dans le mois qui suit leur publication par l’éditeur. Une politique de mise à jour doit ainsi être définie et déclinée en procédures opérationnelles.\nCelles-ci doivent notamment préciser :\n>> la manière dont l’inventaire des composants du système d’information est réalisé ;\n>> les sources d’information relatives à la publication des mises à jour ;\n>> les outils pour déployer les correctifs sur le parc (par exemple WSUS pour les mises à jour des composants Microsoft, des outils gratuits ou payants pour les composants tiers et autres systèmes d’exploitation) ;\n>> l’éventuelle qualification d',NULL,NULL,NULL,NULL,'18','15','1.d');
INSERT INTO `O_regle` VALUES ('1803','35','Anticiper la fin de la maintenance des logiciels et systèmes et limiter les adhérences logicielles','/Standard\nL’utilisation d’un système ou d’un logiciel obsolète augmente significativement les possibilités d’attaque informatique. Les systèmes deviennent vulnérables dès lors que les correctifs ne sont plus proposés. En effet, des outils malveillants exploitant ces vulnérabilités peuvent se diffuser rapidement sur Internet alors même que l’éditeur ne propose pas de correctif de sécurité.\nPour anticiper ces obsolescences, un certain nombre de précautions existent :\n>> établir et tenir à jour un inventaire des systèmes et applications du système d’information ;\n>> choisir des solutions dont le support est assuré pour une durée correspondant à leur utilisation ;\n>> assurer un suivi des mises à jour et des dates de fin de support des logiciels ;\n>> maintenir un parc logiciel homogène (la coexistence de versions différentes d’un même produit multiplie les risques et complique le suivi) ;\n>> limiter les adhérences logicielles, c’est-à-dire les dépendances de fonctionnement d’un logiciel par',NULL,NULL,NULL,NULL,'18','15','1.d');
INSERT INTO `O_regle` VALUES ('1804','36','Activer et configurer les journaux des composants les plus importants','/Standard\nDisposer de journaux pertinents est nécessaire afin de pouvoir détecter d’éventuels dysfonctionnements et tentatives d’accès illicites aux composants du système d’information.\nLa première étape consiste à déterminer quels sont les composants critiques du système d’information. Il peut notamment s’agir des équipements réseau et de sécurité, des serveurs critiques, des postes de travail d’utilisateurs sensibles, etc.\nPour chacun, il convient d’analyser la configuration des éléments journalisés (format, fréquence de rotation des fichiers, taille maximale des fichiers journaux, catégories d’évènements enregistrés, etc.) et de l’adapter en conséquence.\nLes évènements critiques pour la sécurité doivent être journalisés et gardés pendant au moins un an (ou plus en fonction des obligations légales du secteur d’activités).\nUne étude contextuelle du système d’information doit être effectuée et les éléments suivants doivent être journalisés :\n>> pare-feu : paquets bloqués ;\n>> systèmes ',NULL,NULL,NULL,NULL,'18','15','1.d');
INSERT INTO `O_regle` VALUES ('1805','37','Définir et appliquer une politique de sauvegarde des composants critiques','/Standard\nSuite à un incident d’exploitation ou en contexte de gestion d’une intrusion, la disponibilité de sauvegardes conservées en lieu sûr est indispensable à la poursuite de l’activité. Il est donc fortement recommandé de formaliser une politique de sauvegarde régulièrement mise à jour. Cette dernière a pour objectif de définir des exigences en matière de sauvegarde de l’information, des logiciels et des systèmes.\nCette politique doit au moins intégrer les éléments suivants :\n>> la liste des données jugées vitales pour l’organisme et les serveurs concernés ;\n>> les différents types de sauvegarde (par exemple le mode hors ligne) ;\n>> la fréquence des sauvegardes ;\n>> la procédure d’administration et d’exécution des sauvegardes ;\n>> les informations de stockage et les restrictions d’accès aux sauvegardes ;\n>> les procédures de test de restauration ;\n>> la destruction des supports ayant contenu les sauvegardes.\nLes tests de restauration peuvent être réalisés de plusieurs manières :\n>',NULL,NULL,NULL,NULL,'18','15','1.d');
INSERT INTO `O_regle` VALUES ('1806','38','Procéder à des contrôles et audits de sécurité réguliers puis appliquer les actions correctives asso','/Renforcé\nLa réalisation d’audits réguliers (au moins une fois par an) du système d’information est essentielle car elle permet d’évaluer concrètement l’efficacité des mesures mises en oeuvre et leur maintien dans le temps. Ces contrôles et audits permettent également de mesurer les écarts pouvant persister entre la règle et la pratique.\nIls peuvent être réalisés par d’éventuelles équipes d’audit internes ou par des sociétés externes spécialisées. Selon le périmètre à contrôler, des audits techniques et/ou organisationnels seront effectués par les professionnels mobilisés. Ces audits sont d’autant plus nécessaires que l’entité doit être conforme à des réglementations et obligations légales directement liées à ses activités.\nÀ l’issue de ces audits, des actions correctives doivent être identifiées, leur application planifiée et des points de suivi organisés à intervalles réguliers. Pour une plus grande efficacité, des indicateurs sur l’état d’avancement du plan d’action pourront être in',NULL,NULL,NULL,NULL,'18','15','1.d');
INSERT INTO `O_regle` VALUES ('1807','39','Désigner un référent en sécurité des systèmes d’information et le faire connaître auprès du personne','/Standard\nToute entité doit disposer d’un référent en sécurité des systèmes d’information qui sera soutenu par la direction ou par une instance décisionnelle spécialisée selon le niveau de maturité de la structure.\nCe référent devra être connu de tous les utilisateurs et sera le premier contact pour toutes les questions relatives à la sécurité des systèmes d’information :\n>> définition des règles à appliquer selon le contexte ;\n>> vérification de l’application des règles ;\n>> sensibilisation des utilisateurs et définition d’un plan de formation des acteurs informatiques ;\n>> centralisation et traitement des incidents de sécurité constatés ou remontés par les utilisateurs.\nCe référent devra être formé à la sécurité des systèmes d’information et à la gestion de crise.\nDans les entités les plus importantes, ce correspondant peut être désigné pour devenir le relais du RSSI. Il pourra par exemple signaler les doléances des utilisateurs et identifier les thématiques à aborder dans le cadre d',NULL,NULL,NULL,NULL,'18','15','1.d');
INSERT INTO `O_regle` VALUES ('1808','40','Définir une procédure de gestion des incidents de sécurité','/Standard\nLe constat d’un comportement inhabituel de la part d’un poste de travail ou d’un serveur (connexion impossible, activité importante, activités inhabituelles, services ouverts non autorisés, fichiers créés, modifiés ou supprimés sans autorisation, multiples alertes de l’antivirus, etc.) peut alerter sur une éventuelle intrusion.\nUne mauvaise réaction en cas d’incident de sécurité peut faire empirer la situation et empêcher de traiter correctement le problème. Le bon réflexe est de déconnecter la machine du réseau, pour stopper l’attaque. En revanche, il faut la maintenir sous tension et ne pas la redémarrer, pour ne pas perdre d’informations utiles pour l’analyse de l’attaque. Il faut ensuite prévenir la hiérarchie, ainsi que le référent en sécurité des systèmes d’information.\nCelui-ci peut prendre contact avec un prestataire de réponse aux incidents de sécurité (PRIS) afin de faire réaliser les opérations techniques nécessaires (copie physique du disque, analyse de la mémoire',NULL,NULL,NULL,NULL,'18','15','1.d');
INSERT INTO `O_regle` VALUES ('1809','41','Mener une analyse de risques formelle','/Renforcé\nChaque entité évolue dans un environnement informationnel complexe qui lui est propre. Aussi, toute prise de position ou plan d’action impliquant la sécurité du système d’information doit être considéré à la lumière des risques pressentis par la direction. En effet, qu’il s’agisse de mesures organisationnelles ou techniques, leur mise en oeuvre représente un coût pour l’entité qui nécessite de s’assurer qu’elles permettent de réduire au bon niveau un risque identifié.\nDans les cas les plus sensibles, l’analyse de risque peut remettre en cause certains choix passés. Ce peut notamment être le cas si la probabilité d’apparition d’un événement et ses conséquences potentielles s’avèrent critiques pour l’entité et qu’il n’existe aucune action préventive pour le maîtriser.\nLa démarche recommandée consiste, dans les grandes lignes, à définir le contexte, apprécier les risques et les traiter. L’évaluation de ces risques s’opère généralement selon deux axes : leur probabilité d’apparit',NULL,NULL,NULL,NULL,'18','15','1.d');
INSERT INTO `O_regle` VALUES ('1810','42','Privilégier l’usage de produits et de services qualifiés par l’ANSSI','/Renforcé\nLa qualification prononcée par l’ANSSI offre des garanties de sécurité et de confiance aux acheteurs de solutions listées dans les catalogues de produits et de prestataires de service qualifiés que publie l’agence.\nAu-delà des entités soumises à réglementation, l’ANSSI encourage plus généralement l’ensemble des entreprises et administrations françaises à utiliser des produits qu’elle qualifie, seul gage d’une étude sérieuse et approfondie du fonctionnement technique de la solution et de son écosystème.\nS’agissant des prestataires de service qualifiés, ce label permet de répondre aux enjeux et projets de cybersécurité pour l’ensemble du tissu économique français que l’ANSSI ne saurait adresser seule. Évalués sur des critères techniques et organisationnels, les prestataires qualifiés couvrent l’essentiel des métiers de la sécurité des systèmes d’information. Ainsi, en fonction de ses besoins et du maillage national, une entité pourra faire appel à un Prestataire d’audit de la s',NULL,NULL,NULL,NULL,'18','15','1.d');
INSERT INTO `O_regle` VALUES ('2535','1','Former les équipes opérationnelles à la sécurité des systèmes d’information','/ standard\nLes équipes opérationnelles (administrateurs réseau, sécurité et système, chefs de projet, développeurs, RSSI) ont des accès privilégiés au système d’information. Elles peuvent, par inadvertance ou par méconnaissance des conséquences de certaines pratiques, réaliser des opérations génératrices de vulnérabilités. \nCitons par exemple l’affectation de comptes disposant de trop nombreux privilèges par rapport à la tâche à réaliser, l’utilisation de comptes personnels pour exécuter des services ou tâches périodiques, ou encore le choix de mots de passe peu robustes donnant accès à des comptes privilégiés.\nLes équipes opérationnelles, pour être à l’état de l’art de la sécurité des systèmes d’information, doivent donc suivre - à leur prise de poste puis à intervalles réguliers - des formations sur : \n> la législation en vigueur ;\n> les principaux risques et menaces ;\n> le maintien en condition de sécurité ;\n> l’authentification et le contrôle d’accès ;\n> le paramétrage fin et le du',NULL,NULL,NULL,NULL,'19','25','1.d');
INSERT INTO `O_regle` VALUES ('2536','2','Sensibiliser les utilisateurs aux bonnes pratiques élémentaires de sécurité informatique','/ standard\nChaque utilisateur est un maillon à part entière de la chaîne des systèmes d’information. À ce titre et dès son arrivée dans l’entité, il doit être informé des enjeux de sécurité, des règles à respecter et des bons comportements à adopter en matière de sécurité des systèmes d’information à travers des actions de sensibilisation et de formation.\nCes dernières doivent être régulières, adaptées aux utilisateurs ciblés, peuvent prendre différentes formes (mails, affichage, réunions, espace intranet dédié,etc.) et aborder au minimum les sujets suivants :\n>> les objectifs et enjeux que rencontre l’entité en matière de sécurité dessystèmes d’information ;\n>> les informations considérées comme sensibles ;>> les réglementations et obligations légales ;\n>> les règles et consignes de sécurité régissant l’activité quotidienne : respect de la politique de sécurité, non-connexion d’équipements personnels au réseau de l’entité, non-divulgation de mots de passe à un tiers, non-réutilisation',NULL,NULL,NULL,NULL,'19','25','1.d');
INSERT INTO `O_regle` VALUES ('2537','3','Maîtriser les risques de l’infogérance','/ standard\nLorsqu’une entité souhaite externaliser son système d’information ou ses données, elle doit en amont évaluer les risques spécifiques à l’infogérance (maîtrise du système d’information, actions à distance, hébergement mutualisé, etc.) afin de prendre en compte, dès la rédaction des exigences applicables au futur prestataire, les besoins et mesures de sécurité adaptés.\nLes risques SSI inhérents à ce type de démarche peuvent être liés au contexte de l’opération d’externalisation mais aussi à des spécifications contractuelles déficientes ou incomplètes.\nEn faveur du bon déroulement des opérations, il s’agit donc :\n>> d’étudier attentivement les conditions des offres, la possibilité de les adapter à des besoins spécifiques et les limites de responsabilité du prestataire ;\n>> d’imposer une liste d’exigences précises au prestataire : réversibilité du contrat, réalisation d’audits, sauvegarde et restitution des données dans un format ouvert normalisé, maintien à niveau de la sécurit',NULL,NULL,NULL,NULL,'19','25','1.d');
INSERT INTO `O_regle` VALUES ('2538','4','Identifier les informations et serveurs les plus sensibles et maintenir un schéma du réseau','/Standard\nChaque entité possède des données sensibles. Ces dernières peuvent porter sur son activité propre (propriété intellectuelle, savoir-faire, etc.) ou sur ses clients, administrés ou usagers (données personnelles, contrats, etc.). Afin de pouvoir les protéger efficacement, il est indispensable de les identifier.\nÀ partir de cette liste de données sensibles, il sera possible de déterminer sur quels composants du système d’information elles se localisent (bases de données, partages de fichiers, postes de travail, etc.). Ces composants correspondent aux serveurs et postes critiques pour l’entité. À ce titre, ils devront faire l’objet de mesures de sécurité spécifiques pouvant porter sur la sauvegarde, la journalisation, les accès, etc.\nIl s’agit donc de créer et de maintenir à jour un schéma simplifié du réseau (ou cartographie) représentant les différentes zones IP et le plan d’adressage associé, les équipements de routage et de sécurité (pare-feu, relais applicatifs,etc.) et les ',NULL,NULL,NULL,NULL,'19','25','1.d');
INSERT INTO `O_regle` VALUES ('2539','5','Disposer d’un inventaire exhaustif des comptes privilégiés et le maintenir à jour','/Standard\nLes comptes bénéficiant de droits spécifiques sont des cibles privilégiées par les attaquants qui souhaitent obtenir un accès le plus large possible au système d’information. Ils doivent donc faire l’objet d’une attention toute particulière.\n Il s’agit pour cela d’effectuer un inventaire de ces comptes, de le mettre à jour régulièrement et d’y renseigner les informations suivantes :\n>> les utilisateurs ayant un compte administrateur ou des droits supérieurs à ceux d’un utilisateur standard sur le système d’information ;\n>> les utilisateurs disposant de suffisamment de droits pour accéder aux répertoires de travail des responsables ou de l’ensemble des utilisateurs ;\n>> les utilisateurs utilisant un poste non administré par le service informatique et qui ne fait pas l’objet de mesures de sécurité édictées par la politique de sécurité générale de l’entité.\nIl est fortement recommandé de procéder à une revue périodique de ces comptes afin de s’assurer que les accès aux éléments ',NULL,NULL,NULL,NULL,'19','25','1.d');
INSERT INTO `O_regle` VALUES ('2540','6','Organiser les procédures d’arrivée, de départ et de changement de fonction des utilisateurs','/ Standard\nLes effectifs d’une entité, qu’elle soit publique ou privée, évoluent sans cesse : arrivées, départs, mobilité interne. Il est par conséquent nécessaire que les droits et les accès au système d’information soient mis à jour en fonction de ces évolutions. Il est notamment essentiel que l’ensemble des droits affectés à une personne soient révoqués lors de son départ ou en cas de changement de fonction. Les procédures d’arrivée et de départ doivent donc être définies, en lien avec la fonction ressources humaines. Elles doivent au minimum prendre en compte :\n>> la création et la suppression des comptes informatiques et boîtes aux lettres associées ;\n>> les droits et accès à attribuer et retirer à une personne dont la fonction change ;\n>> la gestion des accès physiques aux locaux (attribution, restitution des badges et des clés, etc.) ;\n>> l’affectation des équipements mobiles (ordinateur portable, clé USB, disque dur, ordiphone, etc.) ;\n>> la gestion des documents et information',NULL,NULL,NULL,NULL,'19','25','1.d');
INSERT INTO `O_regle` VALUES ('2541','7','Autoriser la connexion au réseau de l’entité aux seuls équipements maîtrisés','/Standard\nPour garantir la sécurité de son système d’information, l’entité doit maîtriser les équipements qui s’y connectent, chacun constituant un point d’entrée potentiellement vulnérable. Les équipements personnels (ordinateurs portables, tablettes, ordiphones, etc.) sont, par définition, difficilement maîtrisables dans la mesure où ce sont les utilisateurs qui décident de leur niveau de sécurité. De la même manière, la sécurité des équipements dont sont dotés les visiteurs échappe à tout contrôle de l’entité.\n Seule la connexion de terminaux maîtrisés par l’entité doit être autorisée sur ses différents réseaux d’accès, qu’ils soient filaire ou sans fil. Cette recommandation, avant tout d’ordre organisationnel, est souvent perçue comme inacceptable ou rétrograde. Cependant, y déroger fragilise le réseau de l’entité et sert ainsi les intérêts d’un potentiel attaquant.\nLa sensibilisation des utilisateurs doit donc s’accompagner de solutions pragmatiques répondant à leurs besoins. Cito',NULL,NULL,NULL,NULL,'19','25','1.d');
INSERT INTO `O_regle` VALUES ('2542','8','Identifier nommément chaque personne accédant au système et distinguer les rôles utilisateur /admini','/Standard\nAfin de faciliter l’attribution d’une action sur le système d’information en cas d’incident ou d’identifier d’éventuels comptes compromis, les comptes d’accès doivent être nominatifs.\nL’utilisation de comptes génériques (ex : admin, user) doit être marginale et ceux-ci doivent pouvoir être rattachés à un nombre limité de personnes physiques.\nBien entendu, cette règle n’interdit pas le maintien de comptes de service, rattachés à un processus informatique (ex : apache, mysqld).\nDans tous les cas, les comptes génériques et de service doivent être gérés selon une politique au moins aussi stricte que celle des comptes nominatifs. Par ailleurs, un compte d’administration nominatif, distinct du compte utilisateur, doit être attribué à chaque administrateur. Les identifiants et secrets d’authentification doivent être différents (ex : pmartin comme identifiant utilisateur, adm-pmartin comme identifiant administrateur). Ce compte d’administration, disposant de plus de privilèges, doit ',NULL,NULL,NULL,NULL,'19','25','1.d');
INSERT INTO `O_regle` VALUES ('2543','9','Attribuer les bons droits sur les ressources sensibles du système d’information','/Standard\nCertaines des ressources du système peuvent constituer une source d’information précieuse aux yeux d’un attaquant (répertoires contenant des données sensibles, bases de données, boîtes aux lettres électroniques, etc.). Il est donc primordial d’établir une liste précise de ces ressources et pour chacune d’entre elles :\n>> de définir quelle population peut y avoir accès ;\n>> de contrôler strictement son accès, en s’assurant que les utilisateurs sont authentifiés et font partie de la population ciblée ;\n>> d’éviter sa dispersion et sa duplication à des endroits non maîtrisés ou soumis à un contrôle d’accès moins strict. \nPar exemple, les répertoires des administrateurs regroupant de nombreuses informations sensibles doivent faire l’objet d’un contrôle d’accès précis. Il en va de même pour les informations sensibles présentes sur des partages réseau : exports de fichiers de configuration, documentation technique du système d’information, bases de données métier, etc. Une revue ré',NULL,NULL,NULL,NULL,'19','25','1.d');
INSERT INTO `O_regle` VALUES ('2544','10','Définir et vérifier des règles de choix et de dimensionnement des mots de passe','/Standard\nL’ANSSI énonce un ensemble de règles et de bonnes pratiques en matière de choix et de dimensionnement des mots de passe. Parmi les plus critiques de ces règles figure la sensibilisation des utilisateurs aux risques liés au choix d’un mot de passe qui serait trop facile à deviner, ou encore la réutilisation de mots de passe d’une application à l’autre et plus particulièrement entre messageries personnelles et professionnelles.\nPour encadrer et vérifier l’application de ces règles de choix et de dimensionnement, l’entité pourra recourir à différentes mesures parmi lesquelles :\n>> le blocage des comptes à l’issue de plusieurs échecs de connexion ;\n>> la désactivation des options de connexion anonyme ;\n>> l’utilisation d’un outil d’audit de la robustesse des mots de passe.\nEn amont de telles procédures, un effort de communication visant à expliquer le sens de ces règles et éveiller les consciences sur leur importance est fondamental.',NULL,NULL,NULL,NULL,'19','25','1.d');
INSERT INTO `O_regle` VALUES ('2545','11','Protéger les mots de passe stockés sur les systèmes','/Standard\nLa complexité, la diversité ou encore l’utilisation peu fréquente de certains mots de passe, peuvent encourager leur stockage sur un support physique (mémo, post-it) ou numérique (fichiers de mots de passe, envoi par mail à soimême, recours aux boutons « Se souvenir du mot de passe ») afin de pallier tout oubli ou perte.\nOr, les mots de passe sont une cible privilégiée par les attaquants désireux d’accéder au système, que cela fasse suite à un vol ou à un éventuel partage du support de stockage. C’est pourquoi ils doivent impérativement être protégés au moyen de solutions sécurisées au premier rang desquelles figurent l’utilisation d’un coffre-fort numérique et le recours à des mécanismes de chiffrement.\nBien entendu, le choix d’un mot de passe pour ce coffre-fort numérique doit respecter les règles énoncées précédemment et être mémorisé par l’utilisateur, qui n’a plus que celui-ci à retenir.',NULL,NULL,NULL,NULL,'19','25','1.d');
INSERT INTO `O_regle` VALUES ('2546','12','Changer les éléments d’authentification par défaut sur les équipements et services','/Standard\nIl est impératif de partir du principe que les configurations par défaut des systèmes d’information sont systématiquement connues des attaquants, quand bien même celles-ci ne le sont pas du grand public. Ces configurations se révèlent (trop) souvent triviales (mot de passe identique à l’identifiant, mal dimensionné ou commun à l’ensemble des équipements et services par exemple) et sont, la plupart du temps, faciles à obtenir pour des attaquants capables de se faire passer pour un utilisateur légitime.\nLes éléments d’authentification par défaut des composants du système doivent donc être modifiés dès leur installation et, s’agissant de mots de passe, être conformes aux recommandations précédentes en matière de choix, de dimensionnement et de stockage.\nSi le changement d’un identifiant par défaut se révèle impossible pour cause, par exemple, de mot de passe ou certificat « en dur » dans un équipement, ce problème critique doit être signalé au distributeur du produit afin que ce',NULL,NULL,NULL,NULL,'19','25','1.d');
INSERT INTO `O_regle` VALUES ('2547','13','Privilégier lorsque c’est possible une authentification forte','/Standard\nIl est vivement recommandé de mettre en oeuvre une authentification forte nécessitant l’utilisation de deux facteurs d’authentification différents parmi les suivants :\n>> quelque chose que je sais (mot de passe, tracé de déverrouillage, signature) ;\n>> quelque chose que je possède (carte à puce, jeton USB, carte magnétique, RFID, un téléphone pour recevoir un code SMS) ;\n >> quelque chose que je suis (une empreinte biométrique).\n\n/Renforcé\nLes cartes à puces doivent être privilégiées ou, à défaut, les mécanismes de mots de passe à usage unique (ou One Time Password) avec jeton physique. Les opérations cryptographiques mises en place dans ces deux facteurs offrent généralement de bonnes garanties de sécurité.\nLes cartes à puce peuvent être plus complexes à mettre en place car nécessitant une infrastructure de gestion des clés adaptée. Elles présentent cependant l’avantage d’être réutilisables à plusieurs fins : chiffrement, authentification de messagerie, authentification sur ',NULL,NULL,NULL,NULL,'19','25','1.d');
INSERT INTO `O_regle` VALUES ('2548','14','Mettre en place un niveau de sécurité minimal sur l’ensemble du parc informatique','/Standard\nL’utilisateur plus ou moins au fait des bonnes pratiques de sécurité informatique est, dans de très nombreux cas, la première porte d’entrée des attaquants vers le système. Il est donc fondamental de mettre en place un niveau de sécurité minimal sur l’ensemble du parc informatique de l’entité (postes utilisateurs, serveurs, imprimantes, téléphones, périphériques USB, etc.) en implémentant les mesures suivantes :\n>> limiter les applications installées et modules optionnels des navigateurs web aux seuls nécessaires ;\n>> doter les postes utilisateurs d’un pare-feu local et d’un anti-virus (ceux-ci sont parfois inclus dans le système d’exploitation) ;\n>> chiffrer les partitions où sont stockées les données des utilisateurs ;\n>> désactiver les exécutions automatiques (autorun).\nEn cas de dérogation nécessaire aux règles de sécurité globales applicables aux postes, ceux-ci doivent être isolés du système (s’il est impossible de mettre à jour certaines applications pour des raisons d',NULL,NULL,NULL,NULL,'19','25','1.d');
INSERT INTO `O_regle` VALUES ('2549','15','Se protéger des menaces relatives à l’utilisation de supports amovibles','/Standard\nLes supports amovibles peuvent être utilisés afin de propager des virus, voler des informations sensibles et stratégiques ou encore compromettre le réseau de l’entité. De tels agissements peuvent avoir des conséquences désastreuses pour l’activité de la structure ciblée.\nS’il n’est pas question d’interdire totalement l’usage de supports amovibles au sein de l’entité, il est néanmoins nécessaire de traiter ces risques en identifiant des mesures adéquates et en sensibilisant les utilisateurs aux risques que ces supports peuvent véhiculer.\nIl convient notamment de proscrire le branchement de clés USB inconnues (ramassées dans un lieu public par exemple) et de limiter au maximum celui de clés non maîtrisées (dont on connait la provenance mais pas l’intégrité) sur le système d’information à moins, dans ce dernier cas, de faire inspecter leur contenu par l’antivirus du poste de travail.\n\n/Renforcé\nSur les postes utilisateur, il est recommandé d’utiliser des solutions permettant d’i',NULL,NULL,NULL,NULL,'19','25','1.d');
INSERT INTO `O_regle` VALUES ('2550','16','Utiliser un outil de gestion centralisée afin d’homogénéiser les politiques de sécurité','/Standard\nLa sécurité du système d’information repose sur la sécurité du maillon le plus faible. Il est donc nécessaire d’homogénéiser la gestion des politiques de sécurité s’appliquant à l’ensemble du parc informatique de l’entité.\nL’application de ces politiques (gestion des mots de passe, restrictions de connexions sur certains postes sensibles, configuration des navigateurs Web, etc.) doit être simple et rapide pour les administrateurs, en vue notamment de faciliter la mise en oeuvre de contre-mesures en cas de crise informatique.\nPour cela, l’entité pourra se doter d’un outil de gestion centralisée (par exemple Active Directory en environnement Microsoft) auquel il s’agit d’inclure le plus grand nombre d’équipements informatiques possible. Les postes de travail et les serveurs sont concernés par cette mesure qui nécessite éventuellement en amont un travail d’harmonisation des choix de matériels et de systèmes d’exploitation.\nAinsi, des politiques de durcissement du système d’explo',NULL,NULL,NULL,NULL,'19','25','1.d');
INSERT INTO `O_regle` VALUES ('2551','17','Activer et configurer le parefeu local des postes de travail','/Standard\nAprès avoir réussi à prendre le contrôle d’un poste de travail (à cause, par exemple, d’une vulnérabilité présente dans le navigateur Internet), un attaquant cherchera souvent à étendre son intrusion aux autres postes de travail pour, in fine, accéder aux documents des utilisateurs.\nAfin de rendre plus difficile ce déplacement latéral de l’attaquant, il est nécessaire d’activer le pare-feu local des postes de travail au moyen de logiciels intégrés (pare-feu local Windows) ou spécialisés.\nLes flux de poste à poste sont en effet très rares dans un réseau bureautique classique : les fichiers sont stockés dans des serveurs de fichiers, les applications accessibles sur des serveurs métier, etc.\n\n/Renforcé\nLe filtrage le plus simple consiste à bloquer l’accès aux ports d’administration par défaut des postes de travail (ports TCP 135, 445 et 3389 sous Windows, port TCP 22 sous Unix), excepté depuis les ressources explicitement identifiées (postes d’administration et d’assistance uti',NULL,NULL,NULL,NULL,'19','25','1.d');
INSERT INTO `O_regle` VALUES ('2552','18','Chiffrer les données sensibles transmises par voie Internet','/Standard\nInternet est un réseau sur lequel il est quasi impossible d’obtenir des garanties sur le trajet que vont emprunter les données que l’on y envoie. Il est donc tout à fait possible qu’un attaquant se trouve sur le trajet de données transitant entre deux correspondants.\nToutes les données envoyées par courriel ou transmises au moyen d’outils d’hébergement en ligne (Cloud) sont par conséquent vulnérables. Il s’agit donc de procéder à leur chiffrement systématique avant de les adresser à un correspondant ou de les héberger.\nLa transmission du secret (mot de passe, clé, etc.) permettant alors de déchiffrer les données, si elle est nécessaire, doit être effectuée via un canal de confiance ou, à défaut, un canal distinct du canal de transmission des données. Ainsi, si les données chiffrées sont transmises par courriel, une remise en main propre du mot de passe ou, à défaut, par téléphone doit être privilégiée.',NULL,NULL,NULL,NULL,'19','25','1.d');
INSERT INTO `O_regle` VALUES ('2553','19','Segmenter le réseau et mettre en place un cloisonnement entre ces zones','/Standard\nLorsque le réseau est " à plat ", sans aucun mécanisme de cloisonnement, chaque machine du réseau peut accéder à n’importe quelle autre machine.La compromission de l’une d’elles met alors en péril l’ensemble des machines connectées. Un attaquant peut ainsi compromettre un poste utilisateur et ensuite " rebondir " jusqu’à des serveurs critiques. Il est donc important, dès la conception de l’architecture réseau, de raisonner par segmentation en zones composées de systèmes ayant des besoins de sécurité homogènes. On pourra par exemple regrouper distinctement des serveurs d’infrastructure, des serveurs métiers, des postes de travail utilisateurs, des postes de travail administrateurs, des postes de téléphonie sur IP, etc.\nUne zone se caractérise alors par des VLAN et des sous-réseaux IP dédiés voire par des infrastructures dédiées selon sa criticité. Ainsi, des mesures de cloisonnement telles qu’un filtrage IP à l’aide d’un pare-feu peuvent être mises en place entre les différent',NULL,NULL,NULL,NULL,'19','25','1.d');
INSERT INTO `O_regle` VALUES ('2554','20','S’assurer de la sécurité des réseaux d’accès Wi-Fi et de la séparation des usages','/Standard/nL’usage du Wi-Fi en milieu professionnel est aujourd’hui démocratisé mais présente toujours des risques de sécurité bien spécifiques : faibles garanties en matière de disponibilité, pas de maîtrise de la zone de couverture pouvant mener à une attaque hors du périmètre géographique de l’entité, configuration par défaut des points d’accès peu sécurisée, etc.\nLa segmentation de l’architecture réseau doit permettre de limiter les conséquences d’une intrusion par voie radio à un périmètre déterminé du système d’information. Les flux en provenance des postes connectés au réseau d’accès Wi-Fi doivent donc être filtrés et restreints aux seuls flux nécessaires.\nDe plus, il est important d’avoir recours prioritairement à un chiffrement robuste (mode WPA2, algorithme AES CCMP) et à une authentification centralisée, si possible par certificats clients des machines.\nLa protection du réseau Wi-Fi par un mot de passe unique et partagé est déconseillée. À défaut, il doit être complexe et so',NULL,NULL,NULL,NULL,'19','25','1.d');
INSERT INTO `O_regle` VALUES ('2555','21','Utiliser des protocoles réseaux sécurisés dès qu’ils existent','/Standard\nSi aujourd’hui la sécurité n’est plus optionnelle, cela n’a pas toujours été le cas. C’est pourquoi de nombreux protocoles réseaux ont dû évoluer pour intégrer cette composante et répondre aux besoins de confidentialité et d’intégrité qu’impose l’échange de données. Les protocoles réseaux sécurisés doivent être utilisés dès que possible, que ce soit sur des réseaux publics (Internet par exemple) ou sur le réseau interne de l’entité.\nBien qu’il soit difficile d’en dresser une liste exhaustive, les protocoles les plus courants reposent sur l’utilisation de TLS et sont souvent identifiables par l’ajout de la lettre « s » (pour secure en anglais) à l’acronyme du protocole.Citons par exemple https pour la navigation Web ou IMAPS, SMTPS ou POP3S pour la messagerie.\nD’autres protocoles ont été conçus de manière sécurisée dès la conception pour se substituer à d’anciens protocoles non sécurisés. Citons par exemple SSH (Secure SHell) venu remplacer les protocoles de communication hist',NULL,NULL,NULL,NULL,'19','25','1.d');
INSERT INTO `O_regle` VALUES ('2556','22','Mettre en place une passerelle d’accès sécurisé à Internet','/Standard\nL’accès à Internet, devenu indispensable, présente des risques importants : sites Web hébergeant du code malveillant, téléchargement de fichiers « toxiques » et, par conséquent, possible prise de contrôle du terminal, fuite de données sensibles, etc. Pour sécuriser cet usage, il est donc indispensable que les terminaux utilisateurs n’aient pas d’accès réseau direct à Internet.\nC’est pourquoi il est recommandé de mettre en oeuvre une passerelle sécurisée d’accès à Internet comprenant au minimum un pare-feu au plus près de l’accès Internet pour filtrer les connexions et un serveur mandataire (proxy) embarquant différents mécanismes de sécurité. Celui-ci assure notamment l’authentification des utilisateurs et la journalisation des requêtes.\n\n/Renforcé\nDes mécanismes complémentaires sur le serveur mandataire pourront être activés selon les besoins de l’entité : analyse antivirus du contenu, filtrage par catégories d’URLs, etc. Le maintien en condition de sécurité des équipements ',NULL,NULL,NULL,NULL,'19','25','1.d');
INSERT INTO `O_regle` VALUES ('2557','23','Cloisonner les services visibles depuis Internet du reste du système d’information','/Standard\nUne entité peut choisir d’héberger en interne des services visibles sur Internet (site web, serveur de messagerie, etc.). Au regard de l’évolution et du perfectionnement des cyberattaques sur Internet, il est essentiel de garantir un haut niveau de protection de ce service avec des administrateurs compétents, formés de manière continue (à l’état de l’art des technologies en la matière) et disponibles. Dans le cas contraire, le recours à un hébergement externalisé auprès de professionnels est à privilégier.\nDe plus, les infrastructures d’hébergement Internet doivent être physiquement cloisonnées de toutes les infrastructures du système d’information qui n’ont pas vocation à être visibles depuis Internet.\nEnfin, il convient de mettre en place une infrastructure d’interconnexion de ces services avec Internet permettant de filtrer les flux liés à ces services de manière distincte des autres flux de l’entité. Il s’agit également d’imposer le passage des flux entrants par un serveu',NULL,NULL,NULL,NULL,'19','25','1.d');
INSERT INTO `O_regle` VALUES ('2558','24','Protéger sa messagerie professionnelle','/Standard\nLa messagerie est le principal vecteur d’infection du poste de travail, qu’il s’agisse de l’ouverture de pièces jointes contenant un code malveillant ou du clic malencontreux sur un lien redirigeant vers un site lui-même malveillant.\nLes utilisateurs doivent être particulièrement sensibilisés à ce sujet : l’expéditeur est-il connu ? Une information de sa part est-elle attendue ? Le lien proposé est-il cohérent avec le sujet évoqué ? En cas de doute, une vérification de l’authenticité du message par un autre canal (téléphone, SMS, etc.) est nécessaire.\nPour se prémunir d’escroqueries (ex : demande de virement frauduleux émanant vraisemblablement d’un dirigeant), des mesures organisationnelles doivent être appliquées strictement.\nPar ailleurs, la redirection de messages professionnels vers une messagerie personnelle est à proscrire car cela constitue une fuite irrémédiable d’informations de l’entité. Si nécessaire des moyens maîtrisés et sécurisés pour l’accès distant à la mess',NULL,NULL,NULL,NULL,'19','25','1.d');
INSERT INTO `O_regle` VALUES ('2559','25','Sécuriser les interconnexions réseau dédiées avec les partenaires','/Standard\nPour des besoins opérationnels, une entité peut être amenée à établir une interconnexion réseau dédiée avec un fournisseur ou un client (ex : infogérance, échange de données informatisées, flux monétiques, etc.).\nCette interconnexion peut se faire au travers d’un lien sur le réseau privé de l’entité ou directement sur Internet. Dans le second cas, il convient d’établir un tunnel site à site, de préférence IPsec, en respectant les préconisations de l’ANSSI.\nLe partenaire étant considéré par défaut comme non sûr, il est indispensable d’effectuer un filtrage IP à l’aide d’un pare-feu au plus près de l’entrée des flux sur le réseau de l’entité. La matrice des flux (entrants et sortants) devra être réduite au juste besoin opérationnel, maintenue dans le temps et la configuration des équipements devra y être conforme.\n\n/Renforcé\nPour des entités ayant des besoins de sécurité plus exigeants, il conviendra de s’assurer que l’équipement de filtrage IP pour les connexions partenaires e',NULL,NULL,NULL,NULL,'19','25','1.d');
INSERT INTO `O_regle` VALUES ('2560','26','Contrôler et protéger l’accès aux salles serveurs et aux locaux techniques','/Standard\nLes mécanismes de sécurité physique doivent faire partie intégrante de la sécurité des systèmes d’information et être à l’état de l’art afin de s’assurer qu’ils ne puissent pas être contournés aisément par un attaquant. Il convient donc d’identifier les mesures de sécurité physique adéquates et de sensibiliser continuellement les utilisateurs aux risques engendrés par le contournement des règles.\nLes accès aux salles serveurs et aux locaux techniques doivent être contrôlés à l’aide de serrures ou de mécanismes de contrôle d’accès par badge. Les accès non accompagnés des prestataires extérieurs aux salles serveurs et aux locaux techniques sont à proscrire, sauf s’il est possible de tracer strictement les accès et de limiter ces derniers en fonction des plages horaires. Une revue des droits d’accès doit être réalisée régulièrement afin d’identifier les accès non autorisés.\nLors du départ d’un collaborateur ou d’un changement de prestataire, il est nécessaire de procéder au retr',NULL,NULL,NULL,NULL,'19','25','1.d');
INSERT INTO `O_regle` VALUES ('2561','27','Interdire l’accès à Internet depuis les postes ou serveurs utilisés pour l’administration du système','/Standard\nUn poste de travail ou un serveur utilisé pour les actions d’administration ne doit en aucun cas avoir accès à Internet, en raison des risques que la navigation Web (à travers des sites contenant du code malveillant) et la messagerie (au travers de pièces jointes potentiellement vérolées) font peser sur son intégrité.\nPour les autres usages des administrateurs nécessitant Internet (consultation de documentation en ligne, de leur messagerie, etc.), il est recommandé de mettre à leur disposition un poste de travail distinct. À défaut, l’accès à une infrastructure virtualisée distante pour la bureautique depuis un poste d’administration est envisageable. La réciproque consistant à fournir un accès distant à une infrastructure d’administration depuis un poste bureautique est déconseillée car elle peut mener à une élévation de privilèges en cas de récupération des authentifiants d’administration.\n\n/Renforcé\nConcernant les mises à jour logicielles des équipements administrés, elles',NULL,NULL,NULL,NULL,'19','25','1.d');
INSERT INTO `O_regle` VALUES ('2562','28','Utiliser un réseau dédié et cloisonné pour l’administration du système d’information','/Standard\nUn réseau d’administration interconnecte, entre autres, les postes ou serveurs d’administration et les interfaces d’administration des équipements. Dans la logique de segmentation du réseau global de l’entité, il est indispensable de cloisonner spécifiquement le réseau d’administration, notamment vis-à-vis du réseau bureautique des utilisateurs, pour se prémunir de toute compromission par rebond depuis un poste utilisateur vers une ressource d’administration. \nSelon les besoins de sécurité de l’entité, il est recommandé :\n>> de privilégier en premier lieu un cloisonnement physique des réseaux dès que cela est possible, cette solution pouvant représenter des coûts et un temps de déploiement importants ;/Renforcé\n>> à défaut, de mettre en oeuvre un cloisonnement logique cryptographique reposant sur la mise en place de tunnels IPsec. Ceci permet d’assurer l’intégrité et la confidentialité des informations véhiculées sur le réseau d’administration vis-à-vis du réseau bureautique ',NULL,NULL,NULL,NULL,'19','25','1.d');
INSERT INTO `O_regle` VALUES ('2563','29','Limiter au strict besoin opérationnel les droits d’administration sur les postes de travail','/Standard\nDe nombreux utilisateurs, y compris au sommet des hiérarchies, sont tentés de demander à leur service informatique de pouvoir disposer, par analogie avec leur usage personnel, de privilèges plus importants sur leurs postes de travail : installation de logiciels, configuration du système, etc. Par défaut,il est recommandé qu’un utilisateur du SI, quelle que soit sa position hiérarchique et ses attributions, ne dispose pas de privilèges d’administration sur son poste de travail. Cette mesure, apparemment contraignante, vise à limiter les conséquences de l’exécution malencontreuse d’un code malveillant. La mise à disposition d’un magasin étoffé d’applications validées par l’entité du point de vue de la sécurité permettra de répondre à la majorité des besoins.\nPar conséquent, seuls les administrateurs chargés de l’administration des postes doivent disposer de ces droits lors de leurs interventions.\nSi une délégation de privilèges sur un poste de travail est réellement nécessaire ',NULL,NULL,NULL,NULL,'19','25','1.d');
INSERT INTO `O_regle` VALUES ('2564','30','Prendre des mesures de sécurisation physique des terminaux nomades','/Standard\nLes terminaux nomades (ordinateurs portables, tablettes, ordiphones) sont, par nature, exposés à la perte et au vol. Ils peuvent contenir localement des informations sensibles pour l’entité et constituer un point d’entrée vers de plus amples ressources du système d’information. Au-delà de l’application au minimum des politiques de sécurité de l’entité, des mesures spécifiques de sécurisation de ces équipements sont donc à prévoir.\nEn tout premier lieu, les utilisateurs doivent être sensibilisés pour augmenter leur niveau de vigilance lors de leurs déplacements et conserver leurs équipements à portée de vue. N’importe quelle entité, même de petite taille, peut être victime d’une attaque informatique. Dès lors, en mobilité, tout équipement devient une cible potentielle voire privilégiée.\nIl est recommandé que les terminaux nomades soient aussi banalisés que possible en évitant toute mention explicite de l’entité d’appartenance (par l’apposition d’un autocollant aux couleurs de ',NULL,NULL,NULL,NULL,'19','25','1.d');
INSERT INTO `O_regle` VALUES ('2565','31','Chiffrer les données sensibles, en particulier sur le matériel potentiellement perdable','/Standard\nLes déplacements fréquents en contexte professionnel et la miniaturisation du matériel informatique conduisent souvent à la perte ou au vol de celui-ci dans l’espace public. Cela peut porter atteinte aux données sensibles de l’entité qui y sont stockées.\nIl faut donc ne stocker que des données préalablement chiffrées sur l’ensemble des matériels nomades (ordinateurs portables, ordiphones, clés USB, disques durs externes, etc.) afin de préserver leur confidentialité. Seul un secret (mot de passe, carte à puce, code PIN, etc.) pourra permettre à celui qui le possède d’accéder à ces données.\nUne solution de chiffrement de partition, d’archives ou de fichier peut être envisagée selon les besoins. Là encore, il est essentiel de s’assurer de l’unicité et de la robustesse du secret de déchiffrement utilisé. Dans la mesure du possible, il est conseillé de commencer par un chiffrement complet du disque avant d’envisager le chiffrement d’archives ou de fichiers.\nEn effet, ces derniers ',NULL,NULL,NULL,NULL,'19','25','1.d');
INSERT INTO `O_regle` VALUES ('2566','32','Sécuriser la connexion réseau des postes utilisés en situation de nomadisme','/Standard\nEn situation de nomadisme, il n’est pas rare qu’un utilisateur ait besoin de se connecter au système d’information de l’entité. Il convient par conséquent de s’assurer du caractère sécurisé de cette connexion réseau à travers Internet.\nMême si la possibilité d’établir des tunnels VPN SSL/TLS est aujourd’hui courante, il est fortement recommandé d’établir un tunnel VPN IPsec entre le poste nomade et une passerelle VPN IPsec mise à disposition par l’entité.\nPour garantir un niveau de sécurité optimal, ce tunnel VPN IPsec doit être automatiquement établi et ne pas être débrayable par l’utilisateur, c’est-à-dire qu’aucun flux ne doit pouvoir être transmis en dehors de ce tunnel.\nPour les besoins spécifiques d’authentification aux portails captifs, l’entité peut choisir de déroger à la connexion automatique en autorisant une connexion à la demande ou maintenir cette recommandation en encourageant l’utilisateur à utiliser un partage de connexion sur un téléphone mobile de confiance',NULL,NULL,NULL,NULL,'19','25','1.d');
INSERT INTO `O_regle` VALUES ('2567','33','Adopter des politiques de sécurité dédiées aux terminaux mobiles','/Standard\nLes ordiphones et tablettes font partie de notre quotidien personnel et/ou professionnel. La première des recommandations consiste justement à ne pas mutualiser les usages personnel et professionnel sur un seul et même terminal, par exemple en ne synchronisant pas simultanément comptes professionnel et personnel de messagerie, de réseaux sociaux, d’agendas, etc.\nLes terminaux, fournis par l’entité et utilisés en contexte professionnel doivent faire l’objet d’une sécurisation à part entière, dès lors qu’ils se connectent au système d’information de l’entité ou qu’ils contiennent des informations professionnelles potentiellement sensibles (mails, fichiers partagés, contacts, etc.). Dès lors, l’utilisation d’une solution de gestion centralisée des équipements mobiles est à privilégier. Il sera notamment souhaitable de configurer de manière homogène les politiques de sécurité inhérentes : moyen de déverrouillage du terminal, limitation de l’usage du magasin d’applications à des a',NULL,NULL,NULL,NULL,'19','25','1.d');
INSERT INTO `O_regle` VALUES ('2568','34','Définir une politique de mise à jour des composants du système d’information','/Standard\nDe nouvelles failles sont régulièrement découvertes au coeur des systèmes et logiciels. Ces dernières sont autant de portes d’accès qu’un attaquant peut exploiter pour réussir son intrusion dans le système d’information. Il est donc primordial de s’informer de l’apparition de nouvelles vulnérabilités (CERTFR) et d’appliquer les correctifs de sécurité sur l’ensemble des composants du système dans le mois qui suit leur publication par l’éditeur. Une politique de mise à jour doit ainsi être définie et déclinée en procédures opérationnelles.\nCelles-ci doivent notamment préciser :\n>> la manière dont l’inventaire des composants du système d’information est réalisé ;\n>> les sources d’information relatives à la publication des mises à jour ;\n>> les outils pour déployer les correctifs sur le parc (par exemple WSUS pour les mises à jour des composants Microsoft, des outils gratuits ou payants pour les composants tiers et autres systèmes d’exploitation) ;\n>> l’éventuelle qualification d',NULL,NULL,NULL,NULL,'19','25','1.d');
INSERT INTO `O_regle` VALUES ('2569','35','Anticiper la fin de la maintenance des logiciels et systèmes et limiter les adhérences logicielles','/Standard\nL’utilisation d’un système ou d’un logiciel obsolète augmente significativement les possibilités d’attaque informatique. Les systèmes deviennent vulnérables dès lors que les correctifs ne sont plus proposés. En effet, des outils malveillants exploitant ces vulnérabilités peuvent se diffuser rapidement sur Internet alors même que l’éditeur ne propose pas de correctif de sécurité.\nPour anticiper ces obsolescences, un certain nombre de précautions existent :\n>> établir et tenir à jour un inventaire des systèmes et applications du système d’information ;\n>> choisir des solutions dont le support est assuré pour une durée correspondant à leur utilisation ;\n>> assurer un suivi des mises à jour et des dates de fin de support des logiciels ;\n>> maintenir un parc logiciel homogène (la coexistence de versions différentes d’un même produit multiplie les risques et complique le suivi) ;\n>> limiter les adhérences logicielles, c’est-à-dire les dépendances de fonctionnement d’un logiciel par',NULL,NULL,NULL,NULL,'19','25','1.d');
INSERT INTO `O_regle` VALUES ('2570','36','Activer et configurer les journaux des composants les plus importants','/Standard\nDisposer de journaux pertinents est nécessaire afin de pouvoir détecter d’éventuels dysfonctionnements et tentatives d’accès illicites aux composants du système d’information.\nLa première étape consiste à déterminer quels sont les composants critiques du système d’information. Il peut notamment s’agir des équipements réseau et de sécurité, des serveurs critiques, des postes de travail d’utilisateurs sensibles, etc.\nPour chacun, il convient d’analyser la configuration des éléments journalisés (format, fréquence de rotation des fichiers, taille maximale des fichiers journaux, catégories d’évènements enregistrés, etc.) et de l’adapter en conséquence.\nLes évènements critiques pour la sécurité doivent être journalisés et gardés pendant au moins un an (ou plus en fonction des obligations légales du secteur d’activités).\nUne étude contextuelle du système d’information doit être effectuée et les éléments suivants doivent être journalisés :\n>> pare-feu : paquets bloqués ;\n>> systèmes ',NULL,NULL,NULL,NULL,'19','25','1.d');
INSERT INTO `O_regle` VALUES ('2571','37','Définir et appliquer une politique de sauvegarde des composants critiques','/Standard\nSuite à un incident d’exploitation ou en contexte de gestion d’une intrusion, la disponibilité de sauvegardes conservées en lieu sûr est indispensable à la poursuite de l’activité. Il est donc fortement recommandé de formaliser une politique de sauvegarde régulièrement mise à jour. Cette dernière a pour objectif de définir des exigences en matière de sauvegarde de l’information, des logiciels et des systèmes.\nCette politique doit au moins intégrer les éléments suivants :\n>> la liste des données jugées vitales pour l’organisme et les serveurs concernés ;\n>> les différents types de sauvegarde (par exemple le mode hors ligne) ;\n>> la fréquence des sauvegardes ;\n>> la procédure d’administration et d’exécution des sauvegardes ;\n>> les informations de stockage et les restrictions d’accès aux sauvegardes ;\n>> les procédures de test de restauration ;\n>> la destruction des supports ayant contenu les sauvegardes.\nLes tests de restauration peuvent être réalisés de plusieurs manières :\n>',NULL,NULL,NULL,NULL,'19','25','1.d');
INSERT INTO `O_regle` VALUES ('2572','38','Procéder à des contrôles et audits de sécurité réguliers puis appliquer les actions correctives asso','/Renforcé\nLa réalisation d’audits réguliers (au moins une fois par an) du système d’information est essentielle car elle permet d’évaluer concrètement l’efficacité des mesures mises en oeuvre et leur maintien dans le temps. Ces contrôles et audits permettent également de mesurer les écarts pouvant persister entre la règle et la pratique.\nIls peuvent être réalisés par d’éventuelles équipes d’audit internes ou par des sociétés externes spécialisées. Selon le périmètre à contrôler, des audits techniques et/ou organisationnels seront effectués par les professionnels mobilisés. Ces audits sont d’autant plus nécessaires que l’entité doit être conforme à des réglementations et obligations légales directement liées à ses activités.\nÀ l’issue de ces audits, des actions correctives doivent être identifiées, leur application planifiée et des points de suivi organisés à intervalles réguliers. Pour une plus grande efficacité, des indicateurs sur l’état d’avancement du plan d’action pourront être in',NULL,NULL,NULL,NULL,'19','25','1.d');
INSERT INTO `O_regle` VALUES ('2573','39','Désigner un référent en sécurité des systèmes d’information et le faire connaître auprès du personne','/Standard\nToute entité doit disposer d’un référent en sécurité des systèmes d’information qui sera soutenu par la direction ou par une instance décisionnelle spécialisée selon le niveau de maturité de la structure.\nCe référent devra être connu de tous les utilisateurs et sera le premier contact pour toutes les questions relatives à la sécurité des systèmes d’information :\n>> définition des règles à appliquer selon le contexte ;\n>> vérification de l’application des règles ;\n>> sensibilisation des utilisateurs et définition d’un plan de formation des acteurs informatiques ;\n>> centralisation et traitement des incidents de sécurité constatés ou remontés par les utilisateurs.\nCe référent devra être formé à la sécurité des systèmes d’information et à la gestion de crise.\nDans les entités les plus importantes, ce correspondant peut être désigné pour devenir le relais du RSSI. Il pourra par exemple signaler les doléances des utilisateurs et identifier les thématiques à aborder dans le cadre d',NULL,NULL,NULL,NULL,'19','25','1.d');
INSERT INTO `O_regle` VALUES ('2574','40','Définir une procédure de gestion des incidents de sécurité','/Standard\nLe constat d’un comportement inhabituel de la part d’un poste de travail ou d’un serveur (connexion impossible, activité importante, activités inhabituelles, services ouverts non autorisés, fichiers créés, modifiés ou supprimés sans autorisation, multiples alertes de l’antivirus, etc.) peut alerter sur une éventuelle intrusion.\nUne mauvaise réaction en cas d’incident de sécurité peut faire empirer la situation et empêcher de traiter correctement le problème. Le bon réflexe est de déconnecter la machine du réseau, pour stopper l’attaque. En revanche, il faut la maintenir sous tension et ne pas la redémarrer, pour ne pas perdre d’informations utiles pour l’analyse de l’attaque. Il faut ensuite prévenir la hiérarchie, ainsi que le référent en sécurité des systèmes d’information.\nCelui-ci peut prendre contact avec un prestataire de réponse aux incidents de sécurité (PRIS) afin de faire réaliser les opérations techniques nécessaires (copie physique du disque, analyse de la mémoire',NULL,NULL,NULL,NULL,'19','25','1.d');
INSERT INTO `O_regle` VALUES ('2575','41','Mener une analyse de risques formelle','/Renforcé\nChaque entité évolue dans un environnement informationnel complexe qui lui est propre. Aussi, toute prise de position ou plan d’action impliquant la sécurité du système d’information doit être considéré à la lumière des risques pressentis par la direction. En effet, qu’il s’agisse de mesures organisationnelles ou techniques, leur mise en oeuvre représente un coût pour l’entité qui nécessite de s’assurer qu’elles permettent de réduire au bon niveau un risque identifié.\nDans les cas les plus sensibles, l’analyse de risque peut remettre en cause certains choix passés. Ce peut notamment être le cas si la probabilité d’apparition d’un événement et ses conséquences potentielles s’avèrent critiques pour l’entité et qu’il n’existe aucune action préventive pour le maîtriser.\nLa démarche recommandée consiste, dans les grandes lignes, à définir le contexte, apprécier les risques et les traiter. L’évaluation de ces risques s’opère généralement selon deux axes : leur probabilité d’apparit',NULL,NULL,NULL,NULL,'19','25','1.d');
INSERT INTO `O_regle` VALUES ('2576','42','Privilégier l’usage de produits et de services qualifiés par l’ANSSI','/Renforcé\nLa qualification prononcée par l’ANSSI offre des garanties de sécurité et de confiance aux acheteurs de solutions listées dans les catalogues de produits et de prestataires de service qualifiés que publie l’agence.\nAu-delà des entités soumises à réglementation, l’ANSSI encourage plus généralement l’ensemble des entreprises et administrations françaises à utiliser des produits qu’elle qualifie, seul gage d’une étude sérieuse et approfondie du fonctionnement technique de la solution et de son écosystème.\nS’agissant des prestataires de service qualifiés, ce label permet de répondre aux enjeux et projets de cybersécurité pour l’ensemble du tissu économique français que l’ANSSI ne saurait adresser seule. Évalués sur des critères techniques et organisationnels, les prestataires qualifiés couvrent l’essentiel des métiers de la sécurité des systèmes d’information. Ainsi, en fonction de ses besoins et du maillage national, une entité pourra faire appel à un Prestataire d’audit de la s',NULL,NULL,NULL,NULL,'19','25','1.d');
INSERT INTO `O_regle` VALUES ('2577','1','Former les équipes opérationnelles à la sécurité des systèmes d’information','/ standard<br>Les équipes opérationnelles (administrateurs réseau, sécurité et système, chefs de projet, développeurs, RSSI) ont des accès privilégiés au système d’information. Elles peuvent, par inadvertance ou par méconnaissance des conséquences de certaines pratiques, réaliser des opérations génératrices de vulnérabilités. <br>Citons par exemple l’affectation de comptes disposant de trop nombreux privilèges par rapport à la tâche à réaliser, l’utilisation de comptes personnels pour exécuter des services ou tâches périodiques, ou encore le choix de mots de passe peu robustes donnant accès à des comptes privilégiés.<br>Les équipes opérationnelles, pour être à l’état de l’art de la sécurité des systèmes d’information, doivent donc suivre - à leur prise de poste puis à intervalles réguliers - des formations sur : <br>> la législation en vigueur ;<br>> les principaux risques et menaces ;<br>> le maintien en condition de sécurité ;<br>> l’authentification et le contrôle d’accès ;<br>> le ',NULL,NULL,NULL,NULL,'17','17','1.d');
INSERT INTO `O_regle` VALUES ('2578','2','Sensibiliser les utilisateurs aux bonnes pratiques élémentaires de sécurité informatique','/ standard<br>Chaque utilisateur est un maillon à part entière de la chaîne des systèmes d’information. À ce titre et dès son arrivée dans l’entité, il doit être informé des enjeux de sécurité, des règles à respecter et des bons comportements à adopter en matière de sécurité des systèmes d’information à travers des actions de sensibilisation et de formation.<br>Ces dernières doivent être régulières, adaptées aux utilisateurs ciblés, peuvent prendre différentes formes (mails, affichage, réunions, espace intranet dédié,etc.) et aborder au minimum les sujets suivants :<br>>> les objectifs et enjeux que rencontre l’entité en matière de sécurité dessystèmes d’information ;<br>>> les informations considérées comme sensibles ;>> les réglementations et obligations légales ;<br>>> les règles et consignes de sécurité régissant l’activité quotidienne : respect de la politique de sécurité, non-connexion d’équipements personnels au réseau de l’entité, non-divulgation de mots de passe à un tiers, no',NULL,NULL,NULL,NULL,'17','17','1.d');
INSERT INTO `O_regle` VALUES ('2579','3','Maîtriser les risques de l’infogérance','/ standard<br>Lorsqu’une entité souhaite externaliser son système d’information ou ses données, elle doit en amont évaluer les risques spécifiques à l’infogérance (maîtrise du système d’information, actions à distance, hébergement mutualisé, etc.) afin de prendre en compte, dès la rédaction des exigences applicables au futur prestataire, les besoins et mesures de sécurité adaptés.<br>Les risques SSI inhérents à ce type de démarche peuvent être liés au contexte de l’opération d’externalisation mais aussi à des spécifications contractuelles déficientes ou incomplètes.<br>En faveur du bon déroulement des opérations, il s’agit donc :<br>>> d’étudier attentivement les conditions des offres, la possibilité de les adapter à des besoins spécifiques et les limites de responsabilité du prestataire ;<br>>> d’imposer une liste d’exigences précises au prestataire : réversibilité du contrat, réalisation d’audits, sauvegarde et restitution des données dans un format ouvert normalisé, maintien à nivea',NULL,NULL,NULL,NULL,'17','17','1.d');
INSERT INTO `O_regle` VALUES ('2580','4','Identifier les informations et serveurs les plus sensibles et maintenir un schéma du réseau','/Standard<br>Chaque entité possède des données sensibles. Ces dernières peuvent porter sur son activité propre (propriété intellectuelle, savoir-faire, etc.) ou sur ses clients, administrés ou usagers (données personnelles, contrats, etc.). Afin de pouvoir les protéger efficacement, il est indispensable de les identifier.<br>À partir de cette liste de données sensibles, il sera possible de déterminer sur quels composants du système d’information elles se localisent (bases de données, partages de fichiers, postes de travail, etc.). Ces composants correspondent aux serveurs et postes critiques pour l’entité. À ce titre, ils devront faire l’objet de mesures de sécurité spécifiques pouvant porter sur la sauvegarde, la journalisation, les accès, etc.<br>Il s’agit donc de créer et de maintenir à jour un schéma simplifié du réseau (ou cartographie) représentant les différentes zones IP et le plan d’adressage associé, les équipements de routage et de sécurité (pare-feu, relais applicatifs,etc.',NULL,NULL,NULL,NULL,'17','17','1.d');
INSERT INTO `O_regle` VALUES ('2581','5','Disposer d’un inventaire exhaustif des comptes privilégiés et le maintenir à jour','/Standard<br>Les comptes bénéficiant de droits spécifiques sont des cibles privilégiées par les attaquants qui souhaitent obtenir un accès le plus large possible au système d’information. Ils doivent donc faire l’objet d’une attention toute particulière.<br> Il s’agit pour cela d’effectuer un inventaire de ces comptes, de le mettre à jour régulièrement et d’y renseigner les informations suivantes :<br>>> les utilisateurs ayant un compte administrateur ou des droits supérieurs à ceux d’un utilisateur standard sur le système d’information ;<br>>> les utilisateurs disposant de suffisamment de droits pour accéder aux répertoires de travail des responsables ou de l’ensemble des utilisateurs ;<br>>> les utilisateurs utilisant un poste non administré par le service informatique et qui ne fait pas l’objet de mesures de sécurité édictées par la politique de sécurité générale de l’entité.<br>Il est fortement recommandé de procéder à une revue périodique de ces comptes afin de s’assurer que les a',NULL,NULL,NULL,NULL,'17','17','1.d');
INSERT INTO `O_regle` VALUES ('2582','6','Organiser les procédures d’arrivée, de départ et de changement de fonction des utilisateurs','/ Standard<br>Les effectifs d’une entité, qu’elle soit publique ou privée, évoluent sans cesse : arrivées, départs, mobilité interne. Il est par conséquent nécessaire que les droits et les accès au système d’information soient mis à jour en fonction de ces évolutions. Il est notamment essentiel que l’ensemble des droits affectés à une personne soient révoqués lors de son départ ou en cas de changement de fonction. Les procédures d’arrivée et de départ doivent donc être définies, en lien avec la fonction ressources humaines. Elles doivent au minimum prendre en compte :<br>>> la création et la suppression des comptes informatiques et boîtes aux lettres associées ;<br>>> les droits et accès à attribuer et retirer à une personne dont la fonction change ;<br>>> la gestion des accès physiques aux locaux (attribution, restitution des badges et des clés, etc.) ;<br>>> l’affectation des équipements mobiles (ordinateur portable, clé USB, disque dur, ordiphone, etc.) ;<br>>> la gestion des docume',NULL,NULL,NULL,NULL,'17','17','1.d');
INSERT INTO `O_regle` VALUES ('2583','7','Autoriser la connexion au réseau de l’entité aux seuls équipements maîtrisés','/Standard<br>Pour garantir la sécurité de son système d’information, l’entité doit maîtriser les équipements qui s’y connectent, chacun constituant un point d’entrée potentiellement vulnérable. Les équipements personnels (ordinateurs portables, tablettes, ordiphones, etc.) sont, par définition, difficilement maîtrisables dans la mesure où ce sont les utilisateurs qui décident de leur niveau de sécurité. De la même manière, la sécurité des équipements dont sont dotés les visiteurs échappe à tout contrôle de l’entité.<br> Seule la connexion de terminaux maîtrisés par l’entité doit être autorisée sur ses différents réseaux d’accès, qu’ils soient filaire ou sans fil. Cette recommandation, avant tout d’ordre organisationnel, est souvent perçue comme inacceptable ou rétrograde. Cependant, y déroger fragilise le réseau de l’entité et sert ainsi les intérêts d’un potentiel attaquant.<br>La sensibilisation des utilisateurs doit donc s’accompagner de solutions pragmatiques répondant à leurs beso',NULL,NULL,NULL,NULL,'17','17','1.d');
INSERT INTO `O_regle` VALUES ('2584','8','Identifier nommément chaque personne accédant au système et distinguer les rôles utilisateur /admini','/Standard<br>Afin de faciliter l’attribution d’une action sur le système d’information en cas d’incident ou d’identifier d’éventuels comptes compromis, les comptes d’accès doivent être nominatifs.<br>L’utilisation de comptes génériques (ex : admin, user) doit être marginale et ceux-ci doivent pouvoir être rattachés à un nombre limité de personnes physiques.<br>Bien entendu, cette règle n’interdit pas le maintien de comptes de service, rattachés à un processus informatique (ex : apache, mysqld).<br>Dans tous les cas, les comptes génériques et de service doivent être gérés selon une politique au moins aussi stricte que celle des comptes nominatifs. Par ailleurs, un compte d’administration nominatif, distinct du compte utilisateur, doit être attribué à chaque administrateur. Les identifiants et secrets d’authentification doivent être différents (ex : pmartin comme identifiant utilisateur, adm-pmartin comme identifiant administrateur). Ce compte d’administration, disposant de plus de privi',NULL,NULL,NULL,NULL,'17','17','1.d');
INSERT INTO `O_regle` VALUES ('2585','9','Attribuer les bons droits sur les ressources sensibles du système d’information','/Standard<br>Certaines des ressources du système peuvent constituer une source d’information précieuse aux yeux d’un attaquant (répertoires contenant des données sensibles, bases de données, boîtes aux lettres électroniques, etc.). Il est donc primordial d’établir une liste précise de ces ressources et pour chacune d’entre elles :<br>>> de définir quelle population peut y avoir accès ;<br>>> de contrôler strictement son accès, en s’assurant que les utilisateurs sont authentifiés et font partie de la population ciblée ;<br>>> d’éviter sa dispersion et sa duplication à des endroits non maîtrisés ou soumis à un contrôle d’accès moins strict. <br>Par exemple, les répertoires des administrateurs regroupant de nombreuses informations sensibles doivent faire l’objet d’un contrôle d’accès précis. Il en va de même pour les informations sensibles présentes sur des partages réseau : exports de fichiers de configuration, documentation technique du système d’information, bases de données métier, et',NULL,NULL,NULL,NULL,'17','17','1.d');
INSERT INTO `O_regle` VALUES ('2586','10','Définir et vérifier des règles de choix et de dimensionnement des mots de passe','/Standard<br>L’ANSSI énonce un ensemble de règles et de bonnes pratiques en matière de choix et de dimensionnement des mots de passe. Parmi les plus critiques de ces règles figure la sensibilisation des utilisateurs aux risques liés au choix d’un mot de passe qui serait trop facile à deviner, ou encore la réutilisation de mots de passe d’une application à l’autre et plus particulièrement entre messageries personnelles et professionnelles.<br>Pour encadrer et vérifier l’application de ces règles de choix et de dimensionnement, l’entité pourra recourir à différentes mesures parmi lesquelles :<br>>> le blocage des comptes à l’issue de plusieurs échecs de connexion ;<br>>> la désactivation des options de connexion anonyme ;<br>>> l’utilisation d’un outil d’audit de la robustesse des mots de passe.<br>En amont de telles procédures, un effort de communication visant à expliquer le sens de ces règles et éveiller les consciences sur leur importance est fondamental.',NULL,NULL,NULL,NULL,'17','17','1.d');
INSERT INTO `O_regle` VALUES ('2587','11','Protéger les mots de passe stockés sur les systèmes','/Standard<br>La complexité, la diversité ou encore l’utilisation peu fréquente de certains mots de passe, peuvent encourager leur stockage sur un support physique (mémo, post-it) ou numérique (fichiers de mots de passe, envoi par mail à soimême, recours aux boutons « Se souvenir du mot de passe ») afin de pallier tout oubli ou perte.<br>Or, les mots de passe sont une cible privilégiée par les attaquants désireux d’accéder au système, que cela fasse suite à un vol ou à un éventuel partage du support de stockage. C’est pourquoi ils doivent impérativement être protégés au moyen de solutions sécurisées au premier rang desquelles figurent l’utilisation d’un coffre-fort numérique et le recours à des mécanismes de chiffrement.<br>Bien entendu, le choix d’un mot de passe pour ce coffre-fort numérique doit respecter les règles énoncées précédemment et être mémorisé par l’utilisateur, qui n’a plus que celui-ci à retenir.',NULL,NULL,NULL,NULL,'17','17','1.d');
INSERT INTO `O_regle` VALUES ('2588','12','Changer les éléments d’authentification par défaut sur les équipements et services','/Standard<br>Il est impératif de partir du principe que les configurations par défaut des systèmes d’information sont systématiquement connues des attaquants, quand bien même celles-ci ne le sont pas du grand public. Ces configurations se révèlent (trop) souvent triviales (mot de passe identique à l’identifiant, mal dimensionné ou commun à l’ensemble des équipements et services par exemple) et sont, la plupart du temps, faciles à obtenir pour des attaquants capables de se faire passer pour un utilisateur légitime.<br>Les éléments d’authentification par défaut des composants du système doivent donc être modifiés dès leur installation et, s’agissant de mots de passe, être conformes aux recommandations précédentes en matière de choix, de dimensionnement et de stockage.<br>Si le changement d’un identifiant par défaut se révèle impossible pour cause, par exemple, de mot de passe ou certificat « en dur » dans un équipement, ce problème critique doit être signalé au distributeur du produit af',NULL,NULL,NULL,NULL,'17','17','1.d');
INSERT INTO `O_regle` VALUES ('2589','13','Privilégier lorsque c’est possible une authentification forte','/Standard<br>Il est vivement recommandé de mettre en oeuvre une authentification forte nécessitant l’utilisation de deux facteurs d’authentification différents parmi les suivants :<br>>> quelque chose que je sais (mot de passe, tracé de déverrouillage, signature) ;<br>>> quelque chose que je possède (carte à puce, jeton USB, carte magnétique, RFID, un téléphone pour recevoir un code SMS) ;<br> >> quelque chose que je suis (une empreinte biométrique).<br><br>/Renforcé<br>Les cartes à puces doivent être privilégiées ou, à défaut, les mécanismes de mots de passe à usage unique (ou One Time Password) avec jeton physique. Les opérations cryptographiques mises en place dans ces deux facteurs offrent généralement de bonnes garanties de sécurité.<br>Les cartes à puce peuvent être plus complexes à mettre en place car nécessitant une infrastructure de gestion des clés adaptée. Elles présentent cependant l’avantage d’être réutilisables à plusieurs fins : chiffrement, authentification de messageri',NULL,NULL,NULL,NULL,'17','17','1.d');
INSERT INTO `O_regle` VALUES ('2590','14','Mettre en place un niveau de sécurité minimal sur l’ensemble du parc informatique','/Standard<br>L’utilisateur plus ou moins au fait des bonnes pratiques de sécurité informatique est, dans de très nombreux cas, la première porte d’entrée des attaquants vers le système. Il est donc fondamental de mettre en place un niveau de sécurité minimal sur l’ensemble du parc informatique de l’entité (postes utilisateurs, serveurs, imprimantes, téléphones, périphériques USB, etc.) en implémentant les mesures suivantes :<br>>> limiter les applications installées et modules optionnels des navigateurs web aux seuls nécessaires ;<br>>> doter les postes utilisateurs d’un pare-feu local et d’un anti-virus (ceux-ci sont parfois inclus dans le système d’exploitation) ;<br>>> chiffrer les partitions où sont stockées les données des utilisateurs ;<br>>> désactiver les exécutions automatiques (autorun).<br>En cas de dérogation nécessaire aux règles de sécurité globales applicables aux postes, ceux-ci doivent être isolés du système (s’il est impossible de mettre à jour certaines applications ',NULL,NULL,NULL,NULL,'17','17','1.d');
INSERT INTO `O_regle` VALUES ('2591','15','Se protéger des menaces relatives à l’utilisation de supports amovibles','/Standard<br>Les supports amovibles peuvent être utilisés afin de propager des virus, voler des informations sensibles et stratégiques ou encore compromettre le réseau de l’entité. De tels agissements peuvent avoir des conséquences désastreuses pour l’activité de la structure ciblée.<br>S’il n’est pas question d’interdire totalement l’usage de supports amovibles au sein de l’entité, il est néanmoins nécessaire de traiter ces risques en identifiant des mesures adéquates et en sensibilisant les utilisateurs aux risques que ces supports peuvent véhiculer.<br>Il convient notamment de proscrire le branchement de clés USB inconnues (ramassées dans un lieu public par exemple) et de limiter au maximum celui de clés non maîtrisées (dont on connait la provenance mais pas l’intégrité) sur le système d’information à moins, dans ce dernier cas, de faire inspecter leur contenu par l’antivirus du poste de travail.<br><br>/Renforcé<br>Sur les postes utilisateur, il est recommandé d’utiliser des soluti',NULL,NULL,NULL,NULL,'17','17','1.d');
INSERT INTO `O_regle` VALUES ('2592','16','Utiliser un outil de gestion centralisée afin d’homogénéiser les politiques de sécurité','/Standard<br>La sécurité du système d’information repose sur la sécurité du maillon le plus faible. Il est donc nécessaire d’homogénéiser la gestion des politiques de sécurité s’appliquant à l’ensemble du parc informatique de l’entité.<br>L’application de ces politiques (gestion des mots de passe, restrictions de connexions sur certains postes sensibles, configuration des navigateurs Web, etc.) doit être simple et rapide pour les administrateurs, en vue notamment de faciliter la mise en oeuvre de contre-mesures en cas de crise informatique.<br>Pour cela, l’entité pourra se doter d’un outil de gestion centralisée (par exemple Active Directory en environnement Microsoft) auquel il s’agit d’inclure le plus grand nombre d’équipements informatiques possible. Les postes de travail et les serveurs sont concernés par cette mesure qui nécessite éventuellement en amont un travail d’harmonisation des choix de matériels et de systèmes d’exploitation.<br>Ainsi, des politiques de durcissement du sys',NULL,NULL,NULL,NULL,'17','17','1.d');
INSERT INTO `O_regle` VALUES ('2593','17','Activer et configurer le parefeu local des postes de travail','/Standard<br>Après avoir réussi à prendre le contrôle d’un poste de travail (à cause, par exemple, d’une vulnérabilité présente dans le navigateur Internet), un attaquant cherchera souvent à étendre son intrusion aux autres postes de travail pour, in fine, accéder aux documents des utilisateurs.<br>Afin de rendre plus difficile ce déplacement latéral de l’attaquant, il est nécessaire d’activer le pare-feu local des postes de travail au moyen de logiciels intégrés (pare-feu local Windows) ou spécialisés.<br>Les flux de poste à poste sont en effet très rares dans un réseau bureautique classique : les fichiers sont stockés dans des serveurs de fichiers, les applications accessibles sur des serveurs métier, etc.<br><br>/Renforcé<br>Le filtrage le plus simple consiste à bloquer l’accès aux ports d’administration par défaut des postes de travail (ports TCP 135, 445 et 3389 sous Windows, port TCP 22 sous Unix), excepté depuis les ressources explicitement identifiées (postes d’administration e',NULL,NULL,NULL,NULL,'17','17','1.d');
INSERT INTO `O_regle` VALUES ('2594','18','Chiffrer les données sensibles transmises par voie Internet','/Standard<br>Internet est un réseau sur lequel il est quasi impossible d’obtenir des garanties sur le trajet que vont emprunter les données que l’on y envoie. Il est donc tout à fait possible qu’un attaquant se trouve sur le trajet de données transitant entre deux correspondants.<br>Toutes les données envoyées par courriel ou transmises au moyen d’outils d’hébergement en ligne (Cloud) sont par conséquent vulnérables. Il s’agit donc de procéder à leur chiffrement systématique avant de les adresser à un correspondant ou de les héberger.<br>La transmission du secret (mot de passe, clé, etc.) permettant alors de déchiffrer les données, si elle est nécessaire, doit être effectuée via un canal de confiance ou, à défaut, un canal distinct du canal de transmission des données. Ainsi, si les données chiffrées sont transmises par courriel, une remise en main propre du mot de passe ou, à défaut, par téléphone doit être privilégiée.',NULL,NULL,NULL,NULL,'17','17','1.d');
INSERT INTO `O_regle` VALUES ('2595','19','Segmenter le réseau et mettre en place un cloisonnement entre ces zones','/Standard<br>Lorsque le réseau est " à plat ", sans aucun mécanisme de cloisonnement, chaque machine du réseau peut accéder à n’importe quelle autre machine.La compromission de l’une d’elles met alors en péril l’ensemble des machines connectées. Un attaquant peut ainsi compromettre un poste utilisateur et ensuite " rebondir " jusqu’à des serveurs critiques. Il est donc important, dès la conception de l’architecture réseau, de raisonner par segmentation en zones composées de systèmes ayant des besoins de sécurité homogènes. On pourra par exemple regrouper distinctement des serveurs d’infrastructure, des serveurs métiers, des postes de travail utilisateurs, des postes de travail administrateurs, des postes de téléphonie sur IP, etc.<br>Une zone se caractérise alors par des VLAN et des sous-réseaux IP dédiés voire par des infrastructures dédiées selon sa criticité. Ainsi, des mesures de cloisonnement telles qu’un filtrage IP à l’aide d’un pare-feu peuvent être mises en place entre les dif',NULL,NULL,NULL,NULL,'17','17','1.d');
INSERT INTO `O_regle` VALUES ('2596','20','S’assurer de la sécurité des réseaux d’accès Wi-Fi et de la séparation des usages','/Standard/nL’usage du Wi-Fi en milieu professionnel est aujourd’hui démocratisé mais présente toujours des risques de sécurité bien spécifiques : faibles garanties en matière de disponibilité, pas de maîtrise de la zone de couverture pouvant mener à une attaque hors du périmètre géographique de l’entité, configuration par défaut des points d’accès peu sécurisée, etc.<br>La segmentation de l’architecture réseau doit permettre de limiter les conséquences d’une intrusion par voie radio à un périmètre déterminé du système d’information. Les flux en provenance des postes connectés au réseau d’accès Wi-Fi doivent donc être filtrés et restreints aux seuls flux nécessaires.<br>De plus, il est important d’avoir recours prioritairement à un chiffrement robuste (mode WPA2, algorithme AES CCMP) et à une authentification centralisée, si possible par certificats clients des machines.<br>La protection du réseau Wi-Fi par un mot de passe unique et partagé est déconseillée. À défaut, il doit être compl',NULL,NULL,NULL,NULL,'17','17','1.d');
INSERT INTO `O_regle` VALUES ('2597','21','Utiliser des protocoles réseaux sécurisés dès qu’ils existent','/Standard<br>Si aujourd’hui la sécurité n’est plus optionnelle, cela n’a pas toujours été le cas. C’est pourquoi de nombreux protocoles réseaux ont dû évoluer pour intégrer cette composante et répondre aux besoins de confidentialité et d’intégrité qu’impose l’échange de données. Les protocoles réseaux sécurisés doivent être utilisés dès que possible, que ce soit sur des réseaux publics (Internet par exemple) ou sur le réseau interne de l’entité.<br>Bien qu’il soit difficile d’en dresser une liste exhaustive, les protocoles les plus courants reposent sur l’utilisation de TLS et sont souvent identifiables par l’ajout de la lettre « s » (pour secure en anglais) à l’acronyme du protocole.Citons par exemple https pour la navigation Web ou IMAPS, SMTPS ou POP3S pour la messagerie.<br>D’autres protocoles ont été conçus de manière sécurisée dès la conception pour se substituer à d’anciens protocoles non sécurisés. Citons par exemple SSH (Secure SHell) venu remplacer les protocoles de communica',NULL,NULL,NULL,NULL,'17','17','1.d');
INSERT INTO `O_regle` VALUES ('2598','22','Mettre en place une passerelle d’accès sécurisé à Internet','/Standard<br>L’accès à Internet, devenu indispensable, présente des risques importants : sites Web hébergeant du code malveillant, téléchargement de fichiers « toxiques » et, par conséquent, possible prise de contrôle du terminal, fuite de données sensibles, etc. Pour sécuriser cet usage, il est donc indispensable que les terminaux utilisateurs n’aient pas d’accès réseau direct à Internet.<br>C’est pourquoi il est recommandé de mettre en oeuvre une passerelle sécurisée d’accès à Internet comprenant au minimum un pare-feu au plus près de l’accès Internet pour filtrer les connexions et un serveur mandataire (proxy) embarquant différents mécanismes de sécurité. Celui-ci assure notamment l’authentification des utilisateurs et la journalisation des requêtes.<br><br>/Renforcé<br>Des mécanismes complémentaires sur le serveur mandataire pourront être activés selon les besoins de l’entité : analyse antivirus du contenu, filtrage par catégories d’URLs, etc. Le maintien en condition de sécurité d',NULL,NULL,NULL,NULL,'17','17','1.d');
INSERT INTO `O_regle` VALUES ('2599','23','Cloisonner les services visibles depuis Internet du reste du système d’information','/Standard<br>Une entité peut choisir d’héberger en interne des services visibles sur Internet (site web, serveur de messagerie, etc.). Au regard de l’évolution et du perfectionnement des cyberattaques sur Internet, il est essentiel de garantir un haut niveau de protection de ce service avec des administrateurs compétents, formés de manière continue (à l’état de l’art des technologies en la matière) et disponibles. Dans le cas contraire, le recours à un hébergement externalisé auprès de professionnels est à privilégier.<br>De plus, les infrastructures d’hébergement Internet doivent être physiquement cloisonnées de toutes les infrastructures du système d’information qui n’ont pas vocation à être visibles depuis Internet.<br>Enfin, il convient de mettre en place une infrastructure d’interconnexion de ces services avec Internet permettant de filtrer les flux liés à ces services de manière distincte des autres flux de l’entité. Il s’agit également d’imposer le passage des flux entrants par ',NULL,NULL,NULL,NULL,'17','17','1.d');
INSERT INTO `O_regle` VALUES ('2600','24','Protéger sa messagerie professionnelle','/Standard<br>La messagerie est le principal vecteur d’infection du poste de travail, qu’il s’agisse de l’ouverture de pièces jointes contenant un code malveillant ou du clic malencontreux sur un lien redirigeant vers un site lui-même malveillant.<br>Les utilisateurs doivent être particulièrement sensibilisés à ce sujet : l’expéditeur est-il connu ? Une information de sa part est-elle attendue ? Le lien proposé est-il cohérent avec le sujet évoqué ? En cas de doute, une vérification de l’authenticité du message par un autre canal (téléphone, SMS, etc.) est nécessaire.<br>Pour se prémunir d’escroqueries (ex : demande de virement frauduleux émanant vraisemblablement d’un dirigeant), des mesures organisationnelles doivent être appliquées strictement.<br>Par ailleurs, la redirection de messages professionnels vers une messagerie personnelle est à proscrire car cela constitue une fuite irrémédiable d’informations de l’entité. Si nécessaire des moyens maîtrisés et sécurisés pour l’accès dista',NULL,NULL,NULL,NULL,'17','17','1.d');
INSERT INTO `O_regle` VALUES ('2601','25','Sécuriser les interconnexions réseau dédiées avec les partenaires','/Standard<br>Pour des besoins opérationnels, une entité peut être amenée à établir une interconnexion réseau dédiée avec un fournisseur ou un client (ex : infogérance, échange de données informatisées, flux monétiques, etc.).<br>Cette interconnexion peut se faire au travers d’un lien sur le réseau privé de l’entité ou directement sur Internet. Dans le second cas, il convient d’établir un tunnel site à site, de préférence IPsec, en respectant les préconisations de l’ANSSI.<br>Le partenaire étant considéré par défaut comme non sûr, il est indispensable d’effectuer un filtrage IP à l’aide d’un pare-feu au plus près de l’entrée des flux sur le réseau de l’entité. La matrice des flux (entrants et sortants) devra être réduite au juste besoin opérationnel, maintenue dans le temps et la configuration des équipements devra y être conforme.<br><br>/Renforcé<br>Pour des entités ayant des besoins de sécurité plus exigeants, il conviendra de s’assurer que l’équipement de filtrage IP pour les connex',NULL,NULL,NULL,NULL,'17','17','1.d');
INSERT INTO `O_regle` VALUES ('2602','26','Contrôler et protéger l’accès aux salles serveurs et aux locaux techniques','/Standard<br>Les mécanismes de sécurité physique doivent faire partie intégrante de la sécurité des systèmes d’information et être à l’état de l’art afin de s’assurer qu’ils ne puissent pas être contournés aisément par un attaquant. Il convient donc d’identifier les mesures de sécurité physique adéquates et de sensibiliser continuellement les utilisateurs aux risques engendrés par le contournement des règles.<br>Les accès aux salles serveurs et aux locaux techniques doivent être contrôlés à l’aide de serrures ou de mécanismes de contrôle d’accès par badge. Les accès non accompagnés des prestataires extérieurs aux salles serveurs et aux locaux techniques sont à proscrire, sauf s’il est possible de tracer strictement les accès et de limiter ces derniers en fonction des plages horaires. Une revue des droits d’accès doit être réalisée régulièrement afin d’identifier les accès non autorisés.<br>Lors du départ d’un collaborateur ou d’un changement de prestataire, il est nécessaire de procéde',NULL,NULL,NULL,NULL,'17','17','1.d');
INSERT INTO `O_regle` VALUES ('2603','27','Interdire l’accès à Internet depuis les postes ou serveurs utilisés pour l’administration du système','/Standard<br>Un poste de travail ou un serveur utilisé pour les actions d’administration ne doit en aucun cas avoir accès à Internet, en raison des risques que la navigation Web (à travers des sites contenant du code malveillant) et la messagerie (au travers de pièces jointes potentiellement vérolées) font peser sur son intégrité.<br>Pour les autres usages des administrateurs nécessitant Internet (consultation de documentation en ligne, de leur messagerie, etc.), il est recommandé de mettre à leur disposition un poste de travail distinct. À défaut, l’accès à une infrastructure virtualisée distante pour la bureautique depuis un poste d’administration est envisageable. La réciproque consistant à fournir un accès distant à une infrastructure d’administration depuis un poste bureautique est déconseillée car elle peut mener à une élévation de privilèges en cas de récupération des authentifiants d’administration.<br><br>/Renforcé<br>Concernant les mises à jour logicielles des équipements adm',NULL,NULL,NULL,NULL,'17','17','1.d');
INSERT INTO `O_regle` VALUES ('2604','28','Utiliser un réseau dédié et cloisonné pour l’administration du système d’information','/Standard<br>Un réseau d’administration interconnecte, entre autres, les postes ou serveurs d’administration et les interfaces d’administration des équipements. Dans la logique de segmentation du réseau global de l’entité, il est indispensable de cloisonner spécifiquement le réseau d’administration, notamment vis-à-vis du réseau bureautique des utilisateurs, pour se prémunir de toute compromission par rebond depuis un poste utilisateur vers une ressource d’administration. <br>Selon les besoins de sécurité de l’entité, il est recommandé :<br>>> de privilégier en premier lieu un cloisonnement physique des réseaux dès que cela est possible, cette solution pouvant représenter des coûts et un temps de déploiement importants ;/Renforcé<br>>> à défaut, de mettre en oeuvre un cloisonnement logique cryptographique reposant sur la mise en place de tunnels IPsec. Ceci permet d’assurer l’intégrité et la confidentialité des informations véhiculées sur le réseau d’administration vis-à-vis du réseau ',NULL,NULL,NULL,NULL,'17','17','1.d');
INSERT INTO `O_regle` VALUES ('2605','29','Limiter au strict besoin opérationnel les droits d’administration sur les postes de travail','/Standard<br>De nombreux utilisateurs, y compris au sommet des hiérarchies, sont tentés de demander à leur service informatique de pouvoir disposer, par analogie avec leur usage personnel, de privilèges plus importants sur leurs postes de travail : installation de logiciels, configuration du système, etc. Par défaut,il est recommandé qu’un utilisateur du SI, quelle que soit sa position hiérarchique et ses attributions, ne dispose pas de privilèges d’administration sur son poste de travail. Cette mesure, apparemment contraignante, vise à limiter les conséquences de l’exécution malencontreuse d’un code malveillant. La mise à disposition d’un magasin étoffé d’applications validées par l’entité du point de vue de la sécurité permettra de répondre à la majorité des besoins.<br>Par conséquent, seuls les administrateurs chargés de l’administration des postes doivent disposer de ces droits lors de leurs interventions.<br>Si une délégation de privilèges sur un poste de travail est réellement né',NULL,NULL,NULL,NULL,'17','17','1.d');
INSERT INTO `O_regle` VALUES ('2606','30','Prendre des mesures de sécurisation physique des terminaux nomades','/Standard<br>Les terminaux nomades (ordinateurs portables, tablettes, ordiphones) sont, par nature, exposés à la perte et au vol. Ils peuvent contenir localement des informations sensibles pour l’entité et constituer un point d’entrée vers de plus amples ressources du système d’information. Au-delà de l’application au minimum des politiques de sécurité de l’entité, des mesures spécifiques de sécurisation de ces équipements sont donc à prévoir.<br>En tout premier lieu, les utilisateurs doivent être sensibilisés pour augmenter leur niveau de vigilance lors de leurs déplacements et conserver leurs équipements à portée de vue. N’importe quelle entité, même de petite taille, peut être victime d’une attaque informatique. Dès lors, en mobilité, tout équipement devient une cible potentielle voire privilégiée.<br>Il est recommandé que les terminaux nomades soient aussi banalisés que possible en évitant toute mention explicite de l’entité d’appartenance (par l’apposition d’un autocollant aux cou',NULL,NULL,NULL,NULL,'17','17','1.d');
INSERT INTO `O_regle` VALUES ('2607','31','Chiffrer les données sensibles, en particulier sur le matériel potentiellement perdable','/Standard<br>Les déplacements fréquents en contexte professionnel et la miniaturisation du matériel informatique conduisent souvent à la perte ou au vol de celui-ci dans l’espace public. Cela peut porter atteinte aux données sensibles de l’entité qui y sont stockées.<br>Il faut donc ne stocker que des données préalablement chiffrées sur l’ensemble des matériels nomades (ordinateurs portables, ordiphones, clés USB, disques durs externes, etc.) afin de préserver leur confidentialité. Seul un secret (mot de passe, carte à puce, code PIN, etc.) pourra permettre à celui qui le possède d’accéder à ces données.<br>Une solution de chiffrement de partition, d’archives ou de fichier peut être envisagée selon les besoins. Là encore, il est essentiel de s’assurer de l’unicité et de la robustesse du secret de déchiffrement utilisé. Dans la mesure du possible, il est conseillé de commencer par un chiffrement complet du disque avant d’envisager le chiffrement d’archives ou de fichiers.<br>En effet, c',NULL,NULL,NULL,NULL,'17','17','1.d');
INSERT INTO `O_regle` VALUES ('2608','32','Sécuriser la connexion réseau des postes utilisés en situation de nomadisme','/Standard<br>En situation de nomadisme, il n’est pas rare qu’un utilisateur ait besoin de se connecter au système d’information de l’entité. Il convient par conséquent de s’assurer du caractère sécurisé de cette connexion réseau à travers Internet.<br>Même si la possibilité d’établir des tunnels VPN SSL/TLS est aujourd’hui courante, il est fortement recommandé d’établir un tunnel VPN IPsec entre le poste nomade et une passerelle VPN IPsec mise à disposition par l’entité.<br>Pour garantir un niveau de sécurité optimal, ce tunnel VPN IPsec doit être automatiquement établi et ne pas être débrayable par l’utilisateur, c’est-à-dire qu’aucun flux ne doit pouvoir être transmis en dehors de ce tunnel.<br>Pour les besoins spécifiques d’authentification aux portails captifs, l’entité peut choisir de déroger à la connexion automatique en autorisant une connexion à la demande ou maintenir cette recommandation en encourageant l’utilisateur à utiliser un partage de connexion sur un téléphone mobile ',NULL,NULL,NULL,NULL,'17','17','1.d');
INSERT INTO `O_regle` VALUES ('2609','33','Adopter des politiques de sécurité dédiées aux terminaux mobiles','/Standard<br>Les ordiphones et tablettes font partie de notre quotidien personnel et/ou professionnel. La première des recommandations consiste justement à ne pas mutualiser les usages personnel et professionnel sur un seul et même terminal, par exemple en ne synchronisant pas simultanément comptes professionnel et personnel de messagerie, de réseaux sociaux, d’agendas, etc.<br>Les terminaux, fournis par l’entité et utilisés en contexte professionnel doivent faire l’objet d’une sécurisation à part entière, dès lors qu’ils se connectent au système d’information de l’entité ou qu’ils contiennent des informations professionnelles potentiellement sensibles (mails, fichiers partagés, contacts, etc.). Dès lors, l’utilisation d’une solution de gestion centralisée des équipements mobiles est à privilégier. Il sera notamment souhaitable de configurer de manière homogène les politiques de sécurité inhérentes : moyen de déverrouillage du terminal, limitation de l’usage du magasin d’applications à',NULL,NULL,NULL,NULL,'17','17','1.d');
INSERT INTO `O_regle` VALUES ('2610','34','Définir une politique de mise à jour des composants du système d’information','/Standard<br>De nouvelles failles sont régulièrement découvertes au coeur des systèmes et logiciels. Ces dernières sont autant de portes d’accès qu’un attaquant peut exploiter pour réussir son intrusion dans le système d’information. Il est donc primordial de s’informer de l’apparition de nouvelles vulnérabilités (CERTFR) et d’appliquer les correctifs de sécurité sur l’ensemble des composants du système dans le mois qui suit leur publication par l’éditeur. Une politique de mise à jour doit ainsi être définie et déclinée en procédures opérationnelles.<br>Celles-ci doivent notamment préciser :<br>>> la manière dont l’inventaire des composants du système d’information est réalisé ;<br>>> les sources d’information relatives à la publication des mises à jour ;<br>>> les outils pour déployer les correctifs sur le parc (par exemple WSUS pour les mises à jour des composants Microsoft, des outils gratuits ou payants pour les composants tiers et autres systèmes d’exploitation) ;<br>>> l’éventuel',NULL,NULL,NULL,NULL,'17','17','1.d');
INSERT INTO `O_regle` VALUES ('2611','35','Anticiper la fin de la maintenance des logiciels et systèmes et limiter les adhérences logicielles','/Standard<br>L’utilisation d’un système ou d’un logiciel obsolète augmente significativement les possibilités d’attaque informatique. Les systèmes deviennent vulnérables dès lors que les correctifs ne sont plus proposés. En effet, des outils malveillants exploitant ces vulnérabilités peuvent se diffuser rapidement sur Internet alors même que l’éditeur ne propose pas de correctif de sécurité.<br>Pour anticiper ces obsolescences, un certain nombre de précautions existent :<br>>> établir et tenir à jour un inventaire des systèmes et applications du système d’information ;<br>>> choisir des solutions dont le support est assuré pour une durée correspondant à leur utilisation ;<br>>> assurer un suivi des mises à jour et des dates de fin de support des logiciels ;<br>>> maintenir un parc logiciel homogène (la coexistence de versions différentes d’un même produit multiplie les risques et complique le suivi) ;<br>>> limiter les adhérences logicielles, c’est-à-dire les dépendances de fonctionnem',NULL,NULL,NULL,NULL,'17','17','1.d');
INSERT INTO `O_regle` VALUES ('2612','36','Activer et configurer les journaux des composants les plus importants','/Standard<br>Disposer de journaux pertinents est nécessaire afin de pouvoir détecter d’éventuels dysfonctionnements et tentatives d’accès illicites aux composants du système d’information.<br>La première étape consiste à déterminer quels sont les composants critiques du système d’information. Il peut notamment s’agir des équipements réseau et de sécurité, des serveurs critiques, des postes de travail d’utilisateurs sensibles, etc.<br>Pour chacun, il convient d’analyser la configuration des éléments journalisés (format, fréquence de rotation des fichiers, taille maximale des fichiers journaux, catégories d’évènements enregistrés, etc.) et de l’adapter en conséquence.<br>Les évènements critiques pour la sécurité doivent être journalisés et gardés pendant au moins un an (ou plus en fonction des obligations légales du secteur d’activités).<br>Une étude contextuelle du système d’information doit être effectuée et les éléments suivants doivent être journalisés :<br>>> pare-feu : paquets bloq',NULL,NULL,NULL,NULL,'17','17','1.d');
INSERT INTO `O_regle` VALUES ('2613','37','Définir et appliquer une politique de sauvegarde des composants critiques','/Standard<br>Suite à un incident d’exploitation ou en contexte de gestion d’une intrusion, la disponibilité de sauvegardes conservées en lieu sûr est indispensable à la poursuite de l’activité. Il est donc fortement recommandé de formaliser une politique de sauvegarde régulièrement mise à jour. Cette dernière a pour objectif de définir des exigences en matière de sauvegarde de l’information, des logiciels et des systèmes.<br>Cette politique doit au moins intégrer les éléments suivants :<br>>> la liste des données jugées vitales pour l’organisme et les serveurs concernés ;<br>>> les différents types de sauvegarde (par exemple le mode hors ligne) ;<br>>> la fréquence des sauvegardes ;<br>>> la procédure d’administration et d’exécution des sauvegardes ;<br>>> les informations de stockage et les restrictions d’accès aux sauvegardes ;<br>>> les procédures de test de restauration ;<br>>> la destruction des supports ayant contenu les sauvegardes.<br>Les tests de restauration peuvent être réal',NULL,NULL,NULL,NULL,'17','17','1.d');
INSERT INTO `O_regle` VALUES ('2614','38','Procéder à des contrôles et audits de sécurité réguliers puis appliquer les actions correctives asso','/Renforcé<br>La réalisation d’audits réguliers (au moins une fois par an) du système d’information est essentielle car elle permet d’évaluer concrètement l’efficacité des mesures mises en oeuvre et leur maintien dans le temps. Ces contrôles et audits permettent également de mesurer les écarts pouvant persister entre la règle et la pratique.<br>Ils peuvent être réalisés par d’éventuelles équipes d’audit internes ou par des sociétés externes spécialisées. Selon le périmètre à contrôler, des audits techniques et/ou organisationnels seront effectués par les professionnels mobilisés. Ces audits sont d’autant plus nécessaires que l’entité doit être conforme à des réglementations et obligations légales directement liées à ses activités.<br>À l’issue de ces audits, des actions correctives doivent être identifiées, leur application planifiée et des points de suivi organisés à intervalles réguliers. Pour une plus grande efficacité, des indicateurs sur l’état d’avancement du plan d’action pourron',NULL,NULL,NULL,NULL,'17','17','1.d');
INSERT INTO `O_regle` VALUES ('2615','39','Désigner un référent en sécurité des systèmes d’information et le faire connaître auprès du personne','/Standard<br>Toute entité doit disposer d’un référent en sécurité des systèmes d’information qui sera soutenu par la direction ou par une instance décisionnelle spécialisée selon le niveau de maturité de la structure.<br>Ce référent devra être connu de tous les utilisateurs et sera le premier contact pour toutes les questions relatives à la sécurité des systèmes d’information :<br>>> définition des règles à appliquer selon le contexte ;<br>>> vérification de l’application des règles ;<br>>> sensibilisation des utilisateurs et définition d’un plan de formation des acteurs informatiques ;<br>>> centralisation et traitement des incidents de sécurité constatés ou remontés par les utilisateurs.<br>Ce référent devra être formé à la sécurité des systèmes d’information et à la gestion de crise.<br>Dans les entités les plus importantes, ce correspondant peut être désigné pour devenir le relais du RSSI. Il pourra par exemple signaler les doléances des utilisateurs et identifier les thématiques à',NULL,NULL,NULL,NULL,'17','17','1.d');
INSERT INTO `O_regle` VALUES ('2616','40','Définir une procédure de gestion des incidents de sécurité','/Standard<br>Le constat d’un comportement inhabituel de la part d’un poste de travail ou d’un serveur (connexion impossible, activité importante, activités inhabituelles, services ouverts non autorisés, fichiers créés, modifiés ou supprimés sans autorisation, multiples alertes de l’antivirus, etc.) peut alerter sur une éventuelle intrusion.<br>Une mauvaise réaction en cas d’incident de sécurité peut faire empirer la situation et empêcher de traiter correctement le problème. Le bon réflexe est de déconnecter la machine du réseau, pour stopper l’attaque. En revanche, il faut la maintenir sous tension et ne pas la redémarrer, pour ne pas perdre d’informations utiles pour l’analyse de l’attaque. Il faut ensuite prévenir la hiérarchie, ainsi que le référent en sécurité des systèmes d’information.<br>Celui-ci peut prendre contact avec un prestataire de réponse aux incidents de sécurité (PRIS) afin de faire réaliser les opérations techniques nécessaires (copie physique du disque, analyse de l',NULL,NULL,NULL,NULL,'17','17','1.d');
INSERT INTO `O_regle` VALUES ('2617','41','Mener une analyse de risques formelle','/Renforcé<br>Chaque entité évolue dans un environnement informationnel complexe qui lui est propre. Aussi, toute prise de position ou plan d’action impliquant la sécurité du système d’information doit être considéré à la lumière des risques pressentis par la direction. En effet, qu’il s’agisse de mesures organisationnelles ou techniques, leur mise en oeuvre représente un coût pour l’entité qui nécessite de s’assurer qu’elles permettent de réduire au bon niveau un risque identifié.<br>Dans les cas les plus sensibles, l’analyse de risque peut remettre en cause certains choix passés. Ce peut notamment être le cas si la probabilité d’apparition d’un événement et ses conséquences potentielles s’avèrent critiques pour l’entité et qu’il n’existe aucune action préventive pour le maîtriser.<br>La démarche recommandée consiste, dans les grandes lignes, à définir le contexte, apprécier les risques et les traiter. L’évaluation de ces risques s’opère généralement selon deux axes : leur probabilité ',NULL,NULL,NULL,NULL,'17','17','1.d');
INSERT INTO `O_regle` VALUES ('2618','42','Privilégier l’usage de produits et de services qualifiés par l’ANSSI','/Renforcé<br>La qualification prononcée par l’ANSSI offre des garanties de sécurité et de confiance aux acheteurs de solutions listées dans les catalogues de produits et de prestataires de service qualifiés que publie l’agence.<br>Au-delà des entités soumises à réglementation, l’ANSSI encourage plus généralement l’ensemble des entreprises et administrations françaises à utiliser des produits qu’elle qualifie, seul gage d’une étude sérieuse et approfondie du fonctionnement technique de la solution et de son écosystème.<br>S’agissant des prestataires de service qualifiés, ce label permet de répondre aux enjeux et projets de cybersécurité pour l’ensemble du tissu économique français que l’ANSSI ne saurait adresser seule. Évalués sur des critères techniques et organisationnels, les prestataires qualifiés couvrent l’essentiel des métiers de la sécurité des systèmes d’information. Ainsi, en fonction de ses besoins et du maillage national, une entité pourra faire appel à un Prestataire d’audi',NULL,NULL,NULL,NULL,'17','17','1.d');
INSERT INTO `O_regle` VALUES ('2711','1','RÈGLE — Application de conventions de codage claires et explicites','Des conventions de codage doivent être définies et documentées pour le logiciel à produire. Ces conventions doivent définir au minimum les points suivants : l’encodage des fichiers sources, la mise en page du code et l’indentation, les types standards à utiliser, le nommage (bibliothèques, fichiers, fonctions, types, variables, . . .), le format de la documentation. Ces conventions doivent être appliquées par chaque développeur.',NULL,NULL,NULL,NULL,'22','25','1.d');
INSERT INTO `O_regle` VALUES ('2712','2','RÈGLE — Seul le codage C conforme au standard est autorisé','Aucune violation des contraintes et de la syntaxe C telles que définies dans les standards C90 ou C99 n’est autorisée.',NULL,NULL,NULL,NULL,'22','25','1.d');
INSERT INTO `O_regle` VALUES ('2713','3','RECOMMANDATION — Maîtrise des actions opérées à la compilation.',' Le développeur doit connaître et documenter les actions associées aux options activées du compilateur y compris en terme d’optimisation de code',NULL,NULL,NULL,NULL,'22','25','1.d');
INSERT INTO `O_regle` VALUES ('2714','4','RÈGLE — Définir précisément les options de compilation','Les options utilisées pour la compilation doivent être précisément définies pour l’ensemble des sources d’un logiciel. Ces options doivent notamment fixer précisément :\n- la version du standard C utilisée (par exemple C99 ou encore C90) ;\n- le nom et la version du compilateur utilisé ;',NULL,NULL,NULL,NULL,'22','25','1.d');
INSERT INTO `O_regle` VALUES ('2715','RÈGLE — Utiliser des options de durcissement','5','L’utilisation d’options de durcissement est obligatoire que ce soit pour imposer la génération d’exécutables relocalisables, une randomization d’adresses efficace ou la protection contre le dépassement de pile entre autres.',NULL,NULL,NULL,NULL,'22','25','1.d');
INSERT INTO `O_regle` VALUES ('2716','6','BONNE PRATIQUE — Utiliser des générateurs de projets pour la compilation.','Vide',NULL,NULL,NULL,NULL,'22','25','1.d');
INSERT INTO `O_regle` VALUES ('2717','7','RÈGLE — Compiler le code sans erreur ni avertissement en activant des options de compilation exigent','Activer le niveau d’avertissement et d’erreur le plus élevé du compilateur et de l’éditeur de liens afin de s’assurer de l’absence de problèmes potentiels liés à l’utilisation incorrecte du langage de programmation et traiter tous les avertissements et toutes les erreurs signalés par le compilateur et l’éditeur de liens pour les éliminer.',NULL,NULL,NULL,NULL,'22','25','1.d');
INSERT INTO `O_regle` VALUES ('2718','8','RECOMMANDATION — Utiliser les options des compilations les plus exigentes','Si une option élevée d’un compilateur n’apparaît pas pertinente pour un développement donné, une justification sera fournie pour expliquer ce choix.',NULL,NULL,NULL,NULL,'22','25','1.d');
INSERT INTO `O_regle` VALUES ('2719','9','RÈGLE — Tout code mis en production doit être compilé en mode release','La compilation en mode release est obligatoire pour une mise en production.',NULL,NULL,NULL,NULL,'22','25','1.d');
INSERT INTO `O_regle` VALUES ('2720','10','RECOMMANDATION — Prêter une attention particulière aux modes debug et release lors de la compilation','L’utilisation des modes debug et release à la compilation doit se faire en toute connaissance des modifications induites en terme de gestion de mémoire et d’optimisation de code. Les différences entre ces deux modes doivent être documentées de manière exhaustive.',NULL,NULL,NULL,NULL,'22','25','1.d');
INSERT INTO `O_regle` VALUES ('2721','11','RECOMMANDATION — Limiter et justifier les inclusions de fichier d''en-tête dans un autre fichier d''en','Vide',NULL,NULL,NULL,NULL,'22','25','1.d');
INSERT INTO `O_regle` VALUES ('2722','12','RECOMMANDATION — Limiter et justifier les inclusions de fichier d''en-tête dans un autre fichier d''en','Vide',NULL,NULL,NULL,NULL,'22','25','1.d');
INSERT INTO `O_regle` VALUES ('2723','13','RÈGLE — Utiliser des macros de garde d''inclusion multiple d''un fichier','Une macro de garde contre l’inclusion multiple d’un fichier doit être utilisée afin d’empêcher que le contenu d’un fichier d’en-tête soit inclus plus d’une fois :\n// début du fichier d''en -tête\n#ifndef HEADER_H\n#define HEADER_H\n/* contenu du fichier */\n#endif\n//fin du fichier d''en -tête',NULL,NULL,NULL,NULL,'22','25','1.d');
INSERT INTO `O_regle` VALUES ('2724','14','RÈGLE — Les inclusions de fichiers d''en-tête sont groupées en début de fichier','Toutes les inclusions de fichiers d’en-tête doivent être regroupées au début du fichier ou juste après des commentaires ou les directives de preprocessing, mais systématiquement avant la définition de variables globales ou de fonctions.',NULL,NULL,NULL,NULL,'22','25','1.d');
INSERT INTO `O_regle` VALUES ('2725','15','RECOMMANDATION — Les inclusions de fichiers d''en-tête systèmes sont effectuées avant les inclusions ','Vide',NULL,NULL,NULL,NULL,'22','25','1.d');
INSERT INTO `O_regle` VALUES ('2726','16','BONNE PRATIQUE — Utiliser l''ordre alphabétique dans l''inclusion de chaque type de fichiers d''en-tête','Pour éviter les redondances dans les inclusions de fichiers d’en-tête systèmes ou utilisateur, le développeur peut les ordonner par ordre alphabétique ce qui permet d’avoir un ordre d’inclusion déterministe et de faciliter la revue de code.',NULL,NULL,NULL,NULL,'22','25','1.d');
INSERT INTO `O_regle` VALUES ('2727','17','RÈGLE — Ne pas inclure un fichier source dans un autre fichier source','Seule l’inclusion de fichiers d’en-tête est autorisée dans un fichier source.',NULL,NULL,NULL,NULL,'22','25','1.d');
INSERT INTO `O_regle` VALUES ('2728','18','RÈGLE — Les chemins des fichiers doivent être portables et la casse doit être respectée','Les chemins de fichiers, que ce soit pour une directive d’inclusion #include ou non, doivent être portables tout en respectant la casse des répertoires.',NULL,NULL,NULL,NULL,'22','25','1.d');
INSERT INTO `O_regle` VALUES ('2729','19','RÈGLE — Le nom d''un fichier d''en-tête ne doit pas contenir certains caractères ou séquences de carac','Le nom d’un fichier d’en-tête doit être exempt des caractères et des séquences de caractères suivants : « '', ", \\, /* et // ».',NULL,NULL,NULL,NULL,'22','25','1.d');
INSERT INTO `O_regle` VALUES ('2730','20','RECOMMANDATION — Les blocs préprocesseurs doivent être commentés','Les directives des blocs préprocesseurs doivent être commentées afin d’expliciter le cas traité et pour les directives « intermédiaires » et « fermantes », celles-ci doivent aussi être associées à la directive « ouvrante » correspondante par le biais d’un commentaire.',NULL,NULL,NULL,NULL,'22','25','1.d');
INSERT INTO `O_regle` VALUES ('2731','21','BONNE PRATIQUE — La double négation dans l''expression des conditions des blocs préprocesseurs doit ê','Vide',NULL,NULL,NULL,NULL,'22','25','1.d');
INSERT INTO `O_regle` VALUES ('2732','22','RÈGLE — Définition d''un bloc préprocesseur dans un seul et même fichier','Pour un bloc préprocesseur, toutes les directives associées doivent se trouver dans le même fichier.',NULL,NULL,NULL,NULL,'22','25','1.d');
INSERT INTO `O_regle` VALUES ('2733','23','RECOMMANDATION — Les expressions de contrôle des directives de preprocessing doivent être bien formé','Les expressions de contrôle doivent être évaluées uniquement à 0 ou 1 et doivent utiliser uniquement des identifiants définis (via #define).',NULL,NULL,NULL,NULL,'22','25','1.d');
INSERT INTO `O_regle` VALUES ('2734','24','RÈGLE — Ne pas utiliser dans une même expression plus d''un des opérateurs de preprocessing # et ##','Vide',NULL,NULL,NULL,NULL,'22','25','1.d');
INSERT INTO `O_regle` VALUES ('2735','25','RÈGLE — Utiliser les opérateurs de preprocessing # et ## en maîtrisant leur expansion','Vide',NULL,NULL,NULL,NULL,'22','25','1.d');
INSERT INTO `O_regle` VALUES ('2736','26','RÈGLE — Les macros doivent être nommées de façon spécifique','Pour différencier aisément les macros des fonctions et ne pas utiliser un nom réservé d’une autre macro C, les macros préprocesseurs doivent être en capitales et les mots composant le nom séparés par le caractère souligné « _ » mais sans les faire débuter par le caractère souligné car il s’agit d’une convention pour les noms réservés du langage C.',NULL,NULL,NULL,NULL,'22','25','1.d');
INSERT INTO `O_regle` VALUES ('2737','27','RÈGLE — Ne pas terminer une macro par un point-virgule','Le point-virgule final doit être omis à la fin de la définition d’une macro.',NULL,NULL,NULL,NULL,'22','25','1.d');
INSERT INTO `O_regle` VALUES ('2738','28','Le point-virgule final doit être omis à la fin de la définition d’une macro.','Vide',NULL,NULL,NULL,NULL,'22','25','1.d');
INSERT INTO `O_regle` VALUES ('2739','29','RÈGLE — L''expansion d''une macro définie par le développeur ne doit pas créer de fonction','Vide',NULL,NULL,NULL,NULL,'22','25','1.d');
INSERT INTO `O_regle` VALUES ('2740','30','RÈGLE — Les macros contenant plusieurs instructions doivent utiliser une boucle do { ... } while(0) ','Vide',NULL,NULL,NULL,NULL,'22','25','1.d');
INSERT INTO `O_regle` VALUES ('2741','31','RÈGLE — Parenthèses obligatoires autour des paramètres utilisés dans le corps d''une macro','Les paramètres d’une macro doivent systématiquement être entourés de parenthèses lors de leur utilisation, afin de préserver l’ordre souhaité d’évaluation des expressions.',NULL,NULL,NULL,NULL,'22','25','1.d');
INSERT INTO `O_regle` VALUES ('2742','32','RECOMMANDATION — Il faut éviter les arguments d''une macro réalisant une opération','Vide',NULL,NULL,NULL,NULL,'22','25','1.d');
INSERT INTO `O_regle` VALUES ('2743','33','RÈGLE — Les arguments d''une macro ne doivent pas contenir d''effets de bord.','Des arguments de macro avec des effets de bord peuvent entraîner des évaluations multiples non désirées.',NULL,NULL,NULL,NULL,'22','25','1.d');
INSERT INTO `O_regle` VALUES ('2744','34','RÈGLE — Ne pas utiliser de directives de preprocessing en arguments d''une macro','Vide',NULL,NULL,NULL,NULL,'22','25','1.d');
INSERT INTO `O_regle` VALUES ('2745','35','RÈGLE — La directive #undef ne doit pas être utilisée','Vide',NULL,NULL,NULL,NULL,'22','25','1.d');
INSERT INTO `O_regle` VALUES ('2746','36','RÈGLE — Ne pas utiliser de trigraphes','Vide',NULL,NULL,NULL,NULL,'22','25','1.d');
INSERT INTO `O_regle` VALUES ('2747','37','RECOMMANDATION — Les points d''interrogation ne doivent pas être utilisés de façon successive','Cette règle s’applique pour toute partie du code mais aussi pour les commentaires.',NULL,NULL,NULL,NULL,'22','25','1.d');
INSERT INTO `O_regle` VALUES ('2748','38','RECOMMANDATION — Seules les déclarations multiples de variables simples de même type sont autorisées','Vide',NULL,NULL,NULL,NULL,'22','25','1.d');
INSERT INTO `O_regle` VALUES ('2749','39','RÈGLE — Ne pas faire de déclaration multiple de variables associée à une initialisation.','Les initialisations associées (i.e. consécutives et dans une même instruction) à une déclaration multiple sont interdites.',NULL,NULL,NULL,NULL,'22','25','1.d');
INSERT INTO `O_regle` VALUES ('2750','40','RECOMMANDATION — Regrouper les déclarations de variables en début du bloc dans lequel elles sont uti','Pour des questions de lisibilité et pour éviter les redéfinitions, les déclarations de variables sont regroupées en début de fichier, fonction ou bloc d’instructions selon leur portée.',NULL,NULL,NULL,NULL,'22','25','1.d');
INSERT INTO `O_regle` VALUES ('2751','41','RÈGLE — Ne pas utiliser des valeurs en dur','Les valeurs utilisées dans le code doivent être déclarées comme des constantes.',NULL,NULL,NULL,NULL,'22','25','1.d');
INSERT INTO `O_regle` VALUES ('2752','42','BONNE PRATIQUE — Centraliser la déclaration des constantes en début de fichier','Pour faciliter la lecture, les constantes sont déclarées ensemble en début du fichier.',NULL,NULL,NULL,NULL,'22','25','1.d');
INSERT INTO `O_regle` VALUES ('2753','43','RÈGLE — Déclarer les constantes en capitales','Vide',NULL,NULL,NULL,NULL,'22','25','1.d');
INSERT INTO `O_regle` VALUES ('2754','44','RÈGLE — Les constantes sans contrôle de type sont déclarées avec la macro préprocesseur de définitio','Vide',NULL,NULL,NULL,NULL,'22','25','1.d');
INSERT INTO `O_regle` VALUES ('2755','45','RÈGLE — Les constantes avec un contrôle de type explicite doivent être déclarées avec le mot clé con','Vide',NULL,NULL,NULL,NULL,'22','25','1.d');
INSERT INTO `O_regle` VALUES ('2756','46','RÈGLE — Les valeurs constantes doivent être associées à un suffixe dépendant du type','Pour éviter toute mauvaise interprétation, les valeurs constantes doivent utiliser un suffixe selon leurs types :\n il faut utiliser le suffixe U pour toutes les constantes de type entier non signé ; \n pour indiquer une constante de type long (ou long long pour C99), il faut utiliser le suffixe L (resp. LL) et non l (resp. ll) afin d’éviter toute ambiguïté avec le chiffre 1 ;\n les valeurs flottantes sont par défaut considérées comme double, il faut utiliser le suffixe f pour le type float (resp. d pour le type double).',NULL,NULL,NULL,NULL,'22','25','1.d');
INSERT INTO `O_regle` VALUES ('2757','47','RÈGLE — La taille du type associé à une expression constante doit être suffisante pour la contenir','Il faut s’assurer que les valeurs ou expressions constantes utilisées ne dépassent pas du type qui leur est associé.',NULL,NULL,NULL,NULL,'22','25','1.d');
INSERT INTO `O_regle` VALUES ('2758','48','RECOMMANDATION — Proscrire les constantes en octal','Ne pas utiliser de constante ni de séquence d’échappement en octal.',NULL,NULL,NULL,NULL,'22','25','1.d');
INSERT INTO `O_regle` VALUES ('2759','49','RÈGLE — Limiter les variables globales au strict nécessaire','Limiter l’usage des variables globales et préférer les paramètres de fonctions pour propager une structure de données au travers d’une application.',NULL,NULL,NULL,NULL,'22','25','1.d');
INSERT INTO `O_regle` VALUES ('2760','50','RÈGLE — Utilisation systématique du modificateur de déclaration static','Utiliser le mot clef static pour toutes les fonctions et variables globales qui ne sont pas utilisées à l’extérieur du fichier source dans lequel elles sont définies.',NULL,NULL,NULL,NULL,'22','25','1.d');
INSERT INTO `O_regle` VALUES ('2761','51','RÈGLE — Seules les variables modifiables en dehors de l''implémentation doivent être déclarées volati','Seules les variables associées à des ports entrée/sortie ou des fonctions d’interruption asynchrone doivent être déclarées comme volatile pour empêcher toute optimisation ou réorganisation à la compilation.',NULL,NULL,NULL,NULL,'22','25','1.d');
INSERT INTO `O_regle` VALUES ('2762','52','RÈGLE — Seuls des pointeurs spécifiés volatile peuvent accéder à des variables volatile','Vide',NULL,NULL,NULL,NULL,'22','25','1.d');
INSERT INTO `O_regle` VALUES ('2763','53','RÈGLE — Aucune omission de type n''est acceptée lors de la déclaration d''une variable','Toutes les variables utilisées doivent avoir été préalablement déclarées de façon explicite.',NULL,NULL,NULL,NULL,'22','25','1.d');
INSERT INTO `O_regle` VALUES ('2764','54','RECOMMANDATION — Limiter l''utilisation des compound literals','Du fait du risque de mauvaise manipulation des compound literals, leur utilisation doit être limitée, documentée et une attention particulière doit être donnée à leur portée.',NULL,NULL,NULL,NULL,'22','25','1.d');
INSERT INTO `O_regle` VALUES ('2765','55','RÈGLE — Ne pas mélanger des constantes explicites et implicites dans une énumération','Il faut soit expliciter toutes les constantes d’une énumération avec une valeur unique soit n’en expliciter aucune.',NULL,NULL,NULL,NULL,'22','25','1.d');
INSERT INTO `O_regle` VALUES ('2766','56','RÈGLE — Ne pas utiliser des énumérations anonymes','Vide',NULL,NULL,NULL,NULL,'22','25','1.d');
INSERT INTO `O_regle` VALUES ('2767','57','RECOMMANDATION — Les variables doivent être initialisées à la déclaration ou immédiatement après','Toutes les variables doivent être systématiquement initialisées à leur déclaration ou immédiatement après dans le cas de déclarations multiples.',NULL,NULL,NULL,NULL,'22','25','1.d');
INSERT INTO `O_regle` VALUES ('2768','58','RÈGLE — Ne pas mélanger les différents types d''initialisation pour les variables structurées','Pour l’initialisation d’une variable structurée, un seul et unique type d’initialisation doit être choisi et utilisé.',NULL,NULL,NULL,NULL,'22','25','1.d');
INSERT INTO `O_regle` VALUES ('2769','59','RÈGLE — Les variables structurées ne doivent pas être initialisées sans expliciter la valeur d''initi','Les variables non scalaires doivent être initialisées explicitement : chaque élément doit être initialisé en étant clairement identifié sans valeur d’initialisation superflue ou la notation ={0} ; peut être utilisée à la déclaration. Enfin les tailles des tableaux doivent être explicitées à l’initialisation.',NULL,NULL,NULL,NULL,'22','25','1.d');
INSERT INTO `O_regle` VALUES ('2770','60','RECOMMANDATION — Chaque déclaration publique (non static) doit être utilisée','Toutes les déclarations publiques (i.e. non static) doivent être utilisées, qu’il s’agissede variables, fonctions, labels ou autres.',NULL,NULL,NULL,NULL,'22','25','1.d');
INSERT INTO `O_regle` VALUES ('2771','61','RÈGLE — Utiliser des variables pour les données sensibles distinctes des variables pour les données ','Vide',NULL,NULL,NULL,NULL,'22','25','1.d');
INSERT INTO `O_regle` VALUES ('2772','62','RÈGLE — Utiliser des variables pour les données sensibles et protégées en confidentialité et/ou inté','Vide',NULL,NULL,NULL,NULL,'22','25','1.d');
INSERT INTO `O_regle` VALUES ('2773','63','RÈGLE — Ne jamais coder en dur une donnée sensible.','Vide',NULL,NULL,NULL,NULL,'22','25','1.d');
INSERT INTO `O_regle` VALUES ('2774','64','RECOMMANDATION — Seuls des types d''entiers dont la taille et le signe sont explicites doivent être u','Vide',NULL,NULL,NULL,NULL,'22','25','1.d');
INSERT INTO `O_regle` VALUES ('2775','65','RÈGLE — Seuls les types signed char et unsigned char doivent être utilisés.','Vide',NULL,NULL,NULL,NULL,'22','25','1.d');
INSERT INTO `O_regle` VALUES ('2776','66','RECOMMANDATION — Ne pas redéfinir des alias de types','Vide',NULL,NULL,NULL,NULL,'22','25','1.d');
INSERT INTO `O_regle` VALUES ('2777','67','RÈGLE — Compréhension fine et précise des règles de conversions','Le développeur se doit de connaître et comprendre toutes les règles de conversionimplicites des types entiers.',NULL,NULL,NULL,NULL,'22','25','1.d');
INSERT INTO `O_regle` VALUES ('2778','68','RÈGLE — Conversions explicites entre des types signés et non signés','Proscrire les conversions implicites de types. Utiliser des conversions explicites notamment entre type signé et type non signé.',NULL,NULL,NULL,NULL,'22','25','1.d');
INSERT INTO `O_regle` VALUES ('2779','69','RECOMMANDATION — Ne pas utiliser de transtypage de pointeurs sur des types structurés différents','Vide',NULL,NULL,NULL,NULL,'22','25','1.d');
INSERT INTO `O_regle` VALUES ('2780','70','RÈGLE — L''accès aux éléments d''un tableau se fera toujours en désignant en premier attribut le table','L’accès au ième élément d’un tableau s’écrira toujours avec le nom du tableau en premier suivi de l’indice de la case à atteindre.',NULL,NULL,NULL,NULL,'22','25','1.d');
INSERT INTO `O_regle` VALUES ('2781','71','RECOMMANDATION — L''accès aux éléments d''un tableau doit se faire en utilisant les crochets','Dans le cas d’une variable de type tableau, la notation dédiée (via les crochets) doit être utilisée pour éviter toute ambiguïté.',NULL,NULL,NULL,NULL,'22','25','1.d');
INSERT INTO `O_regle` VALUES ('2782','72','RÈGLE — Ne pas utiliser de VLA','Vide',NULL,NULL,NULL,NULL,'22','25','1.d');
INSERT INTO `O_regle` VALUES ('2783','73','RECOMMANDATION — Ne pas utiliser de taille implicite pour les tableaux','Afin de s’assurer que les accès tableaux sont bien valides, la taille de ceux-ci doit être explicitée.',NULL,NULL,NULL,NULL,'22','25','1.d');
INSERT INTO `O_regle` VALUES ('2784','74','RÈGLE — Utiliser des entiers non signés pour les tailles de tableaux','Vide',NULL,NULL,NULL,NULL,'22','25','1.d');
INSERT INTO `O_regle` VALUES ('2785','75','RÈGLE — Ne pas accèder à un élément de tableau sans vérifier la validité de l''indice utilisé','La validité des indices de tableau utilisés doit être vérifié de façon systématique : un indice de tableau est valide s’il est supérieur ou égal à zéro et strictement inférieur à la taille déclarée du tableau. Dans le cas d’un tableau de caractères, le caractère de fin de chaine ’\\0’ doit être pris en compte.',NULL,NULL,NULL,NULL,'22','25','1.d');
INSERT INTO `O_regle` VALUES ('2786','76','RÈGLE — Un pointeur NULL ne doit pas être déréférencé','Avant de déréférencer un pointeur, le développeur doit s’assurer que celui-ci n’est pas NULL.',NULL,NULL,NULL,NULL,'22','25','1.d');
INSERT INTO `O_regle` VALUES ('2787','77','RÈGLE — Un pointeur doit être affecté à NULL après désallocation','Un pointeur doit être systématiquement affecté à NULL suite à la désallocation de la mémoire qu’il pointe.',NULL,NULL,NULL,NULL,'22','25','1.d');
INSERT INTO `O_regle` VALUES ('2788','78','RÈGLE — Ne pas utiliser le qualificateur de pointeur restrict','Le qualificateur restrict ne doit pas être utilisé directement par le développeur. Seule l’utilisation indirecte i.e. via l’appel de fonctions de la bibliothèque standard est tolérée mais le développeur devra s’assurer qu’aucun comportement indéfini résultera de l’utilisation de telles fonctions.',NULL,NULL,NULL,NULL,'22','25','1.d');
INSERT INTO `O_regle` VALUES ('2789','79','RECOMMANDATION — Le nombre de niveau d''indirections de pointeur doit être limité à deux','Le nombre d’indirections pour un pointeur ne doit pas dépasser deux niveaux.',NULL,NULL,NULL,NULL,'22','25','1.d');
INSERT INTO `O_regle` VALUES ('2790','80','RECOMMANDATION — Préférer l''utilisation de l''opérateur d''indirection ->','L’opérateur d’indirection -> doit être utilisé pour atteindre les champs d’une structure par l’intermédiaire d’un pointeur.',NULL,NULL,NULL,NULL,'22','25','1.d');
INSERT INTO `O_regle` VALUES ('2791','81','RÈGLE — Seul l''incrément ou le décrément de pointeurs de tableaux est autorisé','L’incrément ou le décrément de pointeurs ne doit être utilisé que sur des pointeurs représentant un tableau ou un élément d’un tableau.',NULL,NULL,NULL,NULL,'22','25','1.d');
INSERT INTO `O_regle` VALUES ('2792','82','RÈGLE — Aucune arithmétique sur les pointeurs void* n''est autorisée','Il faut proscrire l’utilisation de toute arithmétique sur des pointeurs de type void*.',NULL,NULL,NULL,NULL,'22','25','1.d');
INSERT INTO `O_regle` VALUES ('2793','83','RECOMMANDATION — Arithmétique des pointeurs sur tableaux contrôlée','L’arithmétique sur des pointeurs représentant un tableau ou un élément d’un tableau doit être faite en s’assurant que le pointeur résultant pointera toujours sur un élément du même tableau.',NULL,NULL,NULL,NULL,'22','25','1.d');
INSERT INTO `O_regle` VALUES ('2794','84','RÈGLE — Soustraction et comparaison entre pointeurs d''un même tableau uniquement','Seules les soustractions et comparaisons de pointeurs sur un même tableau sont autorisés.',NULL,NULL,NULL,NULL,'22','25','1.d');
INSERT INTO `O_regle` VALUES ('2795','85','RECOMMANDATION — Il ne faut pas affecter directement une adresse fixe à un pointeur.','Vide',NULL,NULL,NULL,NULL,'22','25','1.d');
INSERT INTO `O_regle` VALUES ('2796','86','RÈGLE — Une structure doit être utilisée pour regrouper les données représentant une même entité','Les données liées doivent être regroupées au sein d’une structure.',NULL,NULL,NULL,NULL,'22','25','1.d');
INSERT INTO `O_regle` VALUES ('2797','87','RÈGLE — Ne pas calculer la taille d''une structure comme la somme de la taille de ses champs','Du fait du padding, la taille d’une structure ne doit pas être supposée comme la somme de la taille de ses champs.',NULL,NULL,NULL,NULL,'22','25','1.d');
INSERT INTO `O_regle` VALUES ('2798','88','RÈGLE — Tout bitfield doit obligatoirement être déclaré explicitement comme non signé','Vide',NULL,NULL,NULL,NULL,'22','25','1.d');
INSERT INTO `O_regle` VALUES ('2799','89','RÈGLE — Ne pas faire d''hypothèse sur la représentation interne de structures avec des bitfields','Vide',NULL,NULL,NULL,NULL,'22','25','1.d');
INSERT INTO `O_regle` VALUES ('2800','90','RÈGLE — Ne pas utiliser les FAM','Vide',NULL,NULL,NULL,NULL,'22','25','1.d');
INSERT INTO `O_regle` VALUES ('2801','91','RECOMMANDATION — Ne pas utiliser les unions','L’utilisation du même espace mémoire pour plusieurs données de natures différentes n’est pas autorisée.',NULL,NULL,NULL,NULL,'22','25','1.d');
INSERT INTO `O_regle` VALUES ('2802','92','RÈGLE — Supprimer tous les débordements de valeurs possibles pour des entiers signés.','Vide',NULL,NULL,NULL,NULL,'22','25','1.d');
INSERT INTO `O_regle` VALUES ('2803','93','RECOMMANDATION — Détecter tous les wraps possibles de valeurs pour les entiers non signés.','vide',NULL,NULL,NULL,NULL,'22','25','1.d');
INSERT INTO `O_regle` VALUES ('2804','94','RÈGLE — Détecter et supprimer toute potentielle division par zéro','Cette vérification doit être systématique pour tout calcul de division ou de reste de division.',NULL,NULL,NULL,NULL,'22','25','1.d');
INSERT INTO `O_regle` VALUES ('2805','95','RECOMMANDATION — Les opérations arithmétiques doivent être écrites en favorisant leur lisibilité','Il faut utiliser des opérations arithmétiques le plus explicites possibles (naturelles) et dans la logique du programme.',NULL,NULL,NULL,NULL,'22','25','1.d');
INSERT INTO `O_regle` VALUES ('2806','96','RECOMMANDATION — Les opérateurs logiques ne doivent pas être appliqués avec des opérandes signés','Vide',NULL,NULL,NULL,NULL,'22','25','1.d');
INSERT INTO `O_regle` VALUES ('2807','97','RÈGLE — Explicitation de l''ordre d''évaluation des calculs par utilisation de parenthèses','Malgré la priorité des opérateurs, pour éviter toute ambiguïté, les expressions seront entourées de parenthèses pour rendre plus explicite l’ordre d’évaluation d’un calcul.',NULL,NULL,NULL,NULL,'22','25','1.d');
INSERT INTO `O_regle` VALUES ('2808','98','RECOMMANDATION — Eviter les expressions de comparaison ou d''égalité multiple','Vide',NULL,NULL,NULL,NULL,'22','25','1.d');
INSERT INTO `O_regle` VALUES ('2809','99','RÈGLE — Toujours utiliser les parenthèses dans les expressions de comparaison ou d''égalité multiple','Les expressions booléennes de comparaison ou d’égalité contenant au moins 2 opérateurs relationnels sont interdites sans parenthèse.',NULL,NULL,NULL,NULL,'22','25','1.d');
INSERT INTO `O_regle` VALUES ('2810','100','RÈGLE — Parenthèses autour des éléments d''une expression booléenne','Il est nécessaire de toujours mettre entre parenthèses les différents éléments d’une expression booléenne, afin qu’il n’y ait aucune ambiguïté dans l’ordre d’évaluation.',NULL,NULL,NULL,NULL,'22','25','1.d');
INSERT INTO `O_regle` VALUES ('2811','101','RÈGLE — Comparaison implicite avec 0 interdite','Toutes les expressions booléennes doivent utiliser des opérateurs de comparaison. Aucun test implicite avec une valeur égale à 0 ou différente de 0 ne doit être effectué.',NULL,NULL,NULL,NULL,'22','25','1.d');
INSERT INTO `O_regle` VALUES ('2812','102','RECOMMANDATION — Utilisation du type bool en C99','En C99, le type bool (ou _Bool) doit être utilisé pour les variables à valeurs booléennes.',NULL,NULL,NULL,NULL,'22','25','1.d');
INSERT INTO `O_regle` VALUES ('2813','103','RÈGLE — Pas d''opérateur bit-à-bit sur un opérande de type booléen ou assimilé','Vide',NULL,NULL,NULL,NULL,'22','25','1.d');
INSERT INTO `O_regle` VALUES ('2814','104','BONNE PRATIQUE — Ne pas utiliser la valeur retournée lors d''une affectation','Vide',NULL,NULL,NULL,NULL,'22','25','1.d');
INSERT INTO `O_regle` VALUES ('2815','105','RÈGLE — Affectation interdite dans une expression booléenne','Une affectation ne doit pas être effectuée dans une expression booléenne quelle qu’elle soit. Une affectation doit être effectuée dans une instruction indépendante.',NULL,NULL,NULL,NULL,'22','25','1.d');
INSERT INTO `O_regle` VALUES ('2816','106','BONNE PRATIQUE — Comparaison avec opérande constant à gauche','Quand une comparaison fait intervenir un opérande constant celui-ci sera de préférence mis comme opérande gauche pour éviter une affectation non intentionnelle.',NULL,NULL,NULL,NULL,'22','25','1.d');
INSERT INTO `O_regle` VALUES ('2817','107','RÈGLE — Affectation multiple de variables interdite','L’affectation multiple de variables n’est pas autorisée.',NULL,NULL,NULL,NULL,'22','25','1.d');
INSERT INTO `O_regle` VALUES ('2818','108','RÈGLE — Une seule instruction par ligne de code','Vide',NULL,NULL,NULL,NULL,'22','25','1.d');
INSERT INTO `O_regle` VALUES ('2819','108','BONNE PRATIQUE — Éviter les constantes flottantes','Ne pas utiliser de constantes numériques flottantes pour éviter les pertes de précision et autres phénomènes liés aux nombres flottants. Si cela ne peut être évité, la représentativité de la valeur flottante en question doit être vérifiée.',NULL,NULL,NULL,NULL,'22','25','1.d');
INSERT INTO `O_regle` VALUES ('2820','110','RECOMMANDATION — Limiter l''utilisation des nombres flottants au strict nécessaire','Il faut limiter l’utilisation des nombres flottants.',NULL,NULL,NULL,NULL,'22','25','1.d');
INSERT INTO `O_regle` VALUES ('2821','111','RÈGLE — Pas de compteur de boucle de type flottant','Les compteurs de boucle doivent être uniquement de type entier, avec la vérification de non débordement de type des valeurs des compteurs.',NULL,NULL,NULL,NULL,'22','25','1.d');
INSERT INTO `O_regle` VALUES ('2822','112','RÈGLE — Ne pas utiliser de nombres flottants pour des comparaisons d''égalité ou d''inégalité','Vide',NULL,NULL,NULL,NULL,'22','25','1.d');
INSERT INTO `O_regle` VALUES ('2823','113','RECOMMANDATION — Non utilisation des nombres complexes','Les nombres complexes introduits depuis C99 ne doivent pas être utilisés.',NULL,NULL,NULL,NULL,'22','25','1.d');
INSERT INTO `O_regle` VALUES ('2824','114','RÈGLE — Utilisation systématique des accolades pour les conditionnelles et les boucles','Ne jamais omettre les accolades pour délimiter un bloc d’instructions. Les accolades doivent être écrites pour délimiter un bloc d’instructions après les boucles (for, while, do) et les conditionnelles (if, else).',NULL,NULL,NULL,NULL,'22','25','1.d');
INSERT INTO `O_regle` VALUES ('2825','115','RÈGLE — Définition systématique d''un cas par défaut dans les switch','Un switch-case doit toujours contenir un cas default placé en dernier.',NULL,NULL,NULL,NULL,'22','25','1.d');
INSERT INTO `O_regle` VALUES ('2826','116','RECOMMANDATION — Utilisation de break dans chaque cas des instructions switch','Un switch-case doit par défaut toujours contenir un break pour chaque cas. L’absence de break pour éviter de dupliquer du code est tolérée mais doit être explicitée dans un commentaire.',NULL,NULL,NULL,NULL,'22','25','1.d');
INSERT INTO `O_regle` VALUES ('2827','117','RECOMMANDATION — Pas d''imbrication de structure de contrôle dans un switch-case',' Même si le C l’autorise, l’imbrication de structures de contrôle à l’intérieur d’un switch est à éviter.',NULL,NULL,NULL,NULL,'22','25','1.d');
INSERT INTO `O_regle` VALUES ('2828','118','RÈGLE — Ne pas introduire d''instructions avant le premier label d''un switch-case','Vide',NULL,NULL,NULL,NULL,'22','25','1.d');
INSERT INTO `O_regle` VALUES ('2829','119','RÈGLE — Bonne construction des boucles for','Chaque élément d’une boucle for doit être complété et contenir exactement une seule instruction. Ainsi une boucle for doit contenir une initialisation de son compteur, une condition d’arrêt portant sur son compteur, et une incrémentation ou décrémentation du compteur de boucle.',NULL,NULL,NULL,NULL,'22','25','1.d');
INSERT INTO `O_regle` VALUES ('2830','120','RÈGLE — Modification d''un compteur d''une boucle for interdite dans le corps de la boucle','Le compteur d’une boucle for ne doit pas être modifié à l’intérieur du corps de la boucle for.',NULL,NULL,NULL,NULL,'22','25','1.d');
INSERT INTO `O_regle` VALUES ('2831','121','RÈGLE — Non utilisation de goto arrière (backward goto)','Proscrire, au sein d’une fonction, l’utilisation d’instructions goto renvoyant vers un label qui est placé avant cette instruction goto.',NULL,NULL,NULL,NULL,'22','25','1.d');
INSERT INTO `O_regle` VALUES ('2832','122','RECOMMANDATION — Utilisation limitée du saut avant (forward goto)','L’utilisation d’un forward goto est tolérée uniquement dans les cas où elle permet :\n de limiter significativement le nombre de points de sortie de la fonction ;\n de rendre le code beaucoup plus lisible.\nLe ou les labels référencés par les instructions goto doivent tous être situés en fin de fonction.',NULL,NULL,NULL,NULL,'22','25','1.d');
INSERT INTO `O_regle` VALUES ('2833','123','RÈGLE — Toute fonction (non static) définie doit possèder une déclaration/ prototype de fonction','Vide',NULL,NULL,NULL,NULL,'22','25','1.d');
INSERT INTO `O_regle` VALUES ('2834','124','RÈGLE — Le prototype de déclaration d''une fonction doit concorder avec sa définition','Les types des paramètres utilisés pour la définition et la déclaration d’une fonction doivent être les mêmes.',NULL,NULL,NULL,NULL,'22','25','1.d');
INSERT INTO `O_regle` VALUES ('2835','125','RÈGLE — Toute fonction doit être associée à un type de retour et à une liste de paramètres explicite','Chaque fonction est définie explicitement avec un type de retour. Les fonctions sans valeur de retour doivent être déclarées avec un paramètre du type void. De la même façon, une fonction sans paramètre devra être définie et déclarée avec void en argument.',NULL,NULL,NULL,NULL,'22','25','1.d');
INSERT INTO `O_regle` VALUES ('2836','126','RECOMMANDATION — Documentation des fonctions','Tous les fonctions doivent être documentées. Cela comprend :\nn une description de la fonction et du traitement effectué ;\n la documentation de chaque paramètre, le sens du paramètre (en entrée, en sortie, en entrée et en sortie) et les éventuelles conditions existant sur celui-ci ;\n les valeurs de retour possibles doivent être décrites.',NULL,NULL,NULL,NULL,'22','25','1.d');
INSERT INTO `O_regle` VALUES ('2837','127','RECOMMANDATION — Préciser les conditions d''appel pour chaque fonction','Vide',NULL,NULL,NULL,NULL,'22','25','1.d');
INSERT INTO `O_regle` VALUES ('2838','128','RÈGLE — La validité de tous les paramètres d''une fonction doit systématiquement être remise en cause','Cela inclut :\n la validité des adresses pour les paramètres de type pointeur doit être vérifiée (non , alignement des adresses conforme...) ;\n l’appartenance des paramètres à leur domaine doit être vérifiée.\nCela s’applique aux fonctions définies par le développeur (cf. section 12.2) mais aussi aux fonctions de la bibliothèque standard.',NULL,NULL,NULL,NULL,'22','25','1.d');
INSERT INTO `O_regle` VALUES ('2839','129','RÈGLE — Les paramètres de fonction de type pointeur pour lesquels la zone mémoire pointée n''est pas ','Marquer const tous les paramètres de type pointeur d’une fonction qui pointent vers une zone mémoire qui ne doit pas être modifiée dans le corps de celle-ci. Le qualificateur const doit s’appliquer à l’objet pointé.',NULL,NULL,NULL,NULL,'22','25','1.d');
INSERT INTO `O_regle` VALUES ('2840','130','RÈGLE — Les fonctions inline doivent être déclarées comme static','Pour éviter un comportement non défini une fonction inline est systématiquement static.',NULL,NULL,NULL,NULL,'22','25','1.d');
INSERT INTO `O_regle` VALUES ('2841','131','RÈGLE — Interdiction de redéfinir les fonctions ou macros de la bibliothèque standard ou d''une autre','Les identifiants, macros ou noms de fonctions faisant partie de la bibliothèque standard ou d’une autre bibliothèque utilisée ne doivent pas être redéfinis.',NULL,NULL,NULL,NULL,'22','25','1.d');
INSERT INTO `O_regle` VALUES ('2842','132','RÈGLE — La valeur de retour d''une fonction doit toujours être testée','Lorsqu’une fonction retourne une valeur, la valeur retournée doit être systématiquement testée.',NULL,NULL,NULL,NULL,'22','25','1.d');
INSERT INTO `O_regle` VALUES ('2843','133','RÈGLE — Retour implicite interdit pour les fonctions de type non void','Tous les chemins d’une fonction non void doivent retourner une valeur explicitement.',NULL,NULL,NULL,NULL,'22','25','1.d');
INSERT INTO `O_regle` VALUES ('2844','134','RÈGLE — Les structures doivent être passées par référence à une fonction','Il ne faut pas passer de paramètres de type structure par copie lors de l’appel d’une fonction.',NULL,NULL,NULL,NULL,'22','25','1.d');
INSERT INTO `O_regle` VALUES ('2845','135','RECOMMANDATION — Passage d''un tableau en paramètre d''une fonction','Il existe plusieurs façons de passer un tableau en paramètre d’une fonction. Lors du passage par pointeur, il faut préciser dans la documentation de la fonction que le paramètre correspond à un tableau et également utiliser la notation dédiée aux tableaux.',NULL,NULL,NULL,NULL,'22','25','1.d');
INSERT INTO `O_regle` VALUES ('2846','136','RECOMMANDATION — Utilisation obligatoire dans une fonction de tous ses paramètres','Tous les paramètres présents dans le prototype de la fonction doivent être utilisés dans son implémentation.',NULL,NULL,NULL,NULL,'22','25','1.d');
INSERT INTO `O_regle` VALUES ('2847','137','BONNE PRATIQUE — Utiliser les options de compilation -Wformat=2 et -Wformat-security dès qu''une fonc','Plus de détails sur ces options sont données en annexe B.',NULL,NULL,NULL,NULL,'22','25','1.d');
INSERT INTO `O_regle` VALUES ('2848','138','RÈGLE — Ne pas appeler de fonctions variadiques avec NULL en argument','Vide',NULL,NULL,NULL,NULL,'22','25','1.d');
INSERT INTO `O_regle` VALUES ('2849','139','RÈGLE — Usage de la virgule interdit pour le séquencement d''instructions','La virgule n’est pas autorisée dans le cadre du séquencement des instructions decode.',NULL,NULL,NULL,NULL,'22','25','1.d');
INSERT INTO `O_regle` VALUES ('2850','140','RECOMMANDATION — Les opérateurs pré-fixes ++ et -- ne doivent pas être utilisés','Les opérateurs de pré-incrémentation et pré-decrémentation ne seront pas utilisés.',NULL,NULL,NULL,NULL,'22','25','1.d');
INSERT INTO `O_regle` VALUES ('2851','141','RECOMMANDATION — Pas d''utilisation combinée des opérateurs postfixes avec d''autres opérateurs','Les opérateurs de post-incrémentation et de post-décrémentation ne doivent pas être mixés avec d’autres opérateurs.',NULL,NULL,NULL,NULL,'22','25','1.d');
INSERT INTO `O_regle` VALUES ('2852','142','RECOMMANDATION — Éviter l''utilisation d''opérateurs d''affectation combinés','Vide',NULL,NULL,NULL,NULL,'22','25','1.d');
INSERT INTO `O_regle` VALUES ('2853','143','RÈGLE — Non utilisation imbriquée de l''opérateur ternaire ?:','L’imbrication d’opérateurs ternaires ?: est interdite.',NULL,NULL,NULL,NULL,'22','25','1.d');
INSERT INTO `O_regle` VALUES ('2854','144','RÈGLE — Bonne construction des expressions avec l''opérateur ternaire ?:','Les expressions résultantes de l’opérateur ternaire ?: doivent être exactement de même type pour éviter tout transtypage.',NULL,NULL,NULL,NULL,'22','25','1.d');
INSERT INTO `O_regle` VALUES ('2855','145','RÈGLE — Allouer dynamiquement un espace mémoire dont la taille est suffisante pour l''objet alloué','Pour un pointeur ptr, on préférera utiliser ptr=malloc(sizeof(*ptr)); quand cela est possible.',NULL,NULL,NULL,NULL,'22','25','1.d');
INSERT INTO `O_regle` VALUES ('2856','146','RÈGLE — Libérer la mémoire allouée dynamiquement au plus tôt','Tout espace mémoire alloué dynamiquement doit être libéré quand celui-ci n’est plus utile.',NULL,NULL,NULL,NULL,'22','25','1.d');
INSERT INTO `O_regle` VALUES ('2857','147','RÈGLE — Les zones mémoires sensibles doivent être mises à zéro avant d''être libérées.','Vide',NULL,NULL,NULL,NULL,'22','25','1.d');
INSERT INTO `O_regle` VALUES ('2858','148','RÈGLE — Ne pas libérer de mémoire non allouée dynamiquement','Vide',NULL,NULL,NULL,NULL,'22','25','1.d');
INSERT INTO `O_regle` VALUES ('2859','149','RÈGLE — Ne pas modifier l''allocation dynamique via realloc','Vide',NULL,NULL,NULL,NULL,'22','25','1.d');
INSERT INTO `O_regle` VALUES ('2860','150','RÈGLE — Bonne utilisation de l''opérateur sizeof','Une expression contenue dans un sizeof ne doit pas :\n contenir l’opérateur « = » car l’expression ne sera pas évaluée ; \n contenir de déréférencement de pointeur ;\n être appliqué sur un pointeur représentant un tableau.',NULL,NULL,NULL,NULL,'22','25','1.d');
INSERT INTO `O_regle` VALUES ('2861','151','RÈGLE — Vérification obligatoire du succès d''une allocation mémoire','Le succès d’une allocation mémoire doit toujours être vérifié.',NULL,NULL,NULL,NULL,'22','25','1.d');
INSERT INTO `O_regle` VALUES ('2862','152','RÈGLE — L''isolement des données sensibles doit être effectué','Contrôler le bon usage d’une zone mémoire stockant des données sensibles i.e. minimiser l’exposition en mémoire, minimiser la copie et effacer la/les zones ayant contenu les données sensibles au plus tôt.',NULL,NULL,NULL,NULL,'22','25','1.d');
INSERT INTO `O_regle` VALUES ('2863','153','RÈGLE — Initialiser et consulter la valeur de errno avant et après toute exécution d''une fonction de','Vide',NULL,NULL,NULL,NULL,'22','25','1.d');
INSERT INTO `O_regle` VALUES ('2864','154','RÈGLE — La gestion des erreurs retournées par une fonction de la bibliothèque standard doit être sys','Vide',NULL,NULL,NULL,NULL,'22','25','1.d');
INSERT INTO `O_regle` VALUES ('2865','155','RÈGLE — Documentation des codes d''erreur','Tous les codes d’erreur retournés par une fonction doivent être documentés. Dans le cas où plusieurs codes d’erreur peuvent être retournés en même temps par la fonction, la documentation doit définir la priorité de gestion de ces codes.',NULL,NULL,NULL,NULL,'22','25','1.d');
INSERT INTO `O_regle` VALUES ('2866','156','RECOMMANDATION — Structuration des codes de retour','Les codes de retour doivent être structurés de façon à pouvoir obtenir rapidement une information concernant le déroulement de la fonction appelée : \n erreur ; \n type d’erreur ; \n alarme ; \n type d’alarme ; \n ok ;',NULL,NULL,NULL,NULL,'22','25','1.d');
INSERT INTO `O_regle` VALUES ('2867','157','RÈGLE — Code de retour d''un programme C en fonction du résultat de son exécution','Le code de retour d’un programme C doit avoir une signification afin d’indiquer le bon déroulement du programme ou la survenue d’une erreur : \n la valeur du code de retour doit être comprise entre 0 et 127 ; \n la valeur 0 indique que le programme s’est exécuté sans erreur ;\n la valeur 2 est généralement utilisée sous Unix pour indiquer une erreur dans les arguments passés en paramètres au programme. \nLa signification des codes de retour du programme doit être indiquée dans sa documentation.',NULL,NULL,NULL,NULL,'22','25','1.d');
INSERT INTO `O_regle` VALUES ('2868','158','RECOMMANDATION — Privilégier les retours d''erreurs via des codes de retour dans la fonction principa','Un programme C doit disposer d’une fonction main() minimale. Les retours d’erreurs se font par un retour de code dédié (et donc documenté) de cette fonction.',NULL,NULL,NULL,NULL,'22','25','1.d');
INSERT INTO `O_regle` VALUES ('2869','159','RÈGLE — Ne pas utiliser les fonctions abort() ou _Exit()','Vide',NULL,NULL,NULL,NULL,'22','25','1.d');
INSERT INTO `O_regle` VALUES ('2870','160','RECOMMANDATION — Limiter les appels à exit()','Les appels à la fonction exit() doivent être commentés et non systématiques. Le développeur doit le plus souvent possible les remplacer par un retour de code d’erreur  dans la fonction principale.',NULL,NULL,NULL,NULL,'22','25','1.d');
INSERT INTO `O_regle` VALUES ('2871','161','RÈGLE — Ne pas utiliser les fonctions setjmp() et longjump()','Vide',NULL,NULL,NULL,NULL,'22','25','1.d');
INSERT INTO `O_regle` VALUES ('2872','162','RÈGLE — Ne pas utiliser les bibliothèques standards setjmp.h et stdarg.h','Vide',NULL,NULL,NULL,NULL,'22','25','1.d');
INSERT INTO `O_regle` VALUES ('2873','163','RECOMMANDATION — Limiter l''utilisation des bibliothèques standards manipulant des nombres flottants','Les bibliothèques standards float.h, fenv.h, complex.h et math.h ne doivent être utilisées que si cela est vraiment nécessaire.',NULL,NULL,NULL,NULL,'22','25','1.d');
INSERT INTO `O_regle` VALUES ('2874','164','RÈGLE — Ne pas utiliser les fonctions atoi() atol() atof() et atoll() de la bibliothèque stdlib.h','Les fonctions équivalentes strto*() sont à utiliser en remplacement.',NULL,NULL,NULL,NULL,'22','25','1.d');
INSERT INTO `O_regle` VALUES ('2875','165','RÈGLE — Ne pas utiliser la fonction rand() de la bibliothèque standard','Vide',NULL,NULL,NULL,NULL,'22','25','1.d');
INSERT INTO `O_regle` VALUES ('2876','166','RÈGLE — Utiliser les versions « plus sécurisées » pour les fonctions de la bibliothèque standard','Quand des fonctions de la bibliothèque standard existent en différentes versions, la version « plus sécurisée » doit être utilisée.',NULL,NULL,NULL,NULL,'22','25','1.d');
INSERT INTO `O_regle` VALUES ('2877','167','RÈGLE — Ne pas utiliser de fonctions de la bibliothèque obsolescentes ou devenues obsolètes dans des','Vide',NULL,NULL,NULL,NULL,'22','25','1.d');
INSERT INTO `O_regle` VALUES ('2878','168','RÈGLE — Ne pas utiliser de fonctions de la bibliothèque manipulant des buffers sans prendre la taill','Vide',NULL,NULL,NULL,NULL,'22','25','1.d');
INSERT INTO `O_regle` VALUES ('2879','169','BONNE PRATIQUE — Tout code doit être soumis à relecture','Vide',NULL,NULL,NULL,NULL,'22','25','1.d');
INSERT INTO `O_regle` VALUES ('2880','170','RECOMMANDATION — Indentation des expressions longues','Lorsqu’une instruction ou une expression s’étale sur plusieurs lignes, il est indispensable de l’indenter afin de faciliter la compréhension du code.',NULL,NULL,NULL,NULL,'22','25','1.d');
INSERT INTO `O_regle` VALUES ('2881','171','RÈGLE — Identifier et supprimer tout code mort','Vide',NULL,NULL,NULL,NULL,'22','25','1.d');
INSERT INTO `O_regle` VALUES ('2882','172','RÈGLE — Le code doit être exempt de code non atteignable en dehors de code défensif et de code d''int','Il ne doit jamais y avoir de code inatteignable, sauf s’il s’agit de code défensif ou s’il s’agit de code d’une interface et dans ces deux cas, il faut le préciser en commentaire.',NULL,NULL,NULL,NULL,'22','25','1.d');
INSERT INTO `O_regle` VALUES ('2883','173','RECOMMANDATION — Evaluation outillée du code source pour limiter les risques d''erreurs d''exécution','Le code source du logiciel doit être analysé via au moins un outil d’analyse de code. Les résultats produits par l’outil d’analyse doivent être étudiés par le développeur et les corrections doivent être effectuées par rapport aux problèmes découverts.',NULL,NULL,NULL,NULL,'22','25','1.d');
INSERT INTO `O_regle` VALUES ('2884','174','RECOMMANDATION — Limitation de la complexité cyclomatique','La complexité cyclomatique d’une fonction doit être limitée au maximum.',NULL,NULL,NULL,NULL,'22','25','1.d');
INSERT INTO `O_regle` VALUES ('2885','175','RECOMMANDATION — Limitation de la longueur et la complexité d''une fonction','Une fonction doit être associée idéalement à un seul et unique traitement et doit donc correspondre à un nombre de lignes de code raisonnable.',NULL,NULL,NULL,NULL,'22','25','1.d');
INSERT INTO `O_regle` VALUES ('2886','176','RÈGLE — Ne pas utiliser de mots clés du C++','Vide',NULL,NULL,NULL,NULL,'22','25','1.d');
INSERT INTO `O_regle` VALUES ('2887','177','RÈGLE — Séquences de caractères interdites dans les commentaires','Les séquences /* et // sont interdites dans tous les commentaires. Et un commentaire sur une ligne introduit par // ne doit pas contenir de caractère de continuation de ligne \\.',NULL,NULL,NULL,NULL,'22','25','1.d');
INSERT INTO `O_regle` VALUES ('2888','178','RÈGLE — Mise en oeuvre manuelle de mécanismes « canari » si les options de durcissement ne sont pas ','Vide',NULL,NULL,NULL,NULL,'22','25','1.d');
INSERT INTO `O_regle` VALUES ('2889','179','RÈGLE — Pas d''assertions de mise au point sur un code mis en production','Les assertions de mise au point ne doivent pas être présentes en production.',NULL,NULL,NULL,NULL,'22','25','1.d');
INSERT INTO `O_regle` VALUES ('2890','180','RECOMMANDATION — La gestion des assertions d''intégrité doit inclure un effacement des données d''urge','Les assertions d’intégrité doivent apparaître en production. En cas de déclenchement d’une assertion d’intégrité, le code de traitement doit aboutir à un effacement d’urgence des données sensibles.',NULL,NULL,NULL,NULL,'22','25','1.d');
INSERT INTO `O_regle` VALUES ('2891','181','RÈGLE — Tout fichier non vide doit se terminer par un retour à la ligne et les directives de preproc','Un fichier non vide ne doit pas se terminer au milieu d’un commentaire ou d’une directive de preprocessing.',NULL,NULL,NULL,NULL,'22','25','1.d');
INSERT INTO `O_regle` VALUES ('3436','1','RÈGLE — Application de conventions de codage claires et explicites','Des conventions de codage doivent être définies et documentées pour le logiciel à produire. Ces conventions doivent définir au minimum les points suivants : l’encodage des fichiers sources, la mise en page du code et l’indentation, les types standards à utiliser, le nommage (bibliothèques, fichiers, fonctions, types, variables, . . .), le format de la documentation. Ces conventions doivent être appliquées par chaque développeur.','Conforme','bou','2020-11-02','ba','63','158','1.d');
INSERT INTO `O_regle` VALUES ('3437','2','RÈGLE — Seul le codage C conforme au standard est autorisé','Aucune violation des contraintes et de la syntaxe C telles que définies dans les standards C90 ou C99 n’est autorisée.',NULL,NULL,NULL,NULL,'63','158','1.d');
INSERT INTO `O_regle` VALUES ('3438','3','RECOMMANDATION — Maîtrise des actions opérées à la compilation.',' Le développeur doit connaître et documenter les actions associées aux options activées du compilateur y compris en terme d’optimisation de code',NULL,NULL,NULL,NULL,'63','158','1.d');
INSERT INTO `O_regle` VALUES ('3439','4','RÈGLE — Définir précisément les options de compilation','Les options utilisées pour la compilation doivent être précisément définies pour l’ensemble des sources d’un logiciel. Ces options doivent notamment fixer précisément :\n- la version du standard C utilisée (par exemple C99 ou encore C90) ;\n- le nom et la version du compilateur utilisé ;',NULL,NULL,NULL,NULL,'63','158','1.d');
INSERT INTO `O_regle` VALUES ('3440','RÈGLE — Utiliser des options de durcissement','5','L’utilisation d’options de durcissement est obligatoire que ce soit pour imposer la génération d’exécutables relocalisables, une randomization d’adresses efficace ou la protection contre le dépassement de pile entre autres.',NULL,NULL,NULL,NULL,'63','158','1.d');
INSERT INTO `O_regle` VALUES ('3441','6','BONNE PRATIQUE — Utiliser des générateurs de projets pour la compilation.','Vide',NULL,NULL,NULL,NULL,'63','158','1.d');
INSERT INTO `O_regle` VALUES ('3442','7','RÈGLE — Compiler le code sans erreur ni avertissement en activant des options de compilation exigent','Activer le niveau d’avertissement et d’erreur le plus élevé du compilateur et de l’éditeur de liens afin de s’assurer de l’absence de problèmes potentiels liés à l’utilisation incorrecte du langage de programmation et traiter tous les avertissements et toutes les erreurs signalés par le compilateur et l’éditeur de liens pour les éliminer.',NULL,NULL,NULL,NULL,'63','158','1.d');
INSERT INTO `O_regle` VALUES ('3443','8','RECOMMANDATION — Utiliser les options des compilations les plus exigentes','Si une option élevée d’un compilateur n’apparaît pas pertinente pour un développement donné, une justification sera fournie pour expliquer ce choix.',NULL,NULL,NULL,NULL,'63','158','1.d');
INSERT INTO `O_regle` VALUES ('3444','9','RÈGLE — Tout code mis en production doit être compilé en mode release','La compilation en mode release est obligatoire pour une mise en production.',NULL,NULL,NULL,NULL,'63','158','1.d');
INSERT INTO `O_regle` VALUES ('3445','10','RECOMMANDATION — Prêter une attention particulière aux modes debug et release lors de la compilation','L’utilisation des modes debug et release à la compilation doit se faire en toute connaissance des modifications induites en terme de gestion de mémoire et d’optimisation de code. Les différences entre ces deux modes doivent être documentées de manière exhaustive.',NULL,NULL,NULL,NULL,'63','158','1.d');
INSERT INTO `O_regle` VALUES ('3446','11','RECOMMANDATION — Limiter et justifier les inclusions de fichier d''en-tête dans un autre fichier d''en','Vide',NULL,NULL,NULL,NULL,'63','158','1.d');
INSERT INTO `O_regle` VALUES ('3447','12','RECOMMANDATION — Limiter et justifier les inclusions de fichier d''en-tête dans un autre fichier d''en','Vide',NULL,NULL,NULL,NULL,'63','158','1.d');
INSERT INTO `O_regle` VALUES ('3448','13','RÈGLE — Utiliser des macros de garde d''inclusion multiple d''un fichier','Une macro de garde contre l’inclusion multiple d’un fichier doit être utilisée afin d’empêcher que le contenu d’un fichier d’en-tête soit inclus plus d’une fois :\n// début du fichier d''en -tête\n#ifndef HEADER_H\n#define HEADER_H\n/* contenu du fichier */\n#endif\n//fin du fichier d''en -tête',NULL,NULL,NULL,NULL,'63','158','1.d');
INSERT INTO `O_regle` VALUES ('3449','14','RÈGLE — Les inclusions de fichiers d''en-tête sont groupées en début de fichier','Toutes les inclusions de fichiers d’en-tête doivent être regroupées au début du fichier ou juste après des commentaires ou les directives de preprocessing, mais systématiquement avant la définition de variables globales ou de fonctions.',NULL,NULL,NULL,NULL,'63','158','1.d');
INSERT INTO `O_regle` VALUES ('3450','15','RECOMMANDATION — Les inclusions de fichiers d''en-tête systèmes sont effectuées avant les inclusions ','Vide',NULL,NULL,NULL,NULL,'63','158','1.d');
INSERT INTO `O_regle` VALUES ('3451','16','BONNE PRATIQUE — Utiliser l''ordre alphabétique dans l''inclusion de chaque type de fichiers d''en-tête','Pour éviter les redondances dans les inclusions de fichiers d’en-tête systèmes ou utilisateur, le développeur peut les ordonner par ordre alphabétique ce qui permet d’avoir un ordre d’inclusion déterministe et de faciliter la revue de code.',NULL,NULL,NULL,NULL,'63','158','1.d');
INSERT INTO `O_regle` VALUES ('3452','17','RÈGLE — Ne pas inclure un fichier source dans un autre fichier source','Seule l’inclusion de fichiers d’en-tête est autorisée dans un fichier source.',NULL,NULL,NULL,NULL,'63','158','1.d');
INSERT INTO `O_regle` VALUES ('3453','18','RÈGLE — Les chemins des fichiers doivent être portables et la casse doit être respectée','Les chemins de fichiers, que ce soit pour une directive d’inclusion #include ou non, doivent être portables tout en respectant la casse des répertoires.',NULL,NULL,NULL,NULL,'63','158','1.d');
INSERT INTO `O_regle` VALUES ('3454','19','RÈGLE — Le nom d''un fichier d''en-tête ne doit pas contenir certains caractères ou séquences de carac','Le nom d’un fichier d’en-tête doit être exempt des caractères et des séquences de caractères suivants : « '', ", \\, /* et // ».',NULL,NULL,NULL,NULL,'63','158','1.d');
INSERT INTO `O_regle` VALUES ('3455','20','RECOMMANDATION — Les blocs préprocesseurs doivent être commentés','Les directives des blocs préprocesseurs doivent être commentées afin d’expliciter le cas traité et pour les directives « intermédiaires » et « fermantes », celles-ci doivent aussi être associées à la directive « ouvrante » correspondante par le biais d’un commentaire.',NULL,NULL,NULL,NULL,'63','158','1.d');
INSERT INTO `O_regle` VALUES ('3456','21','BONNE PRATIQUE — La double négation dans l''expression des conditions des blocs préprocesseurs doit ê','Vide',NULL,NULL,NULL,NULL,'63','158','1.d');
INSERT INTO `O_regle` VALUES ('3457','22','RÈGLE — Définition d''un bloc préprocesseur dans un seul et même fichier','Pour un bloc préprocesseur, toutes les directives associées doivent se trouver dans le même fichier.',NULL,NULL,NULL,NULL,'63','158','1.d');
INSERT INTO `O_regle` VALUES ('3458','23','RECOMMANDATION — Les expressions de contrôle des directives de preprocessing doivent être bien formé','Les expressions de contrôle doivent être évaluées uniquement à 0 ou 1 et doivent utiliser uniquement des identifiants définis (via #define).',NULL,NULL,NULL,NULL,'63','158','1.d');
INSERT INTO `O_regle` VALUES ('3459','24','RÈGLE — Ne pas utiliser dans une même expression plus d''un des opérateurs de preprocessing # et ##','Vide',NULL,NULL,NULL,NULL,'63','158','1.d');
INSERT INTO `O_regle` VALUES ('3460','25','RÈGLE — Utiliser les opérateurs de preprocessing # et ## en maîtrisant leur expansion','Vide',NULL,NULL,NULL,NULL,'63','158','1.d');
INSERT INTO `O_regle` VALUES ('3461','26','RÈGLE — Les macros doivent être nommées de façon spécifique','Pour différencier aisément les macros des fonctions et ne pas utiliser un nom réservé d’une autre macro C, les macros préprocesseurs doivent être en capitales et les mots composant le nom séparés par le caractère souligné « _ » mais sans les faire débuter par le caractère souligné car il s’agit d’une convention pour les noms réservés du langage C.',NULL,NULL,NULL,NULL,'63','158','1.d');
INSERT INTO `O_regle` VALUES ('3462','27','RÈGLE — Ne pas terminer une macro par un point-virgule','Le point-virgule final doit être omis à la fin de la définition d’une macro.',NULL,NULL,NULL,NULL,'63','158','1.d');
INSERT INTO `O_regle` VALUES ('3463','28','Le point-virgule final doit être omis à la fin de la définition d’une macro.','Vide',NULL,NULL,NULL,NULL,'63','158','1.d');
INSERT INTO `O_regle` VALUES ('3464','29','RÈGLE — L''expansion d''une macro définie par le développeur ne doit pas créer de fonction','Vide',NULL,NULL,NULL,NULL,'63','158','1.d');
INSERT INTO `O_regle` VALUES ('3465','30','RÈGLE — Les macros contenant plusieurs instructions doivent utiliser une boucle do { ... } while(0) ','Vide',NULL,NULL,NULL,NULL,'63','158','1.d');
INSERT INTO `O_regle` VALUES ('3466','31','RÈGLE — Parenthèses obligatoires autour des paramètres utilisés dans le corps d''une macro','Les paramètres d’une macro doivent systématiquement être entourés de parenthèses lors de leur utilisation, afin de préserver l’ordre souhaité d’évaluation des expressions.',NULL,NULL,NULL,NULL,'63','158','1.d');
INSERT INTO `O_regle` VALUES ('3467','32','RECOMMANDATION — Il faut éviter les arguments d''une macro réalisant une opération','Vide',NULL,NULL,NULL,NULL,'63','158','1.d');
INSERT INTO `O_regle` VALUES ('3468','33','RÈGLE — Les arguments d''une macro ne doivent pas contenir d''effets de bord.','Des arguments de macro avec des effets de bord peuvent entraîner des évaluations multiples non désirées.',NULL,NULL,NULL,NULL,'63','158','1.d');
INSERT INTO `O_regle` VALUES ('3469','34','RÈGLE — Ne pas utiliser de directives de preprocessing en arguments d''une macro','Vide',NULL,NULL,NULL,NULL,'63','158','1.d');
INSERT INTO `O_regle` VALUES ('3470','35','RÈGLE — La directive #undef ne doit pas être utilisée','Vide',NULL,NULL,NULL,NULL,'63','158','1.d');
INSERT INTO `O_regle` VALUES ('3471','36','RÈGLE — Ne pas utiliser de trigraphes','Vide',NULL,NULL,NULL,NULL,'63','158','1.d');
INSERT INTO `O_regle` VALUES ('3472','37','RECOMMANDATION — Les points d''interrogation ne doivent pas être utilisés de façon successive','Cette règle s’applique pour toute partie du code mais aussi pour les commentaires.',NULL,NULL,NULL,NULL,'63','158','1.d');
INSERT INTO `O_regle` VALUES ('3473','38','RECOMMANDATION — Seules les déclarations multiples de variables simples de même type sont autorisées','Vide',NULL,NULL,NULL,NULL,'63','158','1.d');
INSERT INTO `O_regle` VALUES ('3474','39','RÈGLE — Ne pas faire de déclaration multiple de variables associée à une initialisation.','Les initialisations associées (i.e. consécutives et dans une même instruction) à une déclaration multiple sont interdites.',NULL,NULL,NULL,NULL,'63','158','1.d');
INSERT INTO `O_regle` VALUES ('3475','40','RECOMMANDATION — Regrouper les déclarations de variables en début du bloc dans lequel elles sont uti','Pour des questions de lisibilité et pour éviter les redéfinitions, les déclarations de variables sont regroupées en début de fichier, fonction ou bloc d’instructions selon leur portée.',NULL,NULL,NULL,NULL,'63','158','1.d');
INSERT INTO `O_regle` VALUES ('3476','41','RÈGLE — Ne pas utiliser des valeurs en dur','Les valeurs utilisées dans le code doivent être déclarées comme des constantes.',NULL,NULL,NULL,NULL,'63','158','1.d');
INSERT INTO `O_regle` VALUES ('3477','42','BONNE PRATIQUE — Centraliser la déclaration des constantes en début de fichier','Pour faciliter la lecture, les constantes sont déclarées ensemble en début du fichier.',NULL,NULL,NULL,NULL,'63','158','1.d');
INSERT INTO `O_regle` VALUES ('3478','43','RÈGLE — Déclarer les constantes en capitales','Vide',NULL,NULL,NULL,NULL,'63','158','1.d');
INSERT INTO `O_regle` VALUES ('3479','44','RÈGLE — Les constantes sans contrôle de type sont déclarées avec la macro préprocesseur de définitio','Vide',NULL,NULL,NULL,NULL,'63','158','1.d');
INSERT INTO `O_regle` VALUES ('3480','45','RÈGLE — Les constantes avec un contrôle de type explicite doivent être déclarées avec le mot clé con','Vide',NULL,NULL,NULL,NULL,'63','158','1.d');
INSERT INTO `O_regle` VALUES ('3481','46','RÈGLE — Les valeurs constantes doivent être associées à un suffixe dépendant du type','Pour éviter toute mauvaise interprétation, les valeurs constantes doivent utiliser un suffixe selon leurs types :\n il faut utiliser le suffixe U pour toutes les constantes de type entier non signé ; \n pour indiquer une constante de type long (ou long long pour C99), il faut utiliser le suffixe L (resp. LL) et non l (resp. ll) afin d’éviter toute ambiguïté avec le chiffre 1 ;\n les valeurs flottantes sont par défaut considérées comme double, il faut utiliser le suffixe f pour le type float (resp. d pour le type double).',NULL,NULL,NULL,NULL,'63','158','1.d');
INSERT INTO `O_regle` VALUES ('3482','47','RÈGLE — La taille du type associé à une expression constante doit être suffisante pour la contenir','Il faut s’assurer que les valeurs ou expressions constantes utilisées ne dépassent pas du type qui leur est associé.',NULL,NULL,NULL,NULL,'63','158','1.d');
INSERT INTO `O_regle` VALUES ('3483','48','RECOMMANDATION — Proscrire les constantes en octal','Ne pas utiliser de constante ni de séquence d’échappement en octal.',NULL,NULL,NULL,NULL,'63','158','1.d');
INSERT INTO `O_regle` VALUES ('3484','49','RÈGLE — Limiter les variables globales au strict nécessaire','Limiter l’usage des variables globales et préférer les paramètres de fonctions pour propager une structure de données au travers d’une application.',NULL,NULL,NULL,NULL,'63','158','1.d');
INSERT INTO `O_regle` VALUES ('3485','50','RÈGLE — Utilisation systématique du modificateur de déclaration static','Utiliser le mot clef static pour toutes les fonctions et variables globales qui ne sont pas utilisées à l’extérieur du fichier source dans lequel elles sont définies.',NULL,NULL,NULL,NULL,'63','158','1.d');
INSERT INTO `O_regle` VALUES ('3486','51','RÈGLE — Seules les variables modifiables en dehors de l''implémentation doivent être déclarées volati','Seules les variables associées à des ports entrée/sortie ou des fonctions d’interruption asynchrone doivent être déclarées comme volatile pour empêcher toute optimisation ou réorganisation à la compilation.',NULL,NULL,NULL,NULL,'63','158','1.d');
INSERT INTO `O_regle` VALUES ('3487','52','RÈGLE — Seuls des pointeurs spécifiés volatile peuvent accéder à des variables volatile','Vide',NULL,NULL,NULL,NULL,'63','158','1.d');
INSERT INTO `O_regle` VALUES ('3488','53','RÈGLE — Aucune omission de type n''est acceptée lors de la déclaration d''une variable','Toutes les variables utilisées doivent avoir été préalablement déclarées de façon explicite.',NULL,NULL,NULL,NULL,'63','158','1.d');
INSERT INTO `O_regle` VALUES ('3489','54','RECOMMANDATION — Limiter l''utilisation des compound literals','Du fait du risque de mauvaise manipulation des compound literals, leur utilisation doit être limitée, documentée et une attention particulière doit être donnée à leur portée.',NULL,NULL,NULL,NULL,'63','158','1.d');
INSERT INTO `O_regle` VALUES ('3490','55','RÈGLE — Ne pas mélanger des constantes explicites et implicites dans une énumération','Il faut soit expliciter toutes les constantes d’une énumération avec une valeur unique soit n’en expliciter aucune.',NULL,NULL,NULL,NULL,'63','158','1.d');
INSERT INTO `O_regle` VALUES ('3491','56','RÈGLE — Ne pas utiliser des énumérations anonymes','Vide',NULL,NULL,NULL,NULL,'63','158','1.d');
INSERT INTO `O_regle` VALUES ('3492','57','RECOMMANDATION — Les variables doivent être initialisées à la déclaration ou immédiatement après','Toutes les variables doivent être systématiquement initialisées à leur déclaration ou immédiatement après dans le cas de déclarations multiples.',NULL,NULL,NULL,NULL,'63','158','1.d');
INSERT INTO `O_regle` VALUES ('3493','58','RÈGLE — Ne pas mélanger les différents types d''initialisation pour les variables structurées','Pour l’initialisation d’une variable structurée, un seul et unique type d’initialisation doit être choisi et utilisé.',NULL,NULL,NULL,NULL,'63','158','1.d');
INSERT INTO `O_regle` VALUES ('3494','59','RÈGLE — Les variables structurées ne doivent pas être initialisées sans expliciter la valeur d''initi','Les variables non scalaires doivent être initialisées explicitement : chaque élément doit être initialisé en étant clairement identifié sans valeur d’initialisation superflue ou la notation ={0} ; peut être utilisée à la déclaration. Enfin les tailles des tableaux doivent être explicitées à l’initialisation.',NULL,NULL,NULL,NULL,'63','158','1.d');
INSERT INTO `O_regle` VALUES ('3495','60','RECOMMANDATION — Chaque déclaration publique (non static) doit être utilisée','Toutes les déclarations publiques (i.e. non static) doivent être utilisées, qu’il s’agissede variables, fonctions, labels ou autres.',NULL,NULL,NULL,NULL,'63','158','1.d');
INSERT INTO `O_regle` VALUES ('3496','61','RÈGLE — Utiliser des variables pour les données sensibles distinctes des variables pour les données ','Vide',NULL,NULL,NULL,NULL,'63','158','1.d');
INSERT INTO `O_regle` VALUES ('3497','62','RÈGLE — Utiliser des variables pour les données sensibles et protégées en confidentialité et/ou inté','Vide',NULL,NULL,NULL,NULL,'63','158','1.d');
INSERT INTO `O_regle` VALUES ('3498','63','RÈGLE — Ne jamais coder en dur une donnée sensible.','Vide',NULL,NULL,NULL,NULL,'63','158','1.d');
INSERT INTO `O_regle` VALUES ('3499','64','RECOMMANDATION — Seuls des types d''entiers dont la taille et le signe sont explicites doivent être u','Vide',NULL,NULL,NULL,NULL,'63','158','1.d');
INSERT INTO `O_regle` VALUES ('3500','65','RÈGLE — Seuls les types signed char et unsigned char doivent être utilisés.','Vide',NULL,NULL,NULL,NULL,'63','158','1.d');
INSERT INTO `O_regle` VALUES ('3501','66','RECOMMANDATION — Ne pas redéfinir des alias de types','Vide',NULL,NULL,NULL,NULL,'63','158','1.d');
INSERT INTO `O_regle` VALUES ('3502','67','RÈGLE — Compréhension fine et précise des règles de conversions','Le développeur se doit de connaître et comprendre toutes les règles de conversionimplicites des types entiers.',NULL,NULL,NULL,NULL,'63','158','1.d');
INSERT INTO `O_regle` VALUES ('3503','68','RÈGLE — Conversions explicites entre des types signés et non signés','Proscrire les conversions implicites de types. Utiliser des conversions explicites notamment entre type signé et type non signé.',NULL,NULL,NULL,NULL,'63','158','1.d');
INSERT INTO `O_regle` VALUES ('3504','69','RECOMMANDATION — Ne pas utiliser de transtypage de pointeurs sur des types structurés différents','Vide',NULL,NULL,NULL,NULL,'63','158','1.d');
INSERT INTO `O_regle` VALUES ('3505','70','RÈGLE — L''accès aux éléments d''un tableau se fera toujours en désignant en premier attribut le table','L’accès au ième élément d’un tableau s’écrira toujours avec le nom du tableau en premier suivi de l’indice de la case à atteindre.',NULL,NULL,NULL,NULL,'63','158','1.d');
INSERT INTO `O_regle` VALUES ('3506','71','RECOMMANDATION — L''accès aux éléments d''un tableau doit se faire en utilisant les crochets','Dans le cas d’une variable de type tableau, la notation dédiée (via les crochets) doit être utilisée pour éviter toute ambiguïté.',NULL,NULL,NULL,NULL,'63','158','1.d');
INSERT INTO `O_regle` VALUES ('3507','72','RÈGLE — Ne pas utiliser de VLA','Vide',NULL,NULL,NULL,NULL,'63','158','1.d');
INSERT INTO `O_regle` VALUES ('3508','73','RECOMMANDATION — Ne pas utiliser de taille implicite pour les tableaux','Afin de s’assurer que les accès tableaux sont bien valides, la taille de ceux-ci doit être explicitée.',NULL,NULL,NULL,NULL,'63','158','1.d');
INSERT INTO `O_regle` VALUES ('3509','74','RÈGLE — Utiliser des entiers non signés pour les tailles de tableaux','Vide',NULL,NULL,NULL,NULL,'63','158','1.d');
INSERT INTO `O_regle` VALUES ('3510','75','RÈGLE — Ne pas accèder à un élément de tableau sans vérifier la validité de l''indice utilisé','La validité des indices de tableau utilisés doit être vérifié de façon systématique : un indice de tableau est valide s’il est supérieur ou égal à zéro et strictement inférieur à la taille déclarée du tableau. Dans le cas d’un tableau de caractères, le caractère de fin de chaine ’\\0’ doit être pris en compte.',NULL,NULL,NULL,NULL,'63','158','1.d');
INSERT INTO `O_regle` VALUES ('3511','76','RÈGLE — Un pointeur NULL ne doit pas être déréférencé','Avant de déréférencer un pointeur, le développeur doit s’assurer que celui-ci n’est pas NULL.',NULL,NULL,NULL,NULL,'63','158','1.d');
INSERT INTO `O_regle` VALUES ('3512','77','RÈGLE — Un pointeur doit être affecté à NULL après désallocation','Un pointeur doit être systématiquement affecté à NULL suite à la désallocation de la mémoire qu’il pointe.',NULL,NULL,NULL,NULL,'63','158','1.d');
INSERT INTO `O_regle` VALUES ('3513','78','RÈGLE — Ne pas utiliser le qualificateur de pointeur restrict','Le qualificateur restrict ne doit pas être utilisé directement par le développeur. Seule l’utilisation indirecte i.e. via l’appel de fonctions de la bibliothèque standard est tolérée mais le développeur devra s’assurer qu’aucun comportement indéfini résultera de l’utilisation de telles fonctions.',NULL,NULL,NULL,NULL,'63','158','1.d');
INSERT INTO `O_regle` VALUES ('3514','79','RECOMMANDATION — Le nombre de niveau d''indirections de pointeur doit être limité à deux','Le nombre d’indirections pour un pointeur ne doit pas dépasser deux niveaux.',NULL,NULL,NULL,NULL,'63','158','1.d');
INSERT INTO `O_regle` VALUES ('3515','80','RECOMMANDATION — Préférer l''utilisation de l''opérateur d''indirection ->','L’opérateur d’indirection -> doit être utilisé pour atteindre les champs d’une structure par l’intermédiaire d’un pointeur.',NULL,NULL,NULL,NULL,'63','158','1.d');
INSERT INTO `O_regle` VALUES ('3516','81','RÈGLE — Seul l''incrément ou le décrément de pointeurs de tableaux est autorisé','L’incrément ou le décrément de pointeurs ne doit être utilisé que sur des pointeurs représentant un tableau ou un élément d’un tableau.',NULL,NULL,NULL,NULL,'63','158','1.d');
INSERT INTO `O_regle` VALUES ('3517','82','RÈGLE — Aucune arithmétique sur les pointeurs void* n''est autorisée','Il faut proscrire l’utilisation de toute arithmétique sur des pointeurs de type void*.',NULL,NULL,NULL,NULL,'63','158','1.d');
INSERT INTO `O_regle` VALUES ('3518','83','RECOMMANDATION — Arithmétique des pointeurs sur tableaux contrôlée','L’arithmétique sur des pointeurs représentant un tableau ou un élément d’un tableau doit être faite en s’assurant que le pointeur résultant pointera toujours sur un élément du même tableau.',NULL,NULL,NULL,NULL,'63','158','1.d');
INSERT INTO `O_regle` VALUES ('3519','84','RÈGLE — Soustraction et comparaison entre pointeurs d''un même tableau uniquement','Seules les soustractions et comparaisons de pointeurs sur un même tableau sont autorisés.',NULL,NULL,NULL,NULL,'63','158','1.d');
INSERT INTO `O_regle` VALUES ('3520','85','RECOMMANDATION — Il ne faut pas affecter directement une adresse fixe à un pointeur.','Vide',NULL,NULL,NULL,NULL,'63','158','1.d');
INSERT INTO `O_regle` VALUES ('3521','86','RÈGLE — Une structure doit être utilisée pour regrouper les données représentant une même entité','Les données liées doivent être regroupées au sein d’une structure.',NULL,NULL,NULL,NULL,'63','158','1.d');
INSERT INTO `O_regle` VALUES ('3522','87','RÈGLE — Ne pas calculer la taille d''une structure comme la somme de la taille de ses champs','Du fait du padding, la taille d’une structure ne doit pas être supposée comme la somme de la taille de ses champs.',NULL,NULL,NULL,NULL,'63','158','1.d');
INSERT INTO `O_regle` VALUES ('3523','88','RÈGLE — Tout bitfield doit obligatoirement être déclaré explicitement comme non signé','Vide',NULL,NULL,NULL,NULL,'63','158','1.d');
INSERT INTO `O_regle` VALUES ('3524','89','RÈGLE — Ne pas faire d''hypothèse sur la représentation interne de structures avec des bitfields','Vide',NULL,NULL,NULL,NULL,'63','158','1.d');
INSERT INTO `O_regle` VALUES ('3525','90','RÈGLE — Ne pas utiliser les FAM','Vide',NULL,NULL,NULL,NULL,'63','158','1.d');
INSERT INTO `O_regle` VALUES ('3526','91','RECOMMANDATION — Ne pas utiliser les unions','L’utilisation du même espace mémoire pour plusieurs données de natures différentes n’est pas autorisée.',NULL,NULL,NULL,NULL,'63','158','1.d');
INSERT INTO `O_regle` VALUES ('3527','92','RÈGLE — Supprimer tous les débordements de valeurs possibles pour des entiers signés.','Vide',NULL,NULL,NULL,NULL,'63','158','1.d');
INSERT INTO `O_regle` VALUES ('3528','93','RECOMMANDATION — Détecter tous les wraps possibles de valeurs pour les entiers non signés.','vide',NULL,NULL,NULL,NULL,'63','158','1.d');
INSERT INTO `O_regle` VALUES ('3529','94','RÈGLE — Détecter et supprimer toute potentielle division par zéro','Cette vérification doit être systématique pour tout calcul de division ou de reste de division.',NULL,NULL,NULL,NULL,'63','158','1.d');
INSERT INTO `O_regle` VALUES ('3530','95','RECOMMANDATION — Les opérations arithmétiques doivent être écrites en favorisant leur lisibilité','Il faut utiliser des opérations arithmétiques le plus explicites possibles (naturelles) et dans la logique du programme.',NULL,NULL,NULL,NULL,'63','158','1.d');
INSERT INTO `O_regle` VALUES ('3531','96','RECOMMANDATION — Les opérateurs logiques ne doivent pas être appliqués avec des opérandes signés','Vide',NULL,NULL,NULL,NULL,'63','158','1.d');
INSERT INTO `O_regle` VALUES ('3532','97','RÈGLE — Explicitation de l''ordre d''évaluation des calculs par utilisation de parenthèses','Malgré la priorité des opérateurs, pour éviter toute ambiguïté, les expressions seront entourées de parenthèses pour rendre plus explicite l’ordre d’évaluation d’un calcul.',NULL,NULL,NULL,NULL,'63','158','1.d');
INSERT INTO `O_regle` VALUES ('3533','98','RECOMMANDATION — Eviter les expressions de comparaison ou d''égalité multiple','Vide',NULL,NULL,NULL,NULL,'63','158','1.d');
INSERT INTO `O_regle` VALUES ('3534','99','RÈGLE — Toujours utiliser les parenthèses dans les expressions de comparaison ou d''égalité multiple','Les expressions booléennes de comparaison ou d’égalité contenant au moins 2 opérateurs relationnels sont interdites sans parenthèse.',NULL,NULL,NULL,NULL,'63','158','1.d');
INSERT INTO `O_regle` VALUES ('3535','100','RÈGLE — Parenthèses autour des éléments d''une expression booléenne','Il est nécessaire de toujours mettre entre parenthèses les différents éléments d’une expression booléenne, afin qu’il n’y ait aucune ambiguïté dans l’ordre d’évaluation.',NULL,NULL,NULL,NULL,'63','158','1.d');
INSERT INTO `O_regle` VALUES ('3536','101','RÈGLE — Comparaison implicite avec 0 interdite','Toutes les expressions booléennes doivent utiliser des opérateurs de comparaison. Aucun test implicite avec une valeur égale à 0 ou différente de 0 ne doit être effectué.',NULL,NULL,NULL,NULL,'63','158','1.d');
INSERT INTO `O_regle` VALUES ('3537','102','RECOMMANDATION — Utilisation du type bool en C99','En C99, le type bool (ou _Bool) doit être utilisé pour les variables à valeurs booléennes.',NULL,NULL,NULL,NULL,'63','158','1.d');
INSERT INTO `O_regle` VALUES ('3538','103','RÈGLE — Pas d''opérateur bit-à-bit sur un opérande de type booléen ou assimilé','Vide',NULL,NULL,NULL,NULL,'63','158','1.d');
INSERT INTO `O_regle` VALUES ('3539','104','BONNE PRATIQUE — Ne pas utiliser la valeur retournée lors d''une affectation','Vide',NULL,NULL,NULL,NULL,'63','158','1.d');
INSERT INTO `O_regle` VALUES ('3540','105','RÈGLE — Affectation interdite dans une expression booléenne','Une affectation ne doit pas être effectuée dans une expression booléenne quelle qu’elle soit. Une affectation doit être effectuée dans une instruction indépendante.',NULL,NULL,NULL,NULL,'63','158','1.d');
INSERT INTO `O_regle` VALUES ('3541','106','BONNE PRATIQUE — Comparaison avec opérande constant à gauche','Quand une comparaison fait intervenir un opérande constant celui-ci sera de préférence mis comme opérande gauche pour éviter une affectation non intentionnelle.',NULL,NULL,NULL,NULL,'63','158','1.d');
INSERT INTO `O_regle` VALUES ('3542','107','RÈGLE — Affectation multiple de variables interdite','L’affectation multiple de variables n’est pas autorisée.',NULL,NULL,NULL,NULL,'63','158','1.d');
INSERT INTO `O_regle` VALUES ('3543','108','RÈGLE — Une seule instruction par ligne de code','Vide',NULL,NULL,NULL,NULL,'63','158','1.d');
INSERT INTO `O_regle` VALUES ('3544','108','BONNE PRATIQUE — Éviter les constantes flottantes','Ne pas utiliser de constantes numériques flottantes pour éviter les pertes de précision et autres phénomènes liés aux nombres flottants. Si cela ne peut être évité, la représentativité de la valeur flottante en question doit être vérifiée.',NULL,NULL,NULL,NULL,'63','158','1.d');
INSERT INTO `O_regle` VALUES ('3545','110','RECOMMANDATION — Limiter l''utilisation des nombres flottants au strict nécessaire','Il faut limiter l’utilisation des nombres flottants.',NULL,NULL,NULL,NULL,'63','158','1.d');
INSERT INTO `O_regle` VALUES ('3546','111','RÈGLE — Pas de compteur de boucle de type flottant','Les compteurs de boucle doivent être uniquement de type entier, avec la vérification de non débordement de type des valeurs des compteurs.',NULL,NULL,NULL,NULL,'63','158','1.d');
INSERT INTO `O_regle` VALUES ('3547','112','RÈGLE — Ne pas utiliser de nombres flottants pour des comparaisons d''égalité ou d''inégalité','Vide',NULL,NULL,NULL,NULL,'63','158','1.d');
INSERT INTO `O_regle` VALUES ('3548','113','RECOMMANDATION — Non utilisation des nombres complexes','Les nombres complexes introduits depuis C99 ne doivent pas être utilisés.',NULL,NULL,NULL,NULL,'63','158','1.d');
INSERT INTO `O_regle` VALUES ('3549','114','RÈGLE — Utilisation systématique des accolades pour les conditionnelles et les boucles','Ne jamais omettre les accolades pour délimiter un bloc d’instructions. Les accolades doivent être écrites pour délimiter un bloc d’instructions après les boucles (for, while, do) et les conditionnelles (if, else).',NULL,NULL,NULL,NULL,'63','158','1.d');
INSERT INTO `O_regle` VALUES ('3550','115','RÈGLE — Définition systématique d''un cas par défaut dans les switch','Un switch-case doit toujours contenir un cas default placé en dernier.',NULL,NULL,NULL,NULL,'63','158','1.d');
INSERT INTO `O_regle` VALUES ('3551','116','RECOMMANDATION — Utilisation de break dans chaque cas des instructions switch','Un switch-case doit par défaut toujours contenir un break pour chaque cas. L’absence de break pour éviter de dupliquer du code est tolérée mais doit être explicitée dans un commentaire.',NULL,NULL,NULL,NULL,'63','158','1.d');
INSERT INTO `O_regle` VALUES ('3552','117','RECOMMANDATION — Pas d''imbrication de structure de contrôle dans un switch-case',' Même si le C l’autorise, l’imbrication de structures de contrôle à l’intérieur d’un switch est à éviter.',NULL,NULL,NULL,NULL,'63','158','1.d');
INSERT INTO `O_regle` VALUES ('3553','118','RÈGLE — Ne pas introduire d''instructions avant le premier label d''un switch-case','Vide',NULL,NULL,NULL,NULL,'63','158','1.d');
INSERT INTO `O_regle` VALUES ('3554','119','RÈGLE — Bonne construction des boucles for','Chaque élément d’une boucle for doit être complété et contenir exactement une seule instruction. Ainsi une boucle for doit contenir une initialisation de son compteur, une condition d’arrêt portant sur son compteur, et une incrémentation ou décrémentation du compteur de boucle.',NULL,NULL,NULL,NULL,'63','158','1.d');
INSERT INTO `O_regle` VALUES ('3555','120','RÈGLE — Modification d''un compteur d''une boucle for interdite dans le corps de la boucle','Le compteur d’une boucle for ne doit pas être modifié à l’intérieur du corps de la boucle for.',NULL,NULL,NULL,NULL,'63','158','1.d');
INSERT INTO `O_regle` VALUES ('3556','121','RÈGLE — Non utilisation de goto arrière (backward goto)','Proscrire, au sein d’une fonction, l’utilisation d’instructions goto renvoyant vers un label qui est placé avant cette instruction goto.',NULL,NULL,NULL,NULL,'63','158','1.d');
INSERT INTO `O_regle` VALUES ('3557','122','RECOMMANDATION — Utilisation limitée du saut avant (forward goto)','L’utilisation d’un forward goto est tolérée uniquement dans les cas où elle permet :\n de limiter significativement le nombre de points de sortie de la fonction ;\n de rendre le code beaucoup plus lisible.\nLe ou les labels référencés par les instructions goto doivent tous être situés en fin de fonction.',NULL,NULL,NULL,NULL,'63','158','1.d');
INSERT INTO `O_regle` VALUES ('3558','123','RÈGLE — Toute fonction (non static) définie doit possèder une déclaration/ prototype de fonction','Vide',NULL,NULL,NULL,NULL,'63','158','1.d');
INSERT INTO `O_regle` VALUES ('3559','124','RÈGLE — Le prototype de déclaration d''une fonction doit concorder avec sa définition','Les types des paramètres utilisés pour la définition et la déclaration d’une fonction doivent être les mêmes.',NULL,NULL,NULL,NULL,'63','158','1.d');
INSERT INTO `O_regle` VALUES ('3560','125','RÈGLE — Toute fonction doit être associée à un type de retour et à une liste de paramètres explicite','Chaque fonction est définie explicitement avec un type de retour. Les fonctions sans valeur de retour doivent être déclarées avec un paramètre du type void. De la même façon, une fonction sans paramètre devra être définie et déclarée avec void en argument.',NULL,NULL,NULL,NULL,'63','158','1.d');
INSERT INTO `O_regle` VALUES ('3561','126','RECOMMANDATION — Documentation des fonctions','Tous les fonctions doivent être documentées. Cela comprend :\nn une description de la fonction et du traitement effectué ;\n la documentation de chaque paramètre, le sens du paramètre (en entrée, en sortie, en entrée et en sortie) et les éventuelles conditions existant sur celui-ci ;\n les valeurs de retour possibles doivent être décrites.',NULL,NULL,NULL,NULL,'63','158','1.d');
INSERT INTO `O_regle` VALUES ('3562','127','RECOMMANDATION — Préciser les conditions d''appel pour chaque fonction','Vide',NULL,NULL,NULL,NULL,'63','158','1.d');
INSERT INTO `O_regle` VALUES ('3563','128','RÈGLE — La validité de tous les paramètres d''une fonction doit systématiquement être remise en cause','Cela inclut :\n la validité des adresses pour les paramètres de type pointeur doit être vérifiée (non , alignement des adresses conforme...) ;\n l’appartenance des paramètres à leur domaine doit être vérifiée.\nCela s’applique aux fonctions définies par le développeur (cf. section 12.2) mais aussi aux fonctions de la bibliothèque standard.',NULL,NULL,NULL,NULL,'63','158','1.d');
INSERT INTO `O_regle` VALUES ('3564','129','RÈGLE — Les paramètres de fonction de type pointeur pour lesquels la zone mémoire pointée n''est pas ','Marquer const tous les paramètres de type pointeur d’une fonction qui pointent vers une zone mémoire qui ne doit pas être modifiée dans le corps de celle-ci. Le qualificateur const doit s’appliquer à l’objet pointé.',NULL,NULL,NULL,NULL,'63','158','1.d');
INSERT INTO `O_regle` VALUES ('3565','130','RÈGLE — Les fonctions inline doivent être déclarées comme static','Pour éviter un comportement non défini une fonction inline est systématiquement static.',NULL,NULL,NULL,NULL,'63','158','1.d');
INSERT INTO `O_regle` VALUES ('3566','131','RÈGLE — Interdiction de redéfinir les fonctions ou macros de la bibliothèque standard ou d''une autre','Les identifiants, macros ou noms de fonctions faisant partie de la bibliothèque standard ou d’une autre bibliothèque utilisée ne doivent pas être redéfinis.',NULL,NULL,NULL,NULL,'63','158','1.d');
INSERT INTO `O_regle` VALUES ('3567','132','RÈGLE — La valeur de retour d''une fonction doit toujours être testée','Lorsqu’une fonction retourne une valeur, la valeur retournée doit être systématiquement testée.',NULL,NULL,NULL,NULL,'63','158','1.d');
INSERT INTO `O_regle` VALUES ('3568','133','RÈGLE — Retour implicite interdit pour les fonctions de type non void','Tous les chemins d’une fonction non void doivent retourner une valeur explicitement.',NULL,NULL,NULL,NULL,'63','158','1.d');
INSERT INTO `O_regle` VALUES ('3569','134','RÈGLE — Les structures doivent être passées par référence à une fonction','Il ne faut pas passer de paramètres de type structure par copie lors de l’appel d’une fonction.',NULL,NULL,NULL,NULL,'63','158','1.d');
INSERT INTO `O_regle` VALUES ('3570','135','RECOMMANDATION — Passage d''un tableau en paramètre d''une fonction','Il existe plusieurs façons de passer un tableau en paramètre d’une fonction. Lors du passage par pointeur, il faut préciser dans la documentation de la fonction que le paramètre correspond à un tableau et également utiliser la notation dédiée aux tableaux.',NULL,NULL,NULL,NULL,'63','158','1.d');
INSERT INTO `O_regle` VALUES ('3571','136','RECOMMANDATION — Utilisation obligatoire dans une fonction de tous ses paramètres','Tous les paramètres présents dans le prototype de la fonction doivent être utilisés dans son implémentation.',NULL,NULL,NULL,NULL,'63','158','1.d');
INSERT INTO `O_regle` VALUES ('3572','137','BONNE PRATIQUE — Utiliser les options de compilation -Wformat=2 et -Wformat-security dès qu''une fonc','Plus de détails sur ces options sont données en annexe B.',NULL,NULL,NULL,NULL,'63','158','1.d');
INSERT INTO `O_regle` VALUES ('3573','138','RÈGLE — Ne pas appeler de fonctions variadiques avec NULL en argument','Vide',NULL,NULL,NULL,NULL,'63','158','1.d');
INSERT INTO `O_regle` VALUES ('3574','139','RÈGLE — Usage de la virgule interdit pour le séquencement d''instructions','La virgule n’est pas autorisée dans le cadre du séquencement des instructions decode.',NULL,NULL,NULL,NULL,'63','158','1.d');
INSERT INTO `O_regle` VALUES ('3575','140','RECOMMANDATION — Les opérateurs pré-fixes ++ et -- ne doivent pas être utilisés','Les opérateurs de pré-incrémentation et pré-decrémentation ne seront pas utilisés.',NULL,NULL,NULL,NULL,'63','158','1.d');
INSERT INTO `O_regle` VALUES ('3576','141','RECOMMANDATION — Pas d''utilisation combinée des opérateurs postfixes avec d''autres opérateurs','Les opérateurs de post-incrémentation et de post-décrémentation ne doivent pas être mixés avec d’autres opérateurs.',NULL,NULL,NULL,NULL,'63','158','1.d');
INSERT INTO `O_regle` VALUES ('3577','142','RECOMMANDATION — Éviter l''utilisation d''opérateurs d''affectation combinés','Vide',NULL,NULL,NULL,NULL,'63','158','1.d');
INSERT INTO `O_regle` VALUES ('3578','143','RÈGLE — Non utilisation imbriquée de l''opérateur ternaire ?:','L’imbrication d’opérateurs ternaires ?: est interdite.',NULL,NULL,NULL,NULL,'63','158','1.d');
INSERT INTO `O_regle` VALUES ('3579','144','RÈGLE — Bonne construction des expressions avec l''opérateur ternaire ?:','Les expressions résultantes de l’opérateur ternaire ?: doivent être exactement de même type pour éviter tout transtypage.',NULL,NULL,NULL,NULL,'63','158','1.d');
INSERT INTO `O_regle` VALUES ('3580','145','RÈGLE — Allouer dynamiquement un espace mémoire dont la taille est suffisante pour l''objet alloué','Pour un pointeur ptr, on préférera utiliser ptr=malloc(sizeof(*ptr)); quand cela est possible.',NULL,NULL,NULL,NULL,'63','158','1.d');
INSERT INTO `O_regle` VALUES ('3581','146','RÈGLE — Libérer la mémoire allouée dynamiquement au plus tôt','Tout espace mémoire alloué dynamiquement doit être libéré quand celui-ci n’est plus utile.',NULL,NULL,NULL,NULL,'63','158','1.d');
INSERT INTO `O_regle` VALUES ('3582','147','RÈGLE — Les zones mémoires sensibles doivent être mises à zéro avant d''être libérées.','Vide',NULL,NULL,NULL,NULL,'63','158','1.d');
INSERT INTO `O_regle` VALUES ('3583','148','RÈGLE — Ne pas libérer de mémoire non allouée dynamiquement','Vide',NULL,NULL,NULL,NULL,'63','158','1.d');
INSERT INTO `O_regle` VALUES ('3584','149','RÈGLE — Ne pas modifier l''allocation dynamique via realloc','Vide',NULL,NULL,NULL,NULL,'63','158','1.d');
INSERT INTO `O_regle` VALUES ('3585','150','RÈGLE — Bonne utilisation de l''opérateur sizeof','Une expression contenue dans un sizeof ne doit pas :\n contenir l’opérateur « = » car l’expression ne sera pas évaluée ; \n contenir de déréférencement de pointeur ;\n être appliqué sur un pointeur représentant un tableau.',NULL,NULL,NULL,NULL,'63','158','1.d');
INSERT INTO `O_regle` VALUES ('3586','151','RÈGLE — Vérification obligatoire du succès d''une allocation mémoire','Le succès d’une allocation mémoire doit toujours être vérifié.',NULL,NULL,NULL,NULL,'63','158','1.d');
INSERT INTO `O_regle` VALUES ('3587','152','RÈGLE — L''isolement des données sensibles doit être effectué','Contrôler le bon usage d’une zone mémoire stockant des données sensibles i.e. minimiser l’exposition en mémoire, minimiser la copie et effacer la/les zones ayant contenu les données sensibles au plus tôt.',NULL,NULL,NULL,NULL,'63','158','1.d');
INSERT INTO `O_regle` VALUES ('3588','153','RÈGLE — Initialiser et consulter la valeur de errno avant et après toute exécution d''une fonction de','Vide',NULL,NULL,NULL,NULL,'63','158','1.d');
INSERT INTO `O_regle` VALUES ('3589','154','RÈGLE — La gestion des erreurs retournées par une fonction de la bibliothèque standard doit être sys','Vide',NULL,NULL,NULL,NULL,'63','158','1.d');
INSERT INTO `O_regle` VALUES ('3590','155','RÈGLE — Documentation des codes d''erreur','Tous les codes d’erreur retournés par une fonction doivent être documentés. Dans le cas où plusieurs codes d’erreur peuvent être retournés en même temps par la fonction, la documentation doit définir la priorité de gestion de ces codes.',NULL,NULL,NULL,NULL,'63','158','1.d');
INSERT INTO `O_regle` VALUES ('3591','156','RECOMMANDATION — Structuration des codes de retour','Les codes de retour doivent être structurés de façon à pouvoir obtenir rapidement une information concernant le déroulement de la fonction appelée : \n erreur ; \n type d’erreur ; \n alarme ; \n type d’alarme ; \n ok ;',NULL,NULL,NULL,NULL,'63','158','1.d');
INSERT INTO `O_regle` VALUES ('3592','157','RÈGLE — Code de retour d''un programme C en fonction du résultat de son exécution','Le code de retour d’un programme C doit avoir une signification afin d’indiquer le bon déroulement du programme ou la survenue d’une erreur : \n la valeur du code de retour doit être comprise entre 0 et 127 ; \n la valeur 0 indique que le programme s’est exécuté sans erreur ;\n la valeur 2 est généralement utilisée sous Unix pour indiquer une erreur dans les arguments passés en paramètres au programme. \nLa signification des codes de retour du programme doit être indiquée dans sa documentation.',NULL,NULL,NULL,NULL,'63','158','1.d');
INSERT INTO `O_regle` VALUES ('3593','158','RECOMMANDATION — Privilégier les retours d''erreurs via des codes de retour dans la fonction principa','Un programme C doit disposer d’une fonction main() minimale. Les retours d’erreurs se font par un retour de code dédié (et donc documenté) de cette fonction.',NULL,NULL,NULL,NULL,'63','158','1.d');
INSERT INTO `O_regle` VALUES ('3594','159','RÈGLE — Ne pas utiliser les fonctions abort() ou _Exit()','Vide',NULL,NULL,NULL,NULL,'63','158','1.d');
INSERT INTO `O_regle` VALUES ('3595','160','RECOMMANDATION — Limiter les appels à exit()','Les appels à la fonction exit() doivent être commentés et non systématiques. Le développeur doit le plus souvent possible les remplacer par un retour de code d’erreur  dans la fonction principale.',NULL,NULL,NULL,NULL,'63','158','1.d');
INSERT INTO `O_regle` VALUES ('3596','161','RÈGLE — Ne pas utiliser les fonctions setjmp() et longjump()','Vide',NULL,NULL,NULL,NULL,'63','158','1.d');
INSERT INTO `O_regle` VALUES ('3597','162','RÈGLE — Ne pas utiliser les bibliothèques standards setjmp.h et stdarg.h','Vide',NULL,NULL,NULL,NULL,'63','158','1.d');
INSERT INTO `O_regle` VALUES ('3598','163','RECOMMANDATION — Limiter l''utilisation des bibliothèques standards manipulant des nombres flottants','Les bibliothèques standards float.h, fenv.h, complex.h et math.h ne doivent être utilisées que si cela est vraiment nécessaire.',NULL,NULL,NULL,NULL,'63','158','1.d');
INSERT INTO `O_regle` VALUES ('3599','164','RÈGLE — Ne pas utiliser les fonctions atoi() atol() atof() et atoll() de la bibliothèque stdlib.h','Les fonctions équivalentes strto*() sont à utiliser en remplacement.',NULL,NULL,NULL,NULL,'63','158','1.d');
INSERT INTO `O_regle` VALUES ('3600','165','RÈGLE — Ne pas utiliser la fonction rand() de la bibliothèque standard','Vide',NULL,NULL,NULL,NULL,'63','158','1.d');
INSERT INTO `O_regle` VALUES ('3601','166','RÈGLE — Utiliser les versions « plus sécurisées » pour les fonctions de la bibliothèque standard','Quand des fonctions de la bibliothèque standard existent en différentes versions, la version « plus sécurisée » doit être utilisée.',NULL,NULL,NULL,NULL,'63','158','1.d');
INSERT INTO `O_regle` VALUES ('3602','167','RÈGLE — Ne pas utiliser de fonctions de la bibliothèque obsolescentes ou devenues obsolètes dans des','Vide',NULL,NULL,NULL,NULL,'63','158','1.d');
INSERT INTO `O_regle` VALUES ('3603','168','RÈGLE — Ne pas utiliser de fonctions de la bibliothèque manipulant des buffers sans prendre la taill','Vide',NULL,NULL,NULL,NULL,'63','158','1.d');
INSERT INTO `O_regle` VALUES ('3604','169','BONNE PRATIQUE — Tout code doit être soumis à relecture','Vide',NULL,NULL,NULL,NULL,'63','158','1.d');
INSERT INTO `O_regle` VALUES ('3605','170','RECOMMANDATION — Indentation des expressions longues','Lorsqu’une instruction ou une expression s’étale sur plusieurs lignes, il est indispensable de l’indenter afin de faciliter la compréhension du code.',NULL,NULL,NULL,NULL,'63','158','1.d');
INSERT INTO `O_regle` VALUES ('3606','171','RÈGLE — Identifier et supprimer tout code mort','Vide',NULL,NULL,NULL,NULL,'63','158','1.d');
INSERT INTO `O_regle` VALUES ('3607','172','RÈGLE — Le code doit être exempt de code non atteignable en dehors de code défensif et de code d''int','Il ne doit jamais y avoir de code inatteignable, sauf s’il s’agit de code défensif ou s’il s’agit de code d’une interface et dans ces deux cas, il faut le préciser en commentaire.',NULL,NULL,NULL,NULL,'63','158','1.d');
INSERT INTO `O_regle` VALUES ('3608','173','RECOMMANDATION — Evaluation outillée du code source pour limiter les risques d''erreurs d''exécution','Le code source du logiciel doit être analysé via au moins un outil d’analyse de code. Les résultats produits par l’outil d’analyse doivent être étudiés par le développeur et les corrections doivent être effectuées par rapport aux problèmes découverts.',NULL,NULL,NULL,NULL,'63','158','1.d');
INSERT INTO `O_regle` VALUES ('3609','174','RECOMMANDATION — Limitation de la complexité cyclomatique','La complexité cyclomatique d’une fonction doit être limitée au maximum.',NULL,NULL,NULL,NULL,'63','158','1.d');
INSERT INTO `O_regle` VALUES ('3610','175','RECOMMANDATION — Limitation de la longueur et la complexité d''une fonction','Une fonction doit être associée idéalement à un seul et unique traitement et doit donc correspondre à un nombre de lignes de code raisonnable.',NULL,NULL,NULL,NULL,'63','158','1.d');
INSERT INTO `O_regle` VALUES ('3611','176','RÈGLE — Ne pas utiliser de mots clés du C++','Vide',NULL,NULL,NULL,NULL,'63','158','1.d');
INSERT INTO `O_regle` VALUES ('3612','177','RÈGLE — Séquences de caractères interdites dans les commentaires','Les séquences /* et // sont interdites dans tous les commentaires. Et un commentaire sur une ligne introduit par // ne doit pas contenir de caractère de continuation de ligne \\.',NULL,NULL,NULL,NULL,'63','158','1.d');
INSERT INTO `O_regle` VALUES ('3613','178','RÈGLE — Mise en oeuvre manuelle de mécanismes « canari » si les options de durcissement ne sont pas ','Vide',NULL,NULL,NULL,NULL,'63','158','1.d');
INSERT INTO `O_regle` VALUES ('3614','179','RÈGLE — Pas d''assertions de mise au point sur un code mis en production','Les assertions de mise au point ne doivent pas être présentes en production.',NULL,NULL,NULL,NULL,'63','158','1.d');
INSERT INTO `O_regle` VALUES ('3615','180','RECOMMANDATION — La gestion des assertions d''intégrité doit inclure un effacement des données d''urge','Les assertions d’intégrité doivent apparaître en production. En cas de déclenchement d’une assertion d’intégrité, le code de traitement doit aboutir à un effacement d’urgence des données sensibles.',NULL,NULL,NULL,NULL,'63','158','1.d');
INSERT INTO `O_regle` VALUES ('3616','181','RÈGLE — Tout fichier non vide doit se terminer par un retour à la ligne et les directives de preproc','Un fichier non vide ne doit pas se terminer au milieu d’un commentaire ou d’une directive de preprocessing.',NULL,NULL,NULL,NULL,'63','158','1.d');
INSERT INTO `O_regle` VALUES ('9934','1','RÈGLE — Application de conventions de codage claires et explicites','Des conventions de codage doivent être définies et documentées pour le logiciel à produire. Ces conventions doivent définir au minimum les points suivants : l’encodage des fichiers sources, la mise en page du code et l’indentation, les types standards à utiliser, le nommage (bibliothèques, fichiers, fonctions, types, variables, . . .), le format de la documentation. Ces conventions doivent être appliquées par chaque développeur.',NULL,NULL,NULL,NULL,'101','210','1.d');
INSERT INTO `O_regle` VALUES ('9935','2','RÈGLE — Seul le codage C conforme au standard est autorisé','Aucune violation des contraintes et de la syntaxe C telles que définies dans les standards C90 ou C99 n’est autorisée.',NULL,NULL,NULL,NULL,'101','210','1.d');
INSERT INTO `O_regle` VALUES ('9936','3','RECOMMANDATION — Maîtrise des actions opérées à la compilation.',' Le développeur doit connaître et documenter les actions associées aux options activées du compilateur y compris en terme d’optimisation de code',NULL,NULL,NULL,NULL,'101','210','1.d');
INSERT INTO `O_regle` VALUES ('9937','4','RÈGLE — Définir précisément les options de compilation','Les options utilisées pour la compilation doivent être précisément définies pour l’ensemble des sources d’un logiciel. Ces options doivent notamment fixer précisément :\n- la version du standard C utilisée (par exemple C99 ou encore C90) ;\n- le nom et la version du compilateur utilisé ;',NULL,NULL,NULL,NULL,'101','210','1.d');
INSERT INTO `O_regle` VALUES ('9938','5','RÈGLE — Utiliser des options de durcissement','L’utilisation d’options de durcissement est obligatoire que ce soit pour imposer la génération d’exécutables relocalisables, une randomization d’adresses efficace ou la protection contre le dépassement de pile entre autres.',NULL,NULL,NULL,NULL,'101','210','1.d');
INSERT INTO `O_regle` VALUES ('9939','6','BONNE PRATIQUE — Utiliser des générateurs de projets pour la compilation.','Vide',NULL,NULL,NULL,NULL,'101','210','1.d');
INSERT INTO `O_regle` VALUES ('9940','7','RÈGLE — Compiler le code sans erreur ni avertissement en activant des options de compilation exigent','Activer le niveau d’avertissement et d’erreur le plus élevé du compilateur et de l’éditeur de liens afin de s’assurer de l’absence de problèmes potentiels liés à l’utilisation incorrecte du langage de programmation et traiter tous les avertissements et toutes les erreurs signalés par le compilateur et l’éditeur de liens pour les éliminer.',NULL,NULL,NULL,NULL,'101','210','1.d');
INSERT INTO `O_regle` VALUES ('9941','8','RECOMMANDATION — Utiliser les options des compilations les plus exigentes','Si une option élevée d’un compilateur n’apparaît pas pertinente pour un développement donné, une justification sera fournie pour expliquer ce choix.',NULL,NULL,NULL,NULL,'101','210','1.d');
INSERT INTO `O_regle` VALUES ('9942','9','RÈGLE — Tout code mis en production doit être compilé en mode release','La compilation en mode release est obligatoire pour une mise en production.',NULL,NULL,NULL,NULL,'101','210','1.d');
INSERT INTO `O_regle` VALUES ('9943','10','RECOMMANDATION — Prêter une attention particulière aux modes debug et release lors de la compilation','L’utilisation des modes debug et release à la compilation doit se faire en toute connaissance des modifications induites en terme de gestion de mémoire et d’optimisation de code. Les différences entre ces deux modes doivent être documentées de manière exhaustive.',NULL,NULL,NULL,NULL,'101','210','1.d');
INSERT INTO `O_regle` VALUES ('9944','11','RECOMMANDATION — Limiter et justifier les inclusions de fichier d''en-tête dans un autre fichier d''en','Vide',NULL,NULL,NULL,NULL,'101','210','1.d');
INSERT INTO `O_regle` VALUES ('9945','12','RECOMMANDATION — Limiter et justifier les inclusions de fichier d''en-tête dans un autre fichier d''en','Vide',NULL,NULL,NULL,NULL,'101','210','1.d');
INSERT INTO `O_regle` VALUES ('9946','13','RÈGLE — Utiliser des macros de garde d''inclusion multiple d''un fichier','Une macro de garde contre l’inclusion multiple d’un fichier doit être utilisée afin d’empêcher que le contenu d’un fichier d’en-tête soit inclus plus d’une fois :\n// début du fichier d''en -tête\n#ifndef HEADER_H\n#define HEADER_H\n/* contenu du fichier */\n#endif\n//fin du fichier d''en -tête',NULL,NULL,NULL,NULL,'101','210','1.d');
INSERT INTO `O_regle` VALUES ('9947','14','RÈGLE — Les inclusions de fichiers d''en-tête sont groupées en début de fichier','Toutes les inclusions de fichiers d’en-tête doivent être regroupées au début du fichier ou juste après des commentaires ou les directives de preprocessing, mais systématiquement avant la définition de variables globales ou de fonctions.',NULL,NULL,NULL,NULL,'101','210','1.d');
INSERT INTO `O_regle` VALUES ('9948','15','RECOMMANDATION — Les inclusions de fichiers d''en-tête systèmes sont effectuées avant les inclusions ','Vide',NULL,NULL,NULL,NULL,'101','210','1.d');
INSERT INTO `O_regle` VALUES ('9949','16','BONNE PRATIQUE — Utiliser l''ordre alphabétique dans l''inclusion de chaque type de fichiers d''en-tête','Pour éviter les redondances dans les inclusions de fichiers d’en-tête systèmes ou utilisateur, le développeur peut les ordonner par ordre alphabétique ce qui permet d’avoir un ordre d’inclusion déterministe et de faciliter la revue de code.',NULL,NULL,NULL,NULL,'101','210','1.d');
INSERT INTO `O_regle` VALUES ('9950','17','RÈGLE — Ne pas inclure un fichier source dans un autre fichier source','Seule l’inclusion de fichiers d’en-tête est autorisée dans un fichier source.',NULL,NULL,NULL,NULL,'101','210','1.d');
INSERT INTO `O_regle` VALUES ('9951','18','RÈGLE — Les chemins des fichiers doivent être portables et la casse doit être respectée','Les chemins de fichiers, que ce soit pour une directive d’inclusion #include ou non, doivent être portables tout en respectant la casse des répertoires.',NULL,NULL,NULL,NULL,'101','210','1.d');
INSERT INTO `O_regle` VALUES ('9952','19','RÈGLE — Le nom d''un fichier d''en-tête ne doit pas contenir certains caractères ou séquences de carac','Le nom d’un fichier d’en-tête doit être exempt des caractères et des séquences de caractères suivants : « '', ", \\, /* et // ».',NULL,NULL,NULL,NULL,'101','210','1.d');
INSERT INTO `O_regle` VALUES ('9953','20','RECOMMANDATION — Les blocs préprocesseurs doivent être commentés','Les directives des blocs préprocesseurs doivent être commentées afin d’expliciter le cas traité et pour les directives « intermédiaires » et « fermantes », celles-ci doivent aussi être associées à la directive « ouvrante » correspondante par le biais d’un commentaire.',NULL,NULL,NULL,NULL,'101','210','1.d');
INSERT INTO `O_regle` VALUES ('9954','21','BONNE PRATIQUE — La double négation dans l''expression des conditions des blocs préprocesseurs doit ê','Vide',NULL,NULL,NULL,NULL,'101','210','1.d');
INSERT INTO `O_regle` VALUES ('9955','22','RÈGLE — Définition d''un bloc préprocesseur dans un seul et même fichier','Pour un bloc préprocesseur, toutes les directives associées doivent se trouver dans le même fichier.',NULL,NULL,NULL,NULL,'101','210','1.d');
INSERT INTO `O_regle` VALUES ('9956','23','RECOMMANDATION — Les expressions de contrôle des directives de preprocessing doivent être bien formé','Les expressions de contrôle doivent être évaluées uniquement à 0 ou 1 et doivent utiliser uniquement des identifiants définis (via #define).',NULL,NULL,NULL,NULL,'101','210','1.d');
INSERT INTO `O_regle` VALUES ('9957','24','RÈGLE — Ne pas utiliser dans une même expression plus d''un des opérateurs de preprocessing # et ##','Vide',NULL,NULL,NULL,NULL,'101','210','1.d');
INSERT INTO `O_regle` VALUES ('9958','25','RÈGLE — Utiliser les opérateurs de preprocessing # et ## en maîtrisant leur expansion','Vide',NULL,NULL,NULL,NULL,'101','210','1.d');
INSERT INTO `O_regle` VALUES ('9959','26','RÈGLE — Les macros doivent être nommées de façon spécifique','Pour différencier aisément les macros des fonctions et ne pas utiliser un nom réservé d’une autre macro C, les macros préprocesseurs doivent être en capitales et les mots composant le nom séparés par le caractère souligné « _ » mais sans les faire débuter par le caractère souligné car il s’agit d’une convention pour les noms réservés du langage C.',NULL,NULL,NULL,NULL,'101','210','1.d');
INSERT INTO `O_regle` VALUES ('9960','27','RÈGLE — Ne pas terminer une macro par un point-virgule','Le point-virgule final doit être omis à la fin de la définition d’une macro.',NULL,NULL,NULL,NULL,'101','210','1.d');
INSERT INTO `O_regle` VALUES ('9961','28','Le point-virgule final doit être omis à la fin de la définition d’une macro.','Vide',NULL,NULL,NULL,NULL,'101','210','1.d');
INSERT INTO `O_regle` VALUES ('9962','29','RÈGLE — L''expansion d''une macro définie par le développeur ne doit pas créer de fonction','Vide',NULL,NULL,NULL,NULL,'101','210','1.d');
INSERT INTO `O_regle` VALUES ('9963','30','RÈGLE — Les macros contenant plusieurs instructions doivent utiliser une boucle do { ... } while(0) ','Vide',NULL,NULL,NULL,NULL,'101','210','1.d');
INSERT INTO `O_regle` VALUES ('9964','31','RÈGLE — Parenthèses obligatoires autour des paramètres utilisés dans le corps d''une macro','Les paramètres d’une macro doivent systématiquement être entourés de parenthèses lors de leur utilisation, afin de préserver l’ordre souhaité d’évaluation des expressions.',NULL,NULL,NULL,NULL,'101','210','1.d');
INSERT INTO `O_regle` VALUES ('9965','32','RECOMMANDATION — Il faut éviter les arguments d''une macro réalisant une opération','Vide',NULL,NULL,NULL,NULL,'101','210','1.d');
INSERT INTO `O_regle` VALUES ('9966','33','RÈGLE — Les arguments d''une macro ne doivent pas contenir d''effets de bord.','Des arguments de macro avec des effets de bord peuvent entraîner des évaluations multiples non désirées.',NULL,NULL,NULL,NULL,'101','210','1.d');
INSERT INTO `O_regle` VALUES ('9967','34','RÈGLE — Ne pas utiliser de directives de preprocessing en arguments d''une macro','Vide',NULL,NULL,NULL,NULL,'101','210','1.d');
INSERT INTO `O_regle` VALUES ('9968','35','RÈGLE — La directive #undef ne doit pas être utilisée','Vide',NULL,NULL,NULL,NULL,'101','210','1.d');
INSERT INTO `O_regle` VALUES ('9969','36','RÈGLE — Ne pas utiliser de trigraphes','Vide',NULL,NULL,NULL,NULL,'101','210','1.d');
INSERT INTO `O_regle` VALUES ('9970','37','RECOMMANDATION — Les points d''interrogation ne doivent pas être utilisés de façon successive','Cette règle s’applique pour toute partie du code mais aussi pour les commentaires.',NULL,NULL,NULL,NULL,'101','210','1.d');
INSERT INTO `O_regle` VALUES ('9971','38','RECOMMANDATION — Seules les déclarations multiples de variables simples de même type sont autorisées','Vide',NULL,NULL,NULL,NULL,'101','210','1.d');
INSERT INTO `O_regle` VALUES ('9972','39','RÈGLE — Ne pas faire de déclaration multiple de variables associée à une initialisation.','Les initialisations associées (i.e. consécutives et dans une même instruction) à une déclaration multiple sont interdites.',NULL,NULL,NULL,NULL,'101','210','1.d');
INSERT INTO `O_regle` VALUES ('9973','40','RECOMMANDATION — Regrouper les déclarations de variables en début du bloc dans lequel elles sont uti','Pour des questions de lisibilité et pour éviter les redéfinitions, les déclarations de variables sont regroupées en début de fichier, fonction ou bloc d’instructions selon leur portée.',NULL,NULL,NULL,NULL,'101','210','1.d');
INSERT INTO `O_regle` VALUES ('9974','41','RÈGLE — Ne pas utiliser des valeurs en dur','Les valeurs utilisées dans le code doivent être déclarées comme des constantes.',NULL,NULL,NULL,NULL,'101','210','1.d');
INSERT INTO `O_regle` VALUES ('9975','42','BONNE PRATIQUE — Centraliser la déclaration des constantes en début de fichier','Pour faciliter la lecture, les constantes sont déclarées ensemble en début du fichier.',NULL,NULL,NULL,NULL,'101','210','1.d');
INSERT INTO `O_regle` VALUES ('9976','43','RÈGLE — Déclarer les constantes en capitales','Vide',NULL,NULL,NULL,NULL,'101','210','1.d');
INSERT INTO `O_regle` VALUES ('9977','44','RÈGLE — Les constantes sans contrôle de type sont déclarées avec la macro préprocesseur de définitio','Vide',NULL,NULL,NULL,NULL,'101','210','1.d');
INSERT INTO `O_regle` VALUES ('9978','45','RÈGLE — Les constantes avec un contrôle de type explicite doivent être déclarées avec le mot clé con','Vide',NULL,NULL,NULL,NULL,'101','210','1.d');
INSERT INTO `O_regle` VALUES ('9979','46','RÈGLE — Les valeurs constantes doivent être associées à un suffixe dépendant du type','Pour éviter toute mauvaise interprétation, les valeurs constantes doivent utiliser un suffixe selon leurs types :\n il faut utiliser le suffixe U pour toutes les constantes de type entier non signé ; \n pour indiquer une constante de type long (ou long long pour C99), il faut utiliser le suffixe L (resp. LL) et non l (resp. ll) afin d’éviter toute ambiguïté avec le chiffre 1 ;\n les valeurs flottantes sont par défaut considérées comme double, il faut utiliser le suffixe f pour le type float (resp. d pour le type double).',NULL,NULL,NULL,NULL,'101','210','1.d');
INSERT INTO `O_regle` VALUES ('9980','47','RÈGLE — La taille du type associé à une expression constante doit être suffisante pour la contenir','Il faut s’assurer que les valeurs ou expressions constantes utilisées ne dépassent pas du type qui leur est associé.',NULL,NULL,NULL,NULL,'101','210','1.d');
INSERT INTO `O_regle` VALUES ('9981','48','RECOMMANDATION — Proscrire les constantes en octal','Ne pas utiliser de constante ni de séquence d’échappement en octal.',NULL,NULL,NULL,NULL,'101','210','1.d');
INSERT INTO `O_regle` VALUES ('9982','49','RÈGLE — Limiter les variables globales au strict nécessaire','Limiter l’usage des variables globales et préférer les paramètres de fonctions pour propager une structure de données au travers d’une application.',NULL,NULL,NULL,NULL,'101','210','1.d');
INSERT INTO `O_regle` VALUES ('9983','50','RÈGLE — Utilisation systématique du modificateur de déclaration static','Utiliser le mot clef static pour toutes les fonctions et variables globales qui ne sont pas utilisées à l’extérieur du fichier source dans lequel elles sont définies.',NULL,NULL,NULL,NULL,'101','210','1.d');
INSERT INTO `O_regle` VALUES ('9984','51','RÈGLE — Seules les variables modifiables en dehors de l''implémentation doivent être déclarées volati','Seules les variables associées à des ports entrée/sortie ou des fonctions d’interruption asynchrone doivent être déclarées comme volatile pour empêcher toute optimisation ou réorganisation à la compilation.',NULL,NULL,NULL,NULL,'101','210','1.d');
INSERT INTO `O_regle` VALUES ('9985','52','RÈGLE — Seuls des pointeurs spécifiés volatile peuvent accéder à des variables volatile','Vide',NULL,NULL,NULL,NULL,'101','210','1.d');
INSERT INTO `O_regle` VALUES ('9986','53','RÈGLE — Aucune omission de type n''est acceptée lors de la déclaration d''une variable','Toutes les variables utilisées doivent avoir été préalablement déclarées de façon explicite.',NULL,NULL,NULL,NULL,'101','210','1.d');
INSERT INTO `O_regle` VALUES ('9987','54','RECOMMANDATION — Limiter l''utilisation des compound literals','Du fait du risque de mauvaise manipulation des compound literals, leur utilisation doit être limitée, documentée et une attention particulière doit être donnée à leur portée.',NULL,NULL,NULL,NULL,'101','210','1.d');
INSERT INTO `O_regle` VALUES ('9988','55','RÈGLE — Ne pas mélanger des constantes explicites et implicites dans une énumération','Il faut soit expliciter toutes les constantes d’une énumération avec une valeur unique soit n’en expliciter aucune.',NULL,NULL,NULL,NULL,'101','210','1.d');
INSERT INTO `O_regle` VALUES ('9989','56','RÈGLE — Ne pas utiliser des énumérations anonymes','Vide',NULL,NULL,NULL,NULL,'101','210','1.d');
INSERT INTO `O_regle` VALUES ('9990','57','RECOMMANDATION — Les variables doivent être initialisées à la déclaration ou immédiatement après','Toutes les variables doivent être systématiquement initialisées à leur déclaration ou immédiatement après dans le cas de déclarations multiples.',NULL,NULL,NULL,NULL,'101','210','1.d');
INSERT INTO `O_regle` VALUES ('9991','58','RÈGLE — Ne pas mélanger les différents types d''initialisation pour les variables structurées','Pour l’initialisation d’une variable structurée, un seul et unique type d’initialisation doit être choisi et utilisé.',NULL,NULL,NULL,NULL,'101','210','1.d');
INSERT INTO `O_regle` VALUES ('9992','59','RÈGLE — Les variables structurées ne doivent pas être initialisées sans expliciter la valeur d''initi','Les variables non scalaires doivent être initialisées explicitement : chaque élément doit être initialisé en étant clairement identifié sans valeur d’initialisation superflue ou la notation ={0} ; peut être utilisée à la déclaration. Enfin les tailles des tableaux doivent être explicitées à l’initialisation.',NULL,NULL,NULL,NULL,'101','210','1.d');
INSERT INTO `O_regle` VALUES ('9993','60','RECOMMANDATION — Chaque déclaration publique (non static) doit être utilisée','Toutes les déclarations publiques (i.e. non static) doivent être utilisées, qu’il s’agissede variables, fonctions, labels ou autres.',NULL,NULL,NULL,NULL,'101','210','1.d');
INSERT INTO `O_regle` VALUES ('9994','61','RÈGLE — Utiliser des variables pour les données sensibles distinctes des variables pour les données ','Vide',NULL,NULL,NULL,NULL,'101','210','1.d');
INSERT INTO `O_regle` VALUES ('9995','62','RÈGLE — Utiliser des variables pour les données sensibles et protégées en confidentialité et/ou inté','Vide',NULL,NULL,NULL,NULL,'101','210','1.d');
INSERT INTO `O_regle` VALUES ('9996','63','RÈGLE — Ne jamais coder en dur une donnée sensible.','Vide',NULL,NULL,NULL,NULL,'101','210','1.d');
INSERT INTO `O_regle` VALUES ('9997','64','RECOMMANDATION — Seuls des types d''entiers dont la taille et le signe sont explicites doivent être u','Vide',NULL,NULL,NULL,NULL,'101','210','1.d');
INSERT INTO `O_regle` VALUES ('9998','65','RÈGLE — Seuls les types signed char et unsigned char doivent être utilisés.','Vide',NULL,NULL,NULL,NULL,'101','210','1.d');
INSERT INTO `O_regle` VALUES ('9999','66','RECOMMANDATION — Ne pas redéfinir des alias de types','Vide',NULL,NULL,NULL,NULL,'101','210','1.d');
INSERT INTO `O_regle` VALUES ('10000','67','RÈGLE — Compréhension fine et précise des règles de conversions','Le développeur se doit de connaître et comprendre toutes les règles de conversionimplicites des types entiers.',NULL,NULL,NULL,NULL,'101','210','1.d');
INSERT INTO `O_regle` VALUES ('10001','68','RÈGLE — Conversions explicites entre des types signés et non signés','Proscrire les conversions implicites de types. Utiliser des conversions explicites notamment entre type signé et type non signé.',NULL,NULL,NULL,NULL,'101','210','1.d');
INSERT INTO `O_regle` VALUES ('10002','69','RECOMMANDATION — Ne pas utiliser de transtypage de pointeurs sur des types structurés différents','Vide',NULL,NULL,NULL,NULL,'101','210','1.d');
INSERT INTO `O_regle` VALUES ('10003','70','RÈGLE — L''accès aux éléments d''un tableau se fera toujours en désignant en premier attribut le table','L’accès au ième élément d’un tableau s’écrira toujours avec le nom du tableau en premier suivi de l’indice de la case à atteindre.',NULL,NULL,NULL,NULL,'101','210','1.d');
INSERT INTO `O_regle` VALUES ('10004','71','RECOMMANDATION — L''accès aux éléments d''un tableau doit se faire en utilisant les crochets','Dans le cas d’une variable de type tableau, la notation dédiée (via les crochets) doit être utilisée pour éviter toute ambiguïté.',NULL,NULL,NULL,NULL,'101','210','1.d');
INSERT INTO `O_regle` VALUES ('10005','72','RÈGLE — Ne pas utiliser de VLA','Vide',NULL,NULL,NULL,NULL,'101','210','1.d');
INSERT INTO `O_regle` VALUES ('10006','73','RECOMMANDATION — Ne pas utiliser de taille implicite pour les tableaux','Afin de s’assurer que les accès tableaux sont bien valides, la taille de ceux-ci doit être explicitée.',NULL,NULL,NULL,NULL,'101','210','1.d');
INSERT INTO `O_regle` VALUES ('10007','74','RÈGLE — Utiliser des entiers non signés pour les tailles de tableaux','Vide',NULL,NULL,NULL,NULL,'101','210','1.d');
INSERT INTO `O_regle` VALUES ('10008','75','RÈGLE — Ne pas accèder à un élément de tableau sans vérifier la validité de l''indice utilisé','La validité des indices de tableau utilisés doit être vérifié de façon systématique : un indice de tableau est valide s’il est supérieur ou égal à zéro et strictement inférieur à la taille déclarée du tableau. Dans le cas d’un tableau de caractères, le caractère de fin de chaine ’\\0’ doit être pris en compte.',NULL,NULL,NULL,NULL,'101','210','1.d');
INSERT INTO `O_regle` VALUES ('10009','76','RÈGLE — Un pointeur NULL ne doit pas être déréférencé','Avant de déréférencer un pointeur, le développeur doit s’assurer que celui-ci n’est pas NULL.',NULL,NULL,NULL,NULL,'101','210','1.d');
INSERT INTO `O_regle` VALUES ('10010','77','RÈGLE — Un pointeur doit être affecté à NULL après désallocation','Un pointeur doit être systématiquement affecté à NULL suite à la désallocation de la mémoire qu’il pointe.',NULL,NULL,NULL,NULL,'101','210','1.d');
INSERT INTO `O_regle` VALUES ('10011','78','RÈGLE — Ne pas utiliser le qualificateur de pointeur restrict','Le qualificateur restrict ne doit pas être utilisé directement par le développeur. Seule l’utilisation indirecte i.e. via l’appel de fonctions de la bibliothèque standard est tolérée mais le développeur devra s’assurer qu’aucun comportement indéfini résultera de l’utilisation de telles fonctions.',NULL,NULL,NULL,NULL,'101','210','1.d');
INSERT INTO `O_regle` VALUES ('10012','79','RECOMMANDATION — Le nombre de niveau d''indirections de pointeur doit être limité à deux','Le nombre d’indirections pour un pointeur ne doit pas dépasser deux niveaux.',NULL,NULL,NULL,NULL,'101','210','1.d');
INSERT INTO `O_regle` VALUES ('10013','80','RECOMMANDATION — Préférer l''utilisation de l''opérateur d''indirection ->','L’opérateur d’indirection -> doit être utilisé pour atteindre les champs d’une structure par l’intermédiaire d’un pointeur.',NULL,NULL,NULL,NULL,'101','210','1.d');
INSERT INTO `O_regle` VALUES ('10014','81','RÈGLE — Seul l''incrément ou le décrément de pointeurs de tableaux est autorisé','L’incrément ou le décrément de pointeurs ne doit être utilisé que sur des pointeurs représentant un tableau ou un élément d’un tableau.',NULL,NULL,NULL,NULL,'101','210','1.d');
INSERT INTO `O_regle` VALUES ('10015','82','RÈGLE — Aucune arithmétique sur les pointeurs void* n''est autorisée','Il faut proscrire l’utilisation de toute arithmétique sur des pointeurs de type void*.',NULL,NULL,NULL,NULL,'101','210','1.d');
INSERT INTO `O_regle` VALUES ('10016','83','RECOMMANDATION — Arithmétique des pointeurs sur tableaux contrôlée','L’arithmétique sur des pointeurs représentant un tableau ou un élément d’un tableau doit être faite en s’assurant que le pointeur résultant pointera toujours sur un élément du même tableau.',NULL,NULL,NULL,NULL,'101','210','1.d');
INSERT INTO `O_regle` VALUES ('10017','84','RÈGLE — Soustraction et comparaison entre pointeurs d''un même tableau uniquement','Seules les soustractions et comparaisons de pointeurs sur un même tableau sont autorisés.',NULL,NULL,NULL,NULL,'101','210','1.d');
INSERT INTO `O_regle` VALUES ('10018','85','RECOMMANDATION — Il ne faut pas affecter directement une adresse fixe à un pointeur.','Vide',NULL,NULL,NULL,NULL,'101','210','1.d');
INSERT INTO `O_regle` VALUES ('10019','86','RÈGLE — Une structure doit être utilisée pour regrouper les données représentant une même entité','Les données liées doivent être regroupées au sein d’une structure.',NULL,NULL,NULL,NULL,'101','210','1.d');
INSERT INTO `O_regle` VALUES ('10020','87','RÈGLE — Ne pas calculer la taille d''une structure comme la somme de la taille de ses champs','Du fait du padding, la taille d’une structure ne doit pas être supposée comme la somme de la taille de ses champs.',NULL,NULL,NULL,NULL,'101','210','1.d');
INSERT INTO `O_regle` VALUES ('10021','88','RÈGLE — Tout bitfield doit obligatoirement être déclaré explicitement comme non signé','Vide',NULL,NULL,NULL,NULL,'101','210','1.d');
INSERT INTO `O_regle` VALUES ('10022','89','RÈGLE — Ne pas faire d''hypothèse sur la représentation interne de structures avec des bitfields','Vide',NULL,NULL,NULL,NULL,'101','210','1.d');
INSERT INTO `O_regle` VALUES ('10023','90','RÈGLE — Ne pas utiliser les FAM','Vide',NULL,NULL,NULL,NULL,'101','210','1.d');
INSERT INTO `O_regle` VALUES ('10024','91','RECOMMANDATION — Ne pas utiliser les unions','L’utilisation du même espace mémoire pour plusieurs données de natures différentes n’est pas autorisée.',NULL,NULL,NULL,NULL,'101','210','1.d');
INSERT INTO `O_regle` VALUES ('10025','92','RÈGLE — Supprimer tous les débordements de valeurs possibles pour des entiers signés.','Vide',NULL,NULL,NULL,NULL,'101','210','1.d');
INSERT INTO `O_regle` VALUES ('10026','93','RECOMMANDATION — Détecter tous les wraps possibles de valeurs pour les entiers non signés.','vide',NULL,NULL,NULL,NULL,'101','210','1.d');
INSERT INTO `O_regle` VALUES ('10027','94','RÈGLE — Détecter et supprimer toute potentielle division par zéro','Cette vérification doit être systématique pour tout calcul de division ou de reste de division.',NULL,NULL,NULL,NULL,'101','210','1.d');
INSERT INTO `O_regle` VALUES ('10028','95','RECOMMANDATION — Les opérations arithmétiques doivent être écrites en favorisant leur lisibilité','Il faut utiliser des opérations arithmétiques le plus explicites possibles (naturelles) et dans la logique du programme.',NULL,NULL,NULL,NULL,'101','210','1.d');
INSERT INTO `O_regle` VALUES ('10029','96','RECOMMANDATION — Les opérateurs logiques ne doivent pas être appliqués avec des opérandes signés','Vide',NULL,NULL,NULL,NULL,'101','210','1.d');
INSERT INTO `O_regle` VALUES ('10030','97','RÈGLE — Explicitation de l''ordre d''évaluation des calculs par utilisation de parenthèses','Malgré la priorité des opérateurs, pour éviter toute ambiguïté, les expressions seront entourées de parenthèses pour rendre plus explicite l’ordre d’évaluation d’un calcul.',NULL,NULL,NULL,NULL,'101','210','1.d');
INSERT INTO `O_regle` VALUES ('10031','98','RECOMMANDATION — Eviter les expressions de comparaison ou d''égalité multiple','Vide',NULL,NULL,NULL,NULL,'101','210','1.d');
INSERT INTO `O_regle` VALUES ('10032','99','RÈGLE — Toujours utiliser les parenthèses dans les expressions de comparaison ou d''égalité multiple','Les expressions booléennes de comparaison ou d’égalité contenant au moins 2 opérateurs relationnels sont interdites sans parenthèse.',NULL,NULL,NULL,NULL,'101','210','1.d');
INSERT INTO `O_regle` VALUES ('10033','100','RÈGLE — Parenthèses autour des éléments d''une expression booléenne','Il est nécessaire de toujours mettre entre parenthèses les différents éléments d’une expression booléenne, afin qu’il n’y ait aucune ambiguïté dans l’ordre d’évaluation.',NULL,NULL,NULL,NULL,'101','210','1.d');
INSERT INTO `O_regle` VALUES ('10034','101','RÈGLE — Comparaison implicite avec 0 interdite','Toutes les expressions booléennes doivent utiliser des opérateurs de comparaison. Aucun test implicite avec une valeur égale à 0 ou différente de 0 ne doit être effectué.',NULL,NULL,NULL,NULL,'101','210','1.d');
INSERT INTO `O_regle` VALUES ('10035','102','RECOMMANDATION — Utilisation du type bool en C99','En C99, le type bool (ou _Bool) doit être utilisé pour les variables à valeurs booléennes.',NULL,NULL,NULL,NULL,'101','210','1.d');
INSERT INTO `O_regle` VALUES ('10036','103','RÈGLE — Pas d''opérateur bit-à-bit sur un opérande de type booléen ou assimilé','Vide',NULL,NULL,NULL,NULL,'101','210','1.d');
INSERT INTO `O_regle` VALUES ('10037','104','BONNE PRATIQUE — Ne pas utiliser la valeur retournée lors d''une affectation','Vide',NULL,NULL,NULL,NULL,'101','210','1.d');
INSERT INTO `O_regle` VALUES ('10038','105','RÈGLE — Affectation interdite dans une expression booléenne','Une affectation ne doit pas être effectuée dans une expression booléenne quelle qu’elle soit. Une affectation doit être effectuée dans une instruction indépendante.',NULL,NULL,NULL,NULL,'101','210','1.d');
INSERT INTO `O_regle` VALUES ('10039','106','BONNE PRATIQUE — Comparaison avec opérande constant à gauche','Quand une comparaison fait intervenir un opérande constant celui-ci sera de préférence mis comme opérande gauche pour éviter une affectation non intentionnelle.',NULL,NULL,NULL,NULL,'101','210','1.d');
INSERT INTO `O_regle` VALUES ('10040','107','RÈGLE — Affectation multiple de variables interdite','L’affectation multiple de variables n’est pas autorisée.',NULL,NULL,NULL,NULL,'101','210','1.d');
INSERT INTO `O_regle` VALUES ('10041','108','RÈGLE — Une seule instruction par ligne de code','Vide',NULL,NULL,NULL,NULL,'101','210','1.d');
INSERT INTO `O_regle` VALUES ('10042','108','BONNE PRATIQUE — Éviter les constantes flottantes','Ne pas utiliser de constantes numériques flottantes pour éviter les pertes de précision et autres phénomènes liés aux nombres flottants. Si cela ne peut être évité, la représentativité de la valeur flottante en question doit être vérifiée.',NULL,NULL,NULL,NULL,'101','210','1.d');
INSERT INTO `O_regle` VALUES ('10043','110','RECOMMANDATION — Limiter l''utilisation des nombres flottants au strict nécessaire','Il faut limiter l’utilisation des nombres flottants.',NULL,NULL,NULL,NULL,'101','210','1.d');
INSERT INTO `O_regle` VALUES ('10044','111','RÈGLE — Pas de compteur de boucle de type flottant','Les compteurs de boucle doivent être uniquement de type entier, avec la vérification de non débordement de type des valeurs des compteurs.',NULL,NULL,NULL,NULL,'101','210','1.d');
INSERT INTO `O_regle` VALUES ('10045','112','RÈGLE — Ne pas utiliser de nombres flottants pour des comparaisons d''égalité ou d''inégalité','Vide',NULL,NULL,NULL,NULL,'101','210','1.d');
INSERT INTO `O_regle` VALUES ('10046','113','RECOMMANDATION — Non utilisation des nombres complexes','Les nombres complexes introduits depuis C99 ne doivent pas être utilisés.',NULL,NULL,NULL,NULL,'101','210','1.d');
INSERT INTO `O_regle` VALUES ('10047','114','RÈGLE — Utilisation systématique des accolades pour les conditionnelles et les boucles','Ne jamais omettre les accolades pour délimiter un bloc d’instructions. Les accolades doivent être écrites pour délimiter un bloc d’instructions après les boucles (for, while, do) et les conditionnelles (if, else).',NULL,NULL,NULL,NULL,'101','210','1.d');
INSERT INTO `O_regle` VALUES ('10048','115','RÈGLE — Définition systématique d''un cas par défaut dans les switch','Un switch-case doit toujours contenir un cas default placé en dernier.',NULL,NULL,NULL,NULL,'101','210','1.d');
INSERT INTO `O_regle` VALUES ('10049','116','RECOMMANDATION — Utilisation de break dans chaque cas des instructions switch','Un switch-case doit par défaut toujours contenir un break pour chaque cas. L’absence de break pour éviter de dupliquer du code est tolérée mais doit être explicitée dans un commentaire.',NULL,NULL,NULL,NULL,'101','210','1.d');
INSERT INTO `O_regle` VALUES ('10050','117','RECOMMANDATION — Pas d''imbrication de structure de contrôle dans un switch-case',' Même si le C l’autorise, l’imbrication de structures de contrôle à l’intérieur d’un switch est à éviter.',NULL,NULL,NULL,NULL,'101','210','1.d');
INSERT INTO `O_regle` VALUES ('10051','118','RÈGLE — Ne pas introduire d''instructions avant le premier label d''un switch-case','Vide',NULL,NULL,NULL,NULL,'101','210','1.d');
INSERT INTO `O_regle` VALUES ('10052','119','RÈGLE — Bonne construction des boucles for','Chaque élément d’une boucle for doit être complété et contenir exactement une seule instruction. Ainsi une boucle for doit contenir une initialisation de son compteur, une condition d’arrêt portant sur son compteur, et une incrémentation ou décrémentation du compteur de boucle.',NULL,NULL,NULL,NULL,'101','210','1.d');
INSERT INTO `O_regle` VALUES ('10053','120','RÈGLE — Modification d''un compteur d''une boucle for interdite dans le corps de la boucle','Le compteur d’une boucle for ne doit pas être modifié à l’intérieur du corps de la boucle for.',NULL,NULL,NULL,NULL,'101','210','1.d');
INSERT INTO `O_regle` VALUES ('10054','121','RÈGLE — Non utilisation de goto arrière (backward goto)','Proscrire, au sein d’une fonction, l’utilisation d’instructions goto renvoyant vers un label qui est placé avant cette instruction goto.',NULL,NULL,NULL,NULL,'101','210','1.d');
INSERT INTO `O_regle` VALUES ('10055','122','RECOMMANDATION — Utilisation limitée du saut avant (forward goto)','L’utilisation d’un forward goto est tolérée uniquement dans les cas où elle permet :\n de limiter significativement le nombre de points de sortie de la fonction ;\n de rendre le code beaucoup plus lisible.\nLe ou les labels référencés par les instructions goto doivent tous être situés en fin de fonction.',NULL,NULL,NULL,NULL,'101','210','1.d');
INSERT INTO `O_regle` VALUES ('10056','123','RÈGLE — Toute fonction (non static) définie doit possèder une déclaration/ prototype de fonction','Vide',NULL,NULL,NULL,NULL,'101','210','1.d');
INSERT INTO `O_regle` VALUES ('10057','124','RÈGLE — Le prototype de déclaration d''une fonction doit concorder avec sa définition','Les types des paramètres utilisés pour la définition et la déclaration d’une fonction doivent être les mêmes.',NULL,NULL,NULL,NULL,'101','210','1.d');
INSERT INTO `O_regle` VALUES ('10058','125','RÈGLE — Toute fonction doit être associée à un type de retour et à une liste de paramètres explicite','Chaque fonction est définie explicitement avec un type de retour. Les fonctions sans valeur de retour doivent être déclarées avec un paramètre du type void. De la même façon, une fonction sans paramètre devra être définie et déclarée avec void en argument.',NULL,NULL,NULL,NULL,'101','210','1.d');
INSERT INTO `O_regle` VALUES ('10059','126','RECOMMANDATION — Documentation des fonctions','Tous les fonctions doivent être documentées. Cela comprend :\nn une description de la fonction et du traitement effectué ;\n la documentation de chaque paramètre, le sens du paramètre (en entrée, en sortie, en entrée et en sortie) et les éventuelles conditions existant sur celui-ci ;\n les valeurs de retour possibles doivent être décrites.',NULL,NULL,NULL,NULL,'101','210','1.d');
INSERT INTO `O_regle` VALUES ('10060','127','RECOMMANDATION — Préciser les conditions d''appel pour chaque fonction','Vide',NULL,NULL,NULL,NULL,'101','210','1.d');
INSERT INTO `O_regle` VALUES ('10061','128','RÈGLE — La validité de tous les paramètres d''une fonction doit systématiquement être remise en cause','Cela inclut :\n la validité des adresses pour les paramètres de type pointeur doit être vérifiée (non , alignement des adresses conforme...) ;\n l’appartenance des paramètres à leur domaine doit être vérifiée.\nCela s’applique aux fonctions définies par le développeur (cf. section 12.2) mais aussi aux fonctions de la bibliothèque standard.',NULL,NULL,NULL,NULL,'101','210','1.d');
INSERT INTO `O_regle` VALUES ('10062','129','RÈGLE — Les paramètres de fonction de type pointeur pour lesquels la zone mémoire pointée n''est pas ','Marquer const tous les paramètres de type pointeur d’une fonction qui pointent vers une zone mémoire qui ne doit pas être modifiée dans le corps de celle-ci. Le qualificateur const doit s’appliquer à l’objet pointé.',NULL,NULL,NULL,NULL,'101','210','1.d');
INSERT INTO `O_regle` VALUES ('10063','130','RÈGLE — Les fonctions inline doivent être déclarées comme static','Pour éviter un comportement non défini une fonction inline est systématiquement static.',NULL,NULL,NULL,NULL,'101','210','1.d');
INSERT INTO `O_regle` VALUES ('10064','131','RÈGLE — Interdiction de redéfinir les fonctions ou macros de la bibliothèque standard ou d''une autre','Les identifiants, macros ou noms de fonctions faisant partie de la bibliothèque standard ou d’une autre bibliothèque utilisée ne doivent pas être redéfinis.',NULL,NULL,NULL,NULL,'101','210','1.d');
INSERT INTO `O_regle` VALUES ('10065','132','RÈGLE — La valeur de retour d''une fonction doit toujours être testée','Lorsqu’une fonction retourne une valeur, la valeur retournée doit être systématiquement testée.',NULL,NULL,NULL,NULL,'101','210','1.d');
INSERT INTO `O_regle` VALUES ('10066','133','RÈGLE — Retour implicite interdit pour les fonctions de type non void','Tous les chemins d’une fonction non void doivent retourner une valeur explicitement.',NULL,NULL,NULL,NULL,'101','210','1.d');
INSERT INTO `O_regle` VALUES ('10067','134','RÈGLE — Les structures doivent être passées par référence à une fonction','Il ne faut pas passer de paramètres de type structure par copie lors de l’appel d’une fonction.',NULL,NULL,NULL,NULL,'101','210','1.d');
INSERT INTO `O_regle` VALUES ('10068','135','RECOMMANDATION — Passage d''un tableau en paramètre d''une fonction','Il existe plusieurs façons de passer un tableau en paramètre d’une fonction. Lors du passage par pointeur, il faut préciser dans la documentation de la fonction que le paramètre correspond à un tableau et également utiliser la notation dédiée aux tableaux.',NULL,NULL,NULL,NULL,'101','210','1.d');
INSERT INTO `O_regle` VALUES ('10069','136','RECOMMANDATION — Utilisation obligatoire dans une fonction de tous ses paramètres','Tous les paramètres présents dans le prototype de la fonction doivent être utilisés dans son implémentation.',NULL,NULL,NULL,NULL,'101','210','1.d');
INSERT INTO `O_regle` VALUES ('10070','137','BONNE PRATIQUE — Utiliser les options de compilation -Wformat=2 et -Wformat-security dès qu''une fonc','Plus de détails sur ces options sont données en annexe B.',NULL,NULL,NULL,NULL,'101','210','1.d');
INSERT INTO `O_regle` VALUES ('10071','138','RÈGLE — Ne pas appeler de fonctions variadiques avec NULL en argument','Vide',NULL,NULL,NULL,NULL,'101','210','1.d');
INSERT INTO `O_regle` VALUES ('10072','139','RÈGLE — Usage de la virgule interdit pour le séquencement d''instructions','La virgule n’est pas autorisée dans le cadre du séquencement des instructions decode.',NULL,NULL,NULL,NULL,'101','210','1.d');
INSERT INTO `O_regle` VALUES ('10073','140','RECOMMANDATION — Les opérateurs pré-fixes ++ et -- ne doivent pas être utilisés','Les opérateurs de pré-incrémentation et pré-decrémentation ne seront pas utilisés.',NULL,NULL,NULL,NULL,'101','210','1.d');
INSERT INTO `O_regle` VALUES ('10074','141','RECOMMANDATION — Pas d''utilisation combinée des opérateurs postfixes avec d''autres opérateurs','Les opérateurs de post-incrémentation et de post-décrémentation ne doivent pas être mixés avec d’autres opérateurs.',NULL,NULL,NULL,NULL,'101','210','1.d');
INSERT INTO `O_regle` VALUES ('10075','142','RECOMMANDATION — Éviter l''utilisation d''opérateurs d''affectation combinés','Vide',NULL,NULL,NULL,NULL,'101','210','1.d');
INSERT INTO `O_regle` VALUES ('10076','143','RÈGLE — Non utilisation imbriquée de l''opérateur ternaire ?:','L’imbrication d’opérateurs ternaires ?: est interdite.',NULL,NULL,NULL,NULL,'101','210','1.d');
INSERT INTO `O_regle` VALUES ('10077','144','RÈGLE — Bonne construction des expressions avec l''opérateur ternaire ?:','Les expressions résultantes de l’opérateur ternaire ?: doivent être exactement de même type pour éviter tout transtypage.',NULL,NULL,NULL,NULL,'101','210','1.d');
INSERT INTO `O_regle` VALUES ('10078','145','RÈGLE — Allouer dynamiquement un espace mémoire dont la taille est suffisante pour l''objet alloué','Pour un pointeur ptr, on préférera utiliser ptr=malloc(sizeof(*ptr)); quand cela est possible.',NULL,NULL,NULL,NULL,'101','210','1.d');
INSERT INTO `O_regle` VALUES ('10079','146','RÈGLE — Libérer la mémoire allouée dynamiquement au plus tôt','Tout espace mémoire alloué dynamiquement doit être libéré quand celui-ci n’est plus utile.',NULL,NULL,NULL,NULL,'101','210','1.d');
INSERT INTO `O_regle` VALUES ('10080','147','RÈGLE — Les zones mémoires sensibles doivent être mises à zéro avant d''être libérées.','Vide',NULL,NULL,NULL,NULL,'101','210','1.d');
INSERT INTO `O_regle` VALUES ('10081','148','RÈGLE — Ne pas libérer de mémoire non allouée dynamiquement','Vide',NULL,NULL,NULL,NULL,'101','210','1.d');
INSERT INTO `O_regle` VALUES ('10082','149','RÈGLE — Ne pas modifier l''allocation dynamique via realloc','Vide',NULL,NULL,NULL,NULL,'101','210','1.d');
INSERT INTO `O_regle` VALUES ('10083','150','RÈGLE — Bonne utilisation de l''opérateur sizeof','Une expression contenue dans un sizeof ne doit pas :\n contenir l’opérateur « = » car l’expression ne sera pas évaluée ; \n contenir de déréférencement de pointeur ;\n être appliqué sur un pointeur représentant un tableau.',NULL,NULL,NULL,NULL,'101','210','1.d');
INSERT INTO `O_regle` VALUES ('10084','151','RÈGLE — Vérification obligatoire du succès d''une allocation mémoire','Le succès d’une allocation mémoire doit toujours être vérifié.',NULL,NULL,NULL,NULL,'101','210','1.d');
INSERT INTO `O_regle` VALUES ('10085','152','RÈGLE — L''isolement des données sensibles doit être effectué','Contrôler le bon usage d’une zone mémoire stockant des données sensibles i.e. minimiser l’exposition en mémoire, minimiser la copie et effacer la/les zones ayant contenu les données sensibles au plus tôt.',NULL,NULL,NULL,NULL,'101','210','1.d');
INSERT INTO `O_regle` VALUES ('10086','153','RÈGLE — Initialiser et consulter la valeur de errno avant et après toute exécution d''une fonction de','Vide',NULL,NULL,NULL,NULL,'101','210','1.d');
INSERT INTO `O_regle` VALUES ('10087','154','RÈGLE — La gestion des erreurs retournées par une fonction de la bibliothèque standard doit être sys','Vide',NULL,NULL,NULL,NULL,'101','210','1.d');
INSERT INTO `O_regle` VALUES ('10088','155','RÈGLE — Documentation des codes d''erreur','Tous les codes d’erreur retournés par une fonction doivent être documentés. Dans le cas où plusieurs codes d’erreur peuvent être retournés en même temps par la fonction, la documentation doit définir la priorité de gestion de ces codes.',NULL,NULL,NULL,NULL,'101','210','1.d');
INSERT INTO `O_regle` VALUES ('10089','156','RECOMMANDATION — Structuration des codes de retour','Les codes de retour doivent être structurés de façon à pouvoir obtenir rapidement une information concernant le déroulement de la fonction appelée : \n erreur ; \n type d’erreur ; \n alarme ; \n type d’alarme ; \n ok ;',NULL,NULL,NULL,NULL,'101','210','1.d');
INSERT INTO `O_regle` VALUES ('10090','157','RÈGLE — Code de retour d''un programme C en fonction du résultat de son exécution','Le code de retour d’un programme C doit avoir une signification afin d’indiquer le bon déroulement du programme ou la survenue d’une erreur : \n la valeur du code de retour doit être comprise entre 0 et 127 ; \n la valeur 0 indique que le programme s’est exécuté sans erreur ;\n la valeur 2 est généralement utilisée sous Unix pour indiquer une erreur dans les arguments passés en paramètres au programme. \nLa signification des codes de retour du programme doit être indiquée dans sa documentation.',NULL,NULL,NULL,NULL,'101','210','1.d');
INSERT INTO `O_regle` VALUES ('10091','158','RECOMMANDATION — Privilégier les retours d''erreurs via des codes de retour dans la fonction principa','Un programme C doit disposer d’une fonction main() minimale. Les retours d’erreurs se font par un retour de code dédié (et donc documenté) de cette fonction.',NULL,NULL,NULL,NULL,'101','210','1.d');
INSERT INTO `O_regle` VALUES ('10092','159','RÈGLE — Ne pas utiliser les fonctions abort() ou _Exit()','Vide',NULL,NULL,NULL,NULL,'101','210','1.d');
INSERT INTO `O_regle` VALUES ('10093','160','RECOMMANDATION — Limiter les appels à exit()','Les appels à la fonction exit() doivent être commentés et non systématiques. Le développeur doit le plus souvent possible les remplacer par un retour de code d’erreur  dans la fonction principale.',NULL,NULL,NULL,NULL,'101','210','1.d');
INSERT INTO `O_regle` VALUES ('10094','161','RÈGLE — Ne pas utiliser les fonctions setjmp() et longjump()','Vide',NULL,NULL,NULL,NULL,'101','210','1.d');
INSERT INTO `O_regle` VALUES ('10095','162','RÈGLE — Ne pas utiliser les bibliothèques standards setjmp.h et stdarg.h','Vide',NULL,NULL,NULL,NULL,'101','210','1.d');
INSERT INTO `O_regle` VALUES ('10096','163','RECOMMANDATION — Limiter l''utilisation des bibliothèques standards manipulant des nombres flottants','Les bibliothèques standards float.h, fenv.h, complex.h et math.h ne doivent être utilisées que si cela est vraiment nécessaire.',NULL,NULL,NULL,NULL,'101','210','1.d');
INSERT INTO `O_regle` VALUES ('10097','164','RÈGLE — Ne pas utiliser les fonctions atoi() atol() atof() et atoll() de la bibliothèque stdlib.h','Les fonctions équivalentes strto*() sont à utiliser en remplacement.',NULL,NULL,NULL,NULL,'101','210','1.d');
INSERT INTO `O_regle` VALUES ('10098','165','RÈGLE — Ne pas utiliser la fonction rand() de la bibliothèque standard','Vide',NULL,NULL,NULL,NULL,'101','210','1.d');
INSERT INTO `O_regle` VALUES ('10099','166','RÈGLE — Utiliser les versions « plus sécurisées » pour les fonctions de la bibliothèque standard','Quand des fonctions de la bibliothèque standard existent en différentes versions, la version « plus sécurisée » doit être utilisée.',NULL,NULL,NULL,NULL,'101','210','1.d');
INSERT INTO `O_regle` VALUES ('10100','167','RÈGLE — Ne pas utiliser de fonctions de la bibliothèque obsolescentes ou devenues obsolètes dans des','Vide',NULL,NULL,NULL,NULL,'101','210','1.d');
INSERT INTO `O_regle` VALUES ('10101','168','RÈGLE — Ne pas utiliser de fonctions de la bibliothèque manipulant des buffers sans prendre la taill','Vide',NULL,NULL,NULL,NULL,'101','210','1.d');
INSERT INTO `O_regle` VALUES ('10102','169','BONNE PRATIQUE — Tout code doit être soumis à relecture','Vide',NULL,NULL,NULL,NULL,'101','210','1.d');
INSERT INTO `O_regle` VALUES ('10103','170','RECOMMANDATION — Indentation des expressions longues','Lorsqu’une instruction ou une expression s’étale sur plusieurs lignes, il est indispensable de l’indenter afin de faciliter la compréhension du code.',NULL,NULL,NULL,NULL,'101','210','1.d');
INSERT INTO `O_regle` VALUES ('10104','171','RÈGLE — Identifier et supprimer tout code mort','Vide',NULL,NULL,NULL,NULL,'101','210','1.d');
INSERT INTO `O_regle` VALUES ('10105','172','RÈGLE — Le code doit être exempt de code non atteignable en dehors de code défensif et de code d''int','Il ne doit jamais y avoir de code inatteignable, sauf s’il s’agit de code défensif ou s’il s’agit de code d’une interface et dans ces deux cas, il faut le préciser en commentaire.',NULL,NULL,NULL,NULL,'101','210','1.d');
INSERT INTO `O_regle` VALUES ('10106','173','RECOMMANDATION — Evaluation outillée du code source pour limiter les risques d''erreurs d''exécution','Le code source du logiciel doit être analysé via au moins un outil d’analyse de code. Les résultats produits par l’outil d’analyse doivent être étudiés par le développeur et les corrections doivent être effectuées par rapport aux problèmes découverts.',NULL,NULL,NULL,NULL,'101','210','1.d');
INSERT INTO `O_regle` VALUES ('10107','174','RECOMMANDATION — Limitation de la complexité cyclomatique','La complexité cyclomatique d’une fonction doit être limitée au maximum.',NULL,NULL,NULL,NULL,'101','210','1.d');
INSERT INTO `O_regle` VALUES ('10108','175','RECOMMANDATION — Limitation de la longueur et la complexité d''une fonction','Une fonction doit être associée idéalement à un seul et unique traitement et doit donc correspondre à un nombre de lignes de code raisonnable.',NULL,NULL,NULL,NULL,'101','210','1.d');
INSERT INTO `O_regle` VALUES ('10109','176','RÈGLE — Ne pas utiliser de mots clés du C++','Vide',NULL,NULL,NULL,NULL,'101','210','1.d');
INSERT INTO `O_regle` VALUES ('10110','177','RÈGLE — Séquences de caractères interdites dans les commentaires','Les séquences /* et // sont interdites dans tous les commentaires. Et un commentaire sur une ligne introduit par // ne doit pas contenir de caractère de continuation de ligne \\.',NULL,NULL,NULL,NULL,'101','210','1.d');
INSERT INTO `O_regle` VALUES ('10111','178','RÈGLE — Mise en oeuvre manuelle de mécanismes « canari » si les options de durcissement ne sont pas ','Vide',NULL,NULL,NULL,NULL,'101','210','1.d');
INSERT INTO `O_regle` VALUES ('10112','179','RÈGLE — Pas d''assertions de mise au point sur un code mis en production','Les assertions de mise au point ne doivent pas être présentes en production.',NULL,NULL,NULL,NULL,'101','210','1.d');
INSERT INTO `O_regle` VALUES ('10113','180','RECOMMANDATION — La gestion des assertions d''intégrité doit inclure un effacement des données d''urge','Les assertions d’intégrité doivent apparaître en production. En cas de déclenchement d’une assertion d’intégrité, le code de traitement doit aboutir à un effacement d’urgence des données sensibles.',NULL,NULL,NULL,NULL,'101','210','1.d');
INSERT INTO `O_regle` VALUES ('10114','181','RÈGLE — Tout fichier non vide doit se terminer par un retour à la ligne et les directives de preproc','Un fichier non vide ne doit pas se terminer au milieu d’un commentaire ou d’une directive de preprocessing.',NULL,NULL,NULL,NULL,'101','210','1.d');
INSERT INTO `O_regle` VALUES ('10115','1','RÈGLE — Application de conventions de codage claires et explicites','Des conventions de codage doivent être définies et documentées pour le logiciel à produire. Ces conventions doivent définir au minimum les points suivants : l’encodage des fichiers sources, la mise en page du code et l’indentation, les types standards à utiliser, le nommage (bibliothèques, fichiers, fonctions, types, variables, . . .), le format de la documentation. Ces conventions doivent être appliquées par chaque développeur.',NULL,NULL,NULL,NULL,'102','212','1.d');
INSERT INTO `O_regle` VALUES ('10116','2','RÈGLE — Seul le codage C conforme au standard est autorisé','Aucune violation des contraintes et de la syntaxe C telles que définies dans les standards C90 ou C99 n’est autorisée.',NULL,NULL,NULL,NULL,'102','212','1.d');
INSERT INTO `O_regle` VALUES ('10117','3','RECOMMANDATION — Maîtrise des actions opérées à la compilation.',' Le développeur doit connaître et documenter les actions associées aux options activées du compilateur y compris en terme d’optimisation de code',NULL,NULL,NULL,NULL,'102','212','1.d');
INSERT INTO `O_regle` VALUES ('10118','4','RÈGLE — Définir précisément les options de compilation','Les options utilisées pour la compilation doivent être précisément définies pour l’ensemble des sources d’un logiciel. Ces options doivent notamment fixer précisément :\n- la version du standard C utilisée (par exemple C99 ou encore C90) ;\n- le nom et la version du compilateur utilisé ;',NULL,NULL,NULL,NULL,'102','212','1.d');
INSERT INTO `O_regle` VALUES ('10119','5','RÈGLE — Utiliser des options de durcissement','L’utilisation d’options de durcissement est obligatoire que ce soit pour imposer la génération d’exécutables relocalisables, une randomization d’adresses efficace ou la protection contre le dépassement de pile entre autres.',NULL,NULL,NULL,NULL,'102','212','1.d');
INSERT INTO `O_regle` VALUES ('10120','6','BONNE PRATIQUE — Utiliser des générateurs de projets pour la compilation.','Vide',NULL,NULL,NULL,NULL,'102','212','1.d');
INSERT INTO `O_regle` VALUES ('10121','7','RÈGLE — Compiler le code sans erreur ni avertissement en activant des options de compilation exigent','Activer le niveau d’avertissement et d’erreur le plus élevé du compilateur et de l’éditeur de liens afin de s’assurer de l’absence de problèmes potentiels liés à l’utilisation incorrecte du langage de programmation et traiter tous les avertissements et toutes les erreurs signalés par le compilateur et l’éditeur de liens pour les éliminer.',NULL,NULL,NULL,NULL,'102','212','1.d');
INSERT INTO `O_regle` VALUES ('10122','8','RECOMMANDATION — Utiliser les options des compilations les plus exigentes','Si une option élevée d’un compilateur n’apparaît pas pertinente pour un développement donné, une justification sera fournie pour expliquer ce choix.',NULL,NULL,NULL,NULL,'102','212','1.d');
INSERT INTO `O_regle` VALUES ('10123','9','RÈGLE — Tout code mis en production doit être compilé en mode release','La compilation en mode release est obligatoire pour une mise en production.',NULL,NULL,NULL,NULL,'102','212','1.d');
INSERT INTO `O_regle` VALUES ('10124','10','RECOMMANDATION — Prêter une attention particulière aux modes debug et release lors de la compilation','L’utilisation des modes debug et release à la compilation doit se faire en toute connaissance des modifications induites en terme de gestion de mémoire et d’optimisation de code. Les différences entre ces deux modes doivent être documentées de manière exhaustive.',NULL,NULL,NULL,NULL,'102','212','1.d');
INSERT INTO `O_regle` VALUES ('10125','11','RECOMMANDATION — Limiter et justifier les inclusions de fichier d''en-tête dans un autre fichier d''en','Vide',NULL,NULL,NULL,NULL,'102','212','1.d');
INSERT INTO `O_regle` VALUES ('10126','12','RECOMMANDATION — Limiter et justifier les inclusions de fichier d''en-tête dans un autre fichier d''en','Vide',NULL,NULL,NULL,NULL,'102','212','1.d');
INSERT INTO `O_regle` VALUES ('10127','13','RÈGLE — Utiliser des macros de garde d''inclusion multiple d''un fichier','Une macro de garde contre l’inclusion multiple d’un fichier doit être utilisée afin d’empêcher que le contenu d’un fichier d’en-tête soit inclus plus d’une fois :\n// début du fichier d''en -tête\n#ifndef HEADER_H\n#define HEADER_H\n/* contenu du fichier */\n#endif\n//fin du fichier d''en -tête',NULL,NULL,NULL,NULL,'102','212','1.d');
INSERT INTO `O_regle` VALUES ('10128','14','RÈGLE — Les inclusions de fichiers d''en-tête sont groupées en début de fichier','Toutes les inclusions de fichiers d’en-tête doivent être regroupées au début du fichier ou juste après des commentaires ou les directives de preprocessing, mais systématiquement avant la définition de variables globales ou de fonctions.',NULL,NULL,NULL,NULL,'102','212','1.d');
INSERT INTO `O_regle` VALUES ('10129','15','RECOMMANDATION — Les inclusions de fichiers d''en-tête systèmes sont effectuées avant les inclusions ','Vide',NULL,NULL,NULL,NULL,'102','212','1.d');
INSERT INTO `O_regle` VALUES ('10130','16','BONNE PRATIQUE — Utiliser l''ordre alphabétique dans l''inclusion de chaque type de fichiers d''en-tête','Pour éviter les redondances dans les inclusions de fichiers d’en-tête systèmes ou utilisateur, le développeur peut les ordonner par ordre alphabétique ce qui permet d’avoir un ordre d’inclusion déterministe et de faciliter la revue de code.',NULL,NULL,NULL,NULL,'102','212','1.d');
INSERT INTO `O_regle` VALUES ('10131','17','RÈGLE — Ne pas inclure un fichier source dans un autre fichier source','Seule l’inclusion de fichiers d’en-tête est autorisée dans un fichier source.',NULL,NULL,NULL,NULL,'102','212','1.d');
INSERT INTO `O_regle` VALUES ('10132','18','RÈGLE — Les chemins des fichiers doivent être portables et la casse doit être respectée','Les chemins de fichiers, que ce soit pour une directive d’inclusion #include ou non, doivent être portables tout en respectant la casse des répertoires.',NULL,NULL,NULL,NULL,'102','212','1.d');
INSERT INTO `O_regle` VALUES ('10133','19','RÈGLE — Le nom d''un fichier d''en-tête ne doit pas contenir certains caractères ou séquences de carac','Le nom d’un fichier d’en-tête doit être exempt des caractères et des séquences de caractères suivants : « '', ", \\, /* et // ».',NULL,NULL,NULL,NULL,'102','212','1.d');
INSERT INTO `O_regle` VALUES ('10134','20','RECOMMANDATION — Les blocs préprocesseurs doivent être commentés','Les directives des blocs préprocesseurs doivent être commentées afin d’expliciter le cas traité et pour les directives « intermédiaires » et « fermantes », celles-ci doivent aussi être associées à la directive « ouvrante » correspondante par le biais d’un commentaire.',NULL,NULL,NULL,NULL,'102','212','1.d');
INSERT INTO `O_regle` VALUES ('10135','21','BONNE PRATIQUE — La double négation dans l''expression des conditions des blocs préprocesseurs doit ê','Vide',NULL,NULL,NULL,NULL,'102','212','1.d');
INSERT INTO `O_regle` VALUES ('10136','22','RÈGLE — Définition d''un bloc préprocesseur dans un seul et même fichier','Pour un bloc préprocesseur, toutes les directives associées doivent se trouver dans le même fichier.',NULL,NULL,NULL,NULL,'102','212','1.d');
INSERT INTO `O_regle` VALUES ('10137','23','RECOMMANDATION — Les expressions de contrôle des directives de preprocessing doivent être bien formé','Les expressions de contrôle doivent être évaluées uniquement à 0 ou 1 et doivent utiliser uniquement des identifiants définis (via #define).',NULL,NULL,NULL,NULL,'102','212','1.d');
INSERT INTO `O_regle` VALUES ('10138','24','RÈGLE — Ne pas utiliser dans une même expression plus d''un des opérateurs de preprocessing # et ##','Vide',NULL,NULL,NULL,NULL,'102','212','1.d');
INSERT INTO `O_regle` VALUES ('10139','25','RÈGLE — Utiliser les opérateurs de preprocessing # et ## en maîtrisant leur expansion','Vide',NULL,NULL,NULL,NULL,'102','212','1.d');
INSERT INTO `O_regle` VALUES ('10140','26','RÈGLE — Les macros doivent être nommées de façon spécifique','Pour différencier aisément les macros des fonctions et ne pas utiliser un nom réservé d’une autre macro C, les macros préprocesseurs doivent être en capitales et les mots composant le nom séparés par le caractère souligné « _ » mais sans les faire débuter par le caractère souligné car il s’agit d’une convention pour les noms réservés du langage C.',NULL,NULL,NULL,NULL,'102','212','1.d');
INSERT INTO `O_regle` VALUES ('10141','27','RÈGLE — Ne pas terminer une macro par un point-virgule','Le point-virgule final doit être omis à la fin de la définition d’une macro.',NULL,NULL,NULL,NULL,'102','212','1.d');
INSERT INTO `O_regle` VALUES ('10142','28','Le point-virgule final doit être omis à la fin de la définition d’une macro.','Vide',NULL,NULL,NULL,NULL,'102','212','1.d');
INSERT INTO `O_regle` VALUES ('10143','29','RÈGLE — L''expansion d''une macro définie par le développeur ne doit pas créer de fonction','Vide',NULL,NULL,NULL,NULL,'102','212','1.d');
INSERT INTO `O_regle` VALUES ('10144','30','RÈGLE — Les macros contenant plusieurs instructions doivent utiliser une boucle do { ... } while(0) ','Vide',NULL,NULL,NULL,NULL,'102','212','1.d');
INSERT INTO `O_regle` VALUES ('10145','31','RÈGLE — Parenthèses obligatoires autour des paramètres utilisés dans le corps d''une macro','Les paramètres d’une macro doivent systématiquement être entourés de parenthèses lors de leur utilisation, afin de préserver l’ordre souhaité d’évaluation des expressions.',NULL,NULL,NULL,NULL,'102','212','1.d');
INSERT INTO `O_regle` VALUES ('10146','32','RECOMMANDATION — Il faut éviter les arguments d''une macro réalisant une opération','Vide',NULL,NULL,NULL,NULL,'102','212','1.d');
INSERT INTO `O_regle` VALUES ('10147','33','RÈGLE — Les arguments d''une macro ne doivent pas contenir d''effets de bord.','Des arguments de macro avec des effets de bord peuvent entraîner des évaluations multiples non désirées.',NULL,NULL,NULL,NULL,'102','212','1.d');
INSERT INTO `O_regle` VALUES ('10148','34','RÈGLE — Ne pas utiliser de directives de preprocessing en arguments d''une macro','Vide',NULL,NULL,NULL,NULL,'102','212','1.d');
INSERT INTO `O_regle` VALUES ('10149','35','RÈGLE — La directive #undef ne doit pas être utilisée','Vide',NULL,NULL,NULL,NULL,'102','212','1.d');
INSERT INTO `O_regle` VALUES ('10150','36','RÈGLE — Ne pas utiliser de trigraphes','Vide',NULL,NULL,NULL,NULL,'102','212','1.d');
INSERT INTO `O_regle` VALUES ('10151','37','RECOMMANDATION — Les points d''interrogation ne doivent pas être utilisés de façon successive','Cette règle s’applique pour toute partie du code mais aussi pour les commentaires.',NULL,NULL,NULL,NULL,'102','212','1.d');
INSERT INTO `O_regle` VALUES ('10152','38','RECOMMANDATION — Seules les déclarations multiples de variables simples de même type sont autorisées','Vide',NULL,NULL,NULL,NULL,'102','212','1.d');
INSERT INTO `O_regle` VALUES ('10153','39','RÈGLE — Ne pas faire de déclaration multiple de variables associée à une initialisation.','Les initialisations associées (i.e. consécutives et dans une même instruction) à une déclaration multiple sont interdites.',NULL,NULL,NULL,NULL,'102','212','1.d');
INSERT INTO `O_regle` VALUES ('10154','40','RECOMMANDATION — Regrouper les déclarations de variables en début du bloc dans lequel elles sont uti','Pour des questions de lisibilité et pour éviter les redéfinitions, les déclarations de variables sont regroupées en début de fichier, fonction ou bloc d’instructions selon leur portée.',NULL,NULL,NULL,NULL,'102','212','1.d');
INSERT INTO `O_regle` VALUES ('10155','41','RÈGLE — Ne pas utiliser des valeurs en dur','Les valeurs utilisées dans le code doivent être déclarées comme des constantes.',NULL,NULL,NULL,NULL,'102','212','1.d');
INSERT INTO `O_regle` VALUES ('10156','42','BONNE PRATIQUE — Centraliser la déclaration des constantes en début de fichier','Pour faciliter la lecture, les constantes sont déclarées ensemble en début du fichier.',NULL,NULL,NULL,NULL,'102','212','1.d');
INSERT INTO `O_regle` VALUES ('10157','43','RÈGLE — Déclarer les constantes en capitales','Vide',NULL,NULL,NULL,NULL,'102','212','1.d');
INSERT INTO `O_regle` VALUES ('10158','44','RÈGLE — Les constantes sans contrôle de type sont déclarées avec la macro préprocesseur de définitio','Vide',NULL,NULL,NULL,NULL,'102','212','1.d');
INSERT INTO `O_regle` VALUES ('10159','45','RÈGLE — Les constantes avec un contrôle de type explicite doivent être déclarées avec le mot clé con','Vide',NULL,NULL,NULL,NULL,'102','212','1.d');
INSERT INTO `O_regle` VALUES ('10160','46','RÈGLE — Les valeurs constantes doivent être associées à un suffixe dépendant du type','Pour éviter toute mauvaise interprétation, les valeurs constantes doivent utiliser un suffixe selon leurs types :\n il faut utiliser le suffixe U pour toutes les constantes de type entier non signé ; \n pour indiquer une constante de type long (ou long long pour C99), il faut utiliser le suffixe L (resp. LL) et non l (resp. ll) afin d’éviter toute ambiguïté avec le chiffre 1 ;\n les valeurs flottantes sont par défaut considérées comme double, il faut utiliser le suffixe f pour le type float (resp. d pour le type double).',NULL,NULL,NULL,NULL,'102','212','1.d');
INSERT INTO `O_regle` VALUES ('10161','47','RÈGLE — La taille du type associé à une expression constante doit être suffisante pour la contenir','Il faut s’assurer que les valeurs ou expressions constantes utilisées ne dépassent pas du type qui leur est associé.',NULL,NULL,NULL,NULL,'102','212','1.d');
INSERT INTO `O_regle` VALUES ('10162','48','RECOMMANDATION — Proscrire les constantes en octal','Ne pas utiliser de constante ni de séquence d’échappement en octal.',NULL,NULL,NULL,NULL,'102','212','1.d');
INSERT INTO `O_regle` VALUES ('10163','49','RÈGLE — Limiter les variables globales au strict nécessaire','Limiter l’usage des variables globales et préférer les paramètres de fonctions pour propager une structure de données au travers d’une application.',NULL,NULL,NULL,NULL,'102','212','1.d');
INSERT INTO `O_regle` VALUES ('10164','50','RÈGLE — Utilisation systématique du modificateur de déclaration static','Utiliser le mot clef static pour toutes les fonctions et variables globales qui ne sont pas utilisées à l’extérieur du fichier source dans lequel elles sont définies.',NULL,NULL,NULL,NULL,'102','212','1.d');
INSERT INTO `O_regle` VALUES ('10165','51','RÈGLE — Seules les variables modifiables en dehors de l''implémentation doivent être déclarées volati','Seules les variables associées à des ports entrée/sortie ou des fonctions d’interruption asynchrone doivent être déclarées comme volatile pour empêcher toute optimisation ou réorganisation à la compilation.',NULL,NULL,NULL,NULL,'102','212','1.d');
INSERT INTO `O_regle` VALUES ('10166','52','RÈGLE — Seuls des pointeurs spécifiés volatile peuvent accéder à des variables volatile','Vide',NULL,NULL,NULL,NULL,'102','212','1.d');
INSERT INTO `O_regle` VALUES ('10167','53','RÈGLE — Aucune omission de type n''est acceptée lors de la déclaration d''une variable','Toutes les variables utilisées doivent avoir été préalablement déclarées de façon explicite.',NULL,NULL,NULL,NULL,'102','212','1.d');
INSERT INTO `O_regle` VALUES ('10168','54','RECOMMANDATION — Limiter l''utilisation des compound literals','Du fait du risque de mauvaise manipulation des compound literals, leur utilisation doit être limitée, documentée et une attention particulière doit être donnée à leur portée.',NULL,NULL,NULL,NULL,'102','212','1.d');
INSERT INTO `O_regle` VALUES ('10169','55','RÈGLE — Ne pas mélanger des constantes explicites et implicites dans une énumération','Il faut soit expliciter toutes les constantes d’une énumération avec une valeur unique soit n’en expliciter aucune.',NULL,NULL,NULL,NULL,'102','212','1.d');
INSERT INTO `O_regle` VALUES ('10170','56','RÈGLE — Ne pas utiliser des énumérations anonymes','Vide',NULL,NULL,NULL,NULL,'102','212','1.d');
INSERT INTO `O_regle` VALUES ('10171','57','RECOMMANDATION — Les variables doivent être initialisées à la déclaration ou immédiatement après','Toutes les variables doivent être systématiquement initialisées à leur déclaration ou immédiatement après dans le cas de déclarations multiples.',NULL,NULL,NULL,NULL,'102','212','1.d');
INSERT INTO `O_regle` VALUES ('10172','58','RÈGLE — Ne pas mélanger les différents types d''initialisation pour les variables structurées','Pour l’initialisation d’une variable structurée, un seul et unique type d’initialisation doit être choisi et utilisé.',NULL,NULL,NULL,NULL,'102','212','1.d');
INSERT INTO `O_regle` VALUES ('10173','59','RÈGLE — Les variables structurées ne doivent pas être initialisées sans expliciter la valeur d''initi','Les variables non scalaires doivent être initialisées explicitement : chaque élément doit être initialisé en étant clairement identifié sans valeur d’initialisation superflue ou la notation ={0} ; peut être utilisée à la déclaration. Enfin les tailles des tableaux doivent être explicitées à l’initialisation.',NULL,NULL,NULL,NULL,'102','212','1.d');
INSERT INTO `O_regle` VALUES ('10174','60','RECOMMANDATION — Chaque déclaration publique (non static) doit être utilisée','Toutes les déclarations publiques (i.e. non static) doivent être utilisées, qu’il s’agissede variables, fonctions, labels ou autres.',NULL,NULL,NULL,NULL,'102','212','1.d');
INSERT INTO `O_regle` VALUES ('10175','61','RÈGLE — Utiliser des variables pour les données sensibles distinctes des variables pour les données ','Vide',NULL,NULL,NULL,NULL,'102','212','1.d');
INSERT INTO `O_regle` VALUES ('10176','62','RÈGLE — Utiliser des variables pour les données sensibles et protégées en confidentialité et/ou inté','Vide',NULL,NULL,NULL,NULL,'102','212','1.d');
INSERT INTO `O_regle` VALUES ('10177','63','RÈGLE — Ne jamais coder en dur une donnée sensible.','Vide',NULL,NULL,NULL,NULL,'102','212','1.d');
INSERT INTO `O_regle` VALUES ('10178','64','RECOMMANDATION — Seuls des types d''entiers dont la taille et le signe sont explicites doivent être u','Vide',NULL,NULL,NULL,NULL,'102','212','1.d');
INSERT INTO `O_regle` VALUES ('10179','65','RÈGLE — Seuls les types signed char et unsigned char doivent être utilisés.','Vide',NULL,NULL,NULL,NULL,'102','212','1.d');
INSERT INTO `O_regle` VALUES ('10180','66','RECOMMANDATION — Ne pas redéfinir des alias de types','Vide',NULL,NULL,NULL,NULL,'102','212','1.d');
INSERT INTO `O_regle` VALUES ('10181','67','RÈGLE — Compréhension fine et précise des règles de conversions','Le développeur se doit de connaître et comprendre toutes les règles de conversionimplicites des types entiers.',NULL,NULL,NULL,NULL,'102','212','1.d');
INSERT INTO `O_regle` VALUES ('10182','68','RÈGLE — Conversions explicites entre des types signés et non signés','Proscrire les conversions implicites de types. Utiliser des conversions explicites notamment entre type signé et type non signé.',NULL,NULL,NULL,NULL,'102','212','1.d');
INSERT INTO `O_regle` VALUES ('10183','69','RECOMMANDATION — Ne pas utiliser de transtypage de pointeurs sur des types structurés différents','Vide',NULL,NULL,NULL,NULL,'102','212','1.d');
INSERT INTO `O_regle` VALUES ('10184','70','RÈGLE — L''accès aux éléments d''un tableau se fera toujours en désignant en premier attribut le table','L’accès au ième élément d’un tableau s’écrira toujours avec le nom du tableau en premier suivi de l’indice de la case à atteindre.',NULL,NULL,NULL,NULL,'102','212','1.d');
INSERT INTO `O_regle` VALUES ('10185','71','RECOMMANDATION — L''accès aux éléments d''un tableau doit se faire en utilisant les crochets','Dans le cas d’une variable de type tableau, la notation dédiée (via les crochets) doit être utilisée pour éviter toute ambiguïté.',NULL,NULL,NULL,NULL,'102','212','1.d');
INSERT INTO `O_regle` VALUES ('10186','72','RÈGLE — Ne pas utiliser de VLA','Vide',NULL,NULL,NULL,NULL,'102','212','1.d');
INSERT INTO `O_regle` VALUES ('10187','73','RECOMMANDATION — Ne pas utiliser de taille implicite pour les tableaux','Afin de s’assurer que les accès tableaux sont bien valides, la taille de ceux-ci doit être explicitée.',NULL,NULL,NULL,NULL,'102','212','1.d');
INSERT INTO `O_regle` VALUES ('10188','74','RÈGLE — Utiliser des entiers non signés pour les tailles de tableaux','Vide',NULL,NULL,NULL,NULL,'102','212','1.d');
INSERT INTO `O_regle` VALUES ('10189','75','RÈGLE — Ne pas accèder à un élément de tableau sans vérifier la validité de l''indice utilisé','La validité des indices de tableau utilisés doit être vérifié de façon systématique : un indice de tableau est valide s’il est supérieur ou égal à zéro et strictement inférieur à la taille déclarée du tableau. Dans le cas d’un tableau de caractères, le caractère de fin de chaine ’\\0’ doit être pris en compte.',NULL,NULL,NULL,NULL,'102','212','1.d');
INSERT INTO `O_regle` VALUES ('10190','76','RÈGLE — Un pointeur NULL ne doit pas être déréférencé','Avant de déréférencer un pointeur, le développeur doit s’assurer que celui-ci n’est pas NULL.',NULL,NULL,NULL,NULL,'102','212','1.d');
INSERT INTO `O_regle` VALUES ('10191','77','RÈGLE — Un pointeur doit être affecté à NULL après désallocation','Un pointeur doit être systématiquement affecté à NULL suite à la désallocation de la mémoire qu’il pointe.',NULL,NULL,NULL,NULL,'102','212','1.d');
INSERT INTO `O_regle` VALUES ('10192','78','RÈGLE — Ne pas utiliser le qualificateur de pointeur restrict','Le qualificateur restrict ne doit pas être utilisé directement par le développeur. Seule l’utilisation indirecte i.e. via l’appel de fonctions de la bibliothèque standard est tolérée mais le développeur devra s’assurer qu’aucun comportement indéfini résultera de l’utilisation de telles fonctions.',NULL,NULL,NULL,NULL,'102','212','1.d');
INSERT INTO `O_regle` VALUES ('10193','79','RECOMMANDATION — Le nombre de niveau d''indirections de pointeur doit être limité à deux','Le nombre d’indirections pour un pointeur ne doit pas dépasser deux niveaux.',NULL,NULL,NULL,NULL,'102','212','1.d');
INSERT INTO `O_regle` VALUES ('10194','80','RECOMMANDATION — Préférer l''utilisation de l''opérateur d''indirection ->','L’opérateur d’indirection -> doit être utilisé pour atteindre les champs d’une structure par l’intermédiaire d’un pointeur.',NULL,NULL,NULL,NULL,'102','212','1.d');
INSERT INTO `O_regle` VALUES ('10195','81','RÈGLE — Seul l''incrément ou le décrément de pointeurs de tableaux est autorisé','L’incrément ou le décrément de pointeurs ne doit être utilisé que sur des pointeurs représentant un tableau ou un élément d’un tableau.',NULL,NULL,NULL,NULL,'102','212','1.d');
INSERT INTO `O_regle` VALUES ('10196','82','RÈGLE — Aucune arithmétique sur les pointeurs void* n''est autorisée','Il faut proscrire l’utilisation de toute arithmétique sur des pointeurs de type void*.',NULL,NULL,NULL,NULL,'102','212','1.d');
INSERT INTO `O_regle` VALUES ('10197','83','RECOMMANDATION — Arithmétique des pointeurs sur tableaux contrôlée','L’arithmétique sur des pointeurs représentant un tableau ou un élément d’un tableau doit être faite en s’assurant que le pointeur résultant pointera toujours sur un élément du même tableau.',NULL,NULL,NULL,NULL,'102','212','1.d');
INSERT INTO `O_regle` VALUES ('10198','84','RÈGLE — Soustraction et comparaison entre pointeurs d''un même tableau uniquement','Seules les soustractions et comparaisons de pointeurs sur un même tableau sont autorisés.',NULL,NULL,NULL,NULL,'102','212','1.d');
INSERT INTO `O_regle` VALUES ('10199','85','RECOMMANDATION — Il ne faut pas affecter directement une adresse fixe à un pointeur.','Vide',NULL,NULL,NULL,NULL,'102','212','1.d');
INSERT INTO `O_regle` VALUES ('10200','86','RÈGLE — Une structure doit être utilisée pour regrouper les données représentant une même entité','Les données liées doivent être regroupées au sein d’une structure.',NULL,NULL,NULL,NULL,'102','212','1.d');
INSERT INTO `O_regle` VALUES ('10201','87','RÈGLE — Ne pas calculer la taille d''une structure comme la somme de la taille de ses champs','Du fait du padding, la taille d’une structure ne doit pas être supposée comme la somme de la taille de ses champs.',NULL,NULL,NULL,NULL,'102','212','1.d');
INSERT INTO `O_regle` VALUES ('10202','88','RÈGLE — Tout bitfield doit obligatoirement être déclaré explicitement comme non signé','Vide',NULL,NULL,NULL,NULL,'102','212','1.d');
INSERT INTO `O_regle` VALUES ('10203','89','RÈGLE — Ne pas faire d''hypothèse sur la représentation interne de structures avec des bitfields','Vide',NULL,NULL,NULL,NULL,'102','212','1.d');
INSERT INTO `O_regle` VALUES ('10204','90','RÈGLE — Ne pas utiliser les FAM','Vide',NULL,NULL,NULL,NULL,'102','212','1.d');
INSERT INTO `O_regle` VALUES ('10205','91','RECOMMANDATION — Ne pas utiliser les unions','L’utilisation du même espace mémoire pour plusieurs données de natures différentes n’est pas autorisée.',NULL,NULL,NULL,NULL,'102','212','1.d');
INSERT INTO `O_regle` VALUES ('10206','92','RÈGLE — Supprimer tous les débordements de valeurs possibles pour des entiers signés.','Vide',NULL,NULL,NULL,NULL,'102','212','1.d');
INSERT INTO `O_regle` VALUES ('10207','93','RECOMMANDATION — Détecter tous les wraps possibles de valeurs pour les entiers non signés.','vide',NULL,NULL,NULL,NULL,'102','212','1.d');
INSERT INTO `O_regle` VALUES ('10208','94','RÈGLE — Détecter et supprimer toute potentielle division par zéro','Cette vérification doit être systématique pour tout calcul de division ou de reste de division.',NULL,NULL,NULL,NULL,'102','212','1.d');
INSERT INTO `O_regle` VALUES ('10209','95','RECOMMANDATION — Les opérations arithmétiques doivent être écrites en favorisant leur lisibilité','Il faut utiliser des opérations arithmétiques le plus explicites possibles (naturelles) et dans la logique du programme.',NULL,NULL,NULL,NULL,'102','212','1.d');
INSERT INTO `O_regle` VALUES ('10210','96','RECOMMANDATION — Les opérateurs logiques ne doivent pas être appliqués avec des opérandes signés','Vide',NULL,NULL,NULL,NULL,'102','212','1.d');
INSERT INTO `O_regle` VALUES ('10211','97','RÈGLE — Explicitation de l''ordre d''évaluation des calculs par utilisation de parenthèses','Malgré la priorité des opérateurs, pour éviter toute ambiguïté, les expressions seront entourées de parenthèses pour rendre plus explicite l’ordre d’évaluation d’un calcul.',NULL,NULL,NULL,NULL,'102','212','1.d');
INSERT INTO `O_regle` VALUES ('10212','98','RECOMMANDATION — Eviter les expressions de comparaison ou d''égalité multiple','Vide',NULL,NULL,NULL,NULL,'102','212','1.d');
INSERT INTO `O_regle` VALUES ('10213','99','RÈGLE — Toujours utiliser les parenthèses dans les expressions de comparaison ou d''égalité multiple','Les expressions booléennes de comparaison ou d’égalité contenant au moins 2 opérateurs relationnels sont interdites sans parenthèse.',NULL,NULL,NULL,NULL,'102','212','1.d');
INSERT INTO `O_regle` VALUES ('10214','100','RÈGLE — Parenthèses autour des éléments d''une expression booléenne','Il est nécessaire de toujours mettre entre parenthèses les différents éléments d’une expression booléenne, afin qu’il n’y ait aucune ambiguïté dans l’ordre d’évaluation.',NULL,NULL,NULL,NULL,'102','212','1.d');
INSERT INTO `O_regle` VALUES ('10215','101','RÈGLE — Comparaison implicite avec 0 interdite','Toutes les expressions booléennes doivent utiliser des opérateurs de comparaison. Aucun test implicite avec une valeur égale à 0 ou différente de 0 ne doit être effectué.',NULL,NULL,NULL,NULL,'102','212','1.d');
INSERT INTO `O_regle` VALUES ('10216','102','RECOMMANDATION — Utilisation du type bool en C99','En C99, le type bool (ou _Bool) doit être utilisé pour les variables à valeurs booléennes.',NULL,NULL,NULL,NULL,'102','212','1.d');
INSERT INTO `O_regle` VALUES ('10217','103','RÈGLE — Pas d''opérateur bit-à-bit sur un opérande de type booléen ou assimilé','Vide',NULL,NULL,NULL,NULL,'102','212','1.d');
INSERT INTO `O_regle` VALUES ('10218','104','BONNE PRATIQUE — Ne pas utiliser la valeur retournée lors d''une affectation','Vide',NULL,NULL,NULL,NULL,'102','212','1.d');
INSERT INTO `O_regle` VALUES ('10219','105','RÈGLE — Affectation interdite dans une expression booléenne','Une affectation ne doit pas être effectuée dans une expression booléenne quelle qu’elle soit. Une affectation doit être effectuée dans une instruction indépendante.',NULL,NULL,NULL,NULL,'102','212','1.d');
INSERT INTO `O_regle` VALUES ('10220','106','BONNE PRATIQUE — Comparaison avec opérande constant à gauche','Quand une comparaison fait intervenir un opérande constant celui-ci sera de préférence mis comme opérande gauche pour éviter une affectation non intentionnelle.',NULL,NULL,NULL,NULL,'102','212','1.d');
INSERT INTO `O_regle` VALUES ('10221','107','RÈGLE — Affectation multiple de variables interdite','L’affectation multiple de variables n’est pas autorisée.',NULL,NULL,NULL,NULL,'102','212','1.d');
INSERT INTO `O_regle` VALUES ('10222','108','RÈGLE — Une seule instruction par ligne de code','Vide',NULL,NULL,NULL,NULL,'102','212','1.d');
INSERT INTO `O_regle` VALUES ('10223','108','BONNE PRATIQUE — Éviter les constantes flottantes','Ne pas utiliser de constantes numériques flottantes pour éviter les pertes de précision et autres phénomènes liés aux nombres flottants. Si cela ne peut être évité, la représentativité de la valeur flottante en question doit être vérifiée.',NULL,NULL,NULL,NULL,'102','212','1.d');
INSERT INTO `O_regle` VALUES ('10224','110','RECOMMANDATION — Limiter l''utilisation des nombres flottants au strict nécessaire','Il faut limiter l’utilisation des nombres flottants.',NULL,NULL,NULL,NULL,'102','212','1.d');
INSERT INTO `O_regle` VALUES ('10225','111','RÈGLE — Pas de compteur de boucle de type flottant','Les compteurs de boucle doivent être uniquement de type entier, avec la vérification de non débordement de type des valeurs des compteurs.',NULL,NULL,NULL,NULL,'102','212','1.d');
INSERT INTO `O_regle` VALUES ('10226','112','RÈGLE — Ne pas utiliser de nombres flottants pour des comparaisons d''égalité ou d''inégalité','Vide',NULL,NULL,NULL,NULL,'102','212','1.d');
INSERT INTO `O_regle` VALUES ('10227','113','RECOMMANDATION — Non utilisation des nombres complexes','Les nombres complexes introduits depuis C99 ne doivent pas être utilisés.',NULL,NULL,NULL,NULL,'102','212','1.d');
INSERT INTO `O_regle` VALUES ('10228','114','RÈGLE — Utilisation systématique des accolades pour les conditionnelles et les boucles','Ne jamais omettre les accolades pour délimiter un bloc d’instructions. Les accolades doivent être écrites pour délimiter un bloc d’instructions après les boucles (for, while, do) et les conditionnelles (if, else).',NULL,NULL,NULL,NULL,'102','212','1.d');
INSERT INTO `O_regle` VALUES ('10229','115','RÈGLE — Définition systématique d''un cas par défaut dans les switch','Un switch-case doit toujours contenir un cas default placé en dernier.',NULL,NULL,NULL,NULL,'102','212','1.d');
INSERT INTO `O_regle` VALUES ('10230','116','RECOMMANDATION — Utilisation de break dans chaque cas des instructions switch','Un switch-case doit par défaut toujours contenir un break pour chaque cas. L’absence de break pour éviter de dupliquer du code est tolérée mais doit être explicitée dans un commentaire.',NULL,NULL,NULL,NULL,'102','212','1.d');
INSERT INTO `O_regle` VALUES ('10231','117','RECOMMANDATION — Pas d''imbrication de structure de contrôle dans un switch-case',' Même si le C l’autorise, l’imbrication de structures de contrôle à l’intérieur d’un switch est à éviter.',NULL,NULL,NULL,NULL,'102','212','1.d');
INSERT INTO `O_regle` VALUES ('10232','118','RÈGLE — Ne pas introduire d''instructions avant le premier label d''un switch-case','Vide',NULL,NULL,NULL,NULL,'102','212','1.d');
INSERT INTO `O_regle` VALUES ('10233','119','RÈGLE — Bonne construction des boucles for','Chaque élément d’une boucle for doit être complété et contenir exactement une seule instruction. Ainsi une boucle for doit contenir une initialisation de son compteur, une condition d’arrêt portant sur son compteur, et une incrémentation ou décrémentation du compteur de boucle.',NULL,NULL,NULL,NULL,'102','212','1.d');
INSERT INTO `O_regle` VALUES ('10234','120','RÈGLE — Modification d''un compteur d''une boucle for interdite dans le corps de la boucle','Le compteur d’une boucle for ne doit pas être modifié à l’intérieur du corps de la boucle for.',NULL,NULL,NULL,NULL,'102','212','1.d');
INSERT INTO `O_regle` VALUES ('10235','121','RÈGLE — Non utilisation de goto arrière (backward goto)','Proscrire, au sein d’une fonction, l’utilisation d’instructions goto renvoyant vers un label qui est placé avant cette instruction goto.',NULL,NULL,NULL,NULL,'102','212','1.d');
INSERT INTO `O_regle` VALUES ('10236','122','RECOMMANDATION — Utilisation limitée du saut avant (forward goto)','L’utilisation d’un forward goto est tolérée uniquement dans les cas où elle permet :\n de limiter significativement le nombre de points de sortie de la fonction ;\n de rendre le code beaucoup plus lisible.\nLe ou les labels référencés par les instructions goto doivent tous être situés en fin de fonction.',NULL,NULL,NULL,NULL,'102','212','1.d');
INSERT INTO `O_regle` VALUES ('10237','123','RÈGLE — Toute fonction (non static) définie doit possèder une déclaration/ prototype de fonction','Vide',NULL,NULL,NULL,NULL,'102','212','1.d');
INSERT INTO `O_regle` VALUES ('10238','124','RÈGLE — Le prototype de déclaration d''une fonction doit concorder avec sa définition','Les types des paramètres utilisés pour la définition et la déclaration d’une fonction doivent être les mêmes.',NULL,NULL,NULL,NULL,'102','212','1.d');
INSERT INTO `O_regle` VALUES ('10239','125','RÈGLE — Toute fonction doit être associée à un type de retour et à une liste de paramètres explicite','Chaque fonction est définie explicitement avec un type de retour. Les fonctions sans valeur de retour doivent être déclarées avec un paramètre du type void. De la même façon, une fonction sans paramètre devra être définie et déclarée avec void en argument.',NULL,NULL,NULL,NULL,'102','212','1.d');
INSERT INTO `O_regle` VALUES ('10240','126','RECOMMANDATION — Documentation des fonctions','Tous les fonctions doivent être documentées. Cela comprend :\nn une description de la fonction et du traitement effectué ;\n la documentation de chaque paramètre, le sens du paramètre (en entrée, en sortie, en entrée et en sortie) et les éventuelles conditions existant sur celui-ci ;\n les valeurs de retour possibles doivent être décrites.',NULL,NULL,NULL,NULL,'102','212','1.d');
INSERT INTO `O_regle` VALUES ('10241','127','RECOMMANDATION — Préciser les conditions d''appel pour chaque fonction','Vide',NULL,NULL,NULL,NULL,'102','212','1.d');
INSERT INTO `O_regle` VALUES ('10242','128','RÈGLE — La validité de tous les paramètres d''une fonction doit systématiquement être remise en cause','Cela inclut :\n la validité des adresses pour les paramètres de type pointeur doit être vérifiée (non , alignement des adresses conforme...) ;\n l’appartenance des paramètres à leur domaine doit être vérifiée.\nCela s’applique aux fonctions définies par le développeur (cf. section 12.2) mais aussi aux fonctions de la bibliothèque standard.',NULL,NULL,NULL,NULL,'102','212','1.d');
INSERT INTO `O_regle` VALUES ('10243','129','RÈGLE — Les paramètres de fonction de type pointeur pour lesquels la zone mémoire pointée n''est pas ','Marquer const tous les paramètres de type pointeur d’une fonction qui pointent vers une zone mémoire qui ne doit pas être modifiée dans le corps de celle-ci. Le qualificateur const doit s’appliquer à l’objet pointé.',NULL,NULL,NULL,NULL,'102','212','1.d');
INSERT INTO `O_regle` VALUES ('10244','130','RÈGLE — Les fonctions inline doivent être déclarées comme static','Pour éviter un comportement non défini une fonction inline est systématiquement static.',NULL,NULL,NULL,NULL,'102','212','1.d');
INSERT INTO `O_regle` VALUES ('10245','131','RÈGLE — Interdiction de redéfinir les fonctions ou macros de la bibliothèque standard ou d''une autre','Les identifiants, macros ou noms de fonctions faisant partie de la bibliothèque standard ou d’une autre bibliothèque utilisée ne doivent pas être redéfinis.',NULL,NULL,NULL,NULL,'102','212','1.d');
INSERT INTO `O_regle` VALUES ('10246','132','RÈGLE — La valeur de retour d''une fonction doit toujours être testée','Lorsqu’une fonction retourne une valeur, la valeur retournée doit être systématiquement testée.',NULL,NULL,NULL,NULL,'102','212','1.d');
INSERT INTO `O_regle` VALUES ('10247','133','RÈGLE — Retour implicite interdit pour les fonctions de type non void','Tous les chemins d’une fonction non void doivent retourner une valeur explicitement.',NULL,NULL,NULL,NULL,'102','212','1.d');
INSERT INTO `O_regle` VALUES ('10248','134','RÈGLE — Les structures doivent être passées par référence à une fonction','Il ne faut pas passer de paramètres de type structure par copie lors de l’appel d’une fonction.',NULL,NULL,NULL,NULL,'102','212','1.d');
INSERT INTO `O_regle` VALUES ('10249','135','RECOMMANDATION — Passage d''un tableau en paramètre d''une fonction','Il existe plusieurs façons de passer un tableau en paramètre d’une fonction. Lors du passage par pointeur, il faut préciser dans la documentation de la fonction que le paramètre correspond à un tableau et également utiliser la notation dédiée aux tableaux.',NULL,NULL,NULL,NULL,'102','212','1.d');
INSERT INTO `O_regle` VALUES ('10250','136','RECOMMANDATION — Utilisation obligatoire dans une fonction de tous ses paramètres','Tous les paramètres présents dans le prototype de la fonction doivent être utilisés dans son implémentation.',NULL,NULL,NULL,NULL,'102','212','1.d');
INSERT INTO `O_regle` VALUES ('10251','137','BONNE PRATIQUE — Utiliser les options de compilation -Wformat=2 et -Wformat-security dès qu''une fonc','Plus de détails sur ces options sont données en annexe B.',NULL,NULL,NULL,NULL,'102','212','1.d');
INSERT INTO `O_regle` VALUES ('10252','138','RÈGLE — Ne pas appeler de fonctions variadiques avec NULL en argument','Vide',NULL,NULL,NULL,NULL,'102','212','1.d');
INSERT INTO `O_regle` VALUES ('10253','139','RÈGLE — Usage de la virgule interdit pour le séquencement d''instructions','La virgule n’est pas autorisée dans le cadre du séquencement des instructions decode.',NULL,NULL,NULL,NULL,'102','212','1.d');
INSERT INTO `O_regle` VALUES ('10254','140','RECOMMANDATION — Les opérateurs pré-fixes ++ et -- ne doivent pas être utilisés','Les opérateurs de pré-incrémentation et pré-decrémentation ne seront pas utilisés.',NULL,NULL,NULL,NULL,'102','212','1.d');
INSERT INTO `O_regle` VALUES ('10255','141','RECOMMANDATION — Pas d''utilisation combinée des opérateurs postfixes avec d''autres opérateurs','Les opérateurs de post-incrémentation et de post-décrémentation ne doivent pas être mixés avec d’autres opérateurs.',NULL,NULL,NULL,NULL,'102','212','1.d');
INSERT INTO `O_regle` VALUES ('10256','142','RECOMMANDATION — Éviter l''utilisation d''opérateurs d''affectation combinés','Vide',NULL,NULL,NULL,NULL,'102','212','1.d');
INSERT INTO `O_regle` VALUES ('10257','143','RÈGLE — Non utilisation imbriquée de l''opérateur ternaire ?:','L’imbrication d’opérateurs ternaires ?: est interdite.',NULL,NULL,NULL,NULL,'102','212','1.d');
INSERT INTO `O_regle` VALUES ('10258','144','RÈGLE — Bonne construction des expressions avec l''opérateur ternaire ?:','Les expressions résultantes de l’opérateur ternaire ?: doivent être exactement de même type pour éviter tout transtypage.',NULL,NULL,NULL,NULL,'102','212','1.d');
INSERT INTO `O_regle` VALUES ('10259','145','RÈGLE — Allouer dynamiquement un espace mémoire dont la taille est suffisante pour l''objet alloué','Pour un pointeur ptr, on préférera utiliser ptr=malloc(sizeof(*ptr)); quand cela est possible.',NULL,NULL,NULL,NULL,'102','212','1.d');
INSERT INTO `O_regle` VALUES ('10260','146','RÈGLE — Libérer la mémoire allouée dynamiquement au plus tôt','Tout espace mémoire alloué dynamiquement doit être libéré quand celui-ci n’est plus utile.',NULL,NULL,NULL,NULL,'102','212','1.d');
INSERT INTO `O_regle` VALUES ('10261','147','RÈGLE — Les zones mémoires sensibles doivent être mises à zéro avant d''être libérées.','Vide',NULL,NULL,NULL,NULL,'102','212','1.d');
INSERT INTO `O_regle` VALUES ('10262','148','RÈGLE — Ne pas libérer de mémoire non allouée dynamiquement','Vide',NULL,NULL,NULL,NULL,'102','212','1.d');
INSERT INTO `O_regle` VALUES ('10263','149','RÈGLE — Ne pas modifier l''allocation dynamique via realloc','Vide',NULL,NULL,NULL,NULL,'102','212','1.d');
INSERT INTO `O_regle` VALUES ('10264','150','RÈGLE — Bonne utilisation de l''opérateur sizeof','Une expression contenue dans un sizeof ne doit pas :\n contenir l’opérateur « = » car l’expression ne sera pas évaluée ; \n contenir de déréférencement de pointeur ;\n être appliqué sur un pointeur représentant un tableau.',NULL,NULL,NULL,NULL,'102','212','1.d');
INSERT INTO `O_regle` VALUES ('10265','151','RÈGLE — Vérification obligatoire du succès d''une allocation mémoire','Le succès d’une allocation mémoire doit toujours être vérifié.',NULL,NULL,NULL,NULL,'102','212','1.d');
INSERT INTO `O_regle` VALUES ('10266','152','RÈGLE — L''isolement des données sensibles doit être effectué','Contrôler le bon usage d’une zone mémoire stockant des données sensibles i.e. minimiser l’exposition en mémoire, minimiser la copie et effacer la/les zones ayant contenu les données sensibles au plus tôt.',NULL,NULL,NULL,NULL,'102','212','1.d');
INSERT INTO `O_regle` VALUES ('10267','153','RÈGLE — Initialiser et consulter la valeur de errno avant et après toute exécution d''une fonction de','Vide',NULL,NULL,NULL,NULL,'102','212','1.d');
INSERT INTO `O_regle` VALUES ('10268','154','RÈGLE — La gestion des erreurs retournées par une fonction de la bibliothèque standard doit être sys','Vide',NULL,NULL,NULL,NULL,'102','212','1.d');
INSERT INTO `O_regle` VALUES ('10269','155','RÈGLE — Documentation des codes d''erreur','Tous les codes d’erreur retournés par une fonction doivent être documentés. Dans le cas où plusieurs codes d’erreur peuvent être retournés en même temps par la fonction, la documentation doit définir la priorité de gestion de ces codes.',NULL,NULL,NULL,NULL,'102','212','1.d');
INSERT INTO `O_regle` VALUES ('10270','156','RECOMMANDATION — Structuration des codes de retour','Les codes de retour doivent être structurés de façon à pouvoir obtenir rapidement une information concernant le déroulement de la fonction appelée : \n erreur ; \n type d’erreur ; \n alarme ; \n type d’alarme ; \n ok ;',NULL,NULL,NULL,NULL,'102','212','1.d');
INSERT INTO `O_regle` VALUES ('10271','157','RÈGLE — Code de retour d''un programme C en fonction du résultat de son exécution','Le code de retour d’un programme C doit avoir une signification afin d’indiquer le bon déroulement du programme ou la survenue d’une erreur : \n la valeur du code de retour doit être comprise entre 0 et 127 ; \n la valeur 0 indique que le programme s’est exécuté sans erreur ;\n la valeur 2 est généralement utilisée sous Unix pour indiquer une erreur dans les arguments passés en paramètres au programme. \nLa signification des codes de retour du programme doit être indiquée dans sa documentation.',NULL,NULL,NULL,NULL,'102','212','1.d');
INSERT INTO `O_regle` VALUES ('10272','158','RECOMMANDATION — Privilégier les retours d''erreurs via des codes de retour dans la fonction principa','Un programme C doit disposer d’une fonction main() minimale. Les retours d’erreurs se font par un retour de code dédié (et donc documenté) de cette fonction.',NULL,NULL,NULL,NULL,'102','212','1.d');
INSERT INTO `O_regle` VALUES ('10273','159','RÈGLE — Ne pas utiliser les fonctions abort() ou _Exit()','Vide',NULL,NULL,NULL,NULL,'102','212','1.d');
INSERT INTO `O_regle` VALUES ('10274','160','RECOMMANDATION — Limiter les appels à exit()','Les appels à la fonction exit() doivent être commentés et non systématiques. Le développeur doit le plus souvent possible les remplacer par un retour de code d’erreur  dans la fonction principale.',NULL,NULL,NULL,NULL,'102','212','1.d');
INSERT INTO `O_regle` VALUES ('10275','161','RÈGLE — Ne pas utiliser les fonctions setjmp() et longjump()','Vide',NULL,NULL,NULL,NULL,'102','212','1.d');
INSERT INTO `O_regle` VALUES ('10276','162','RÈGLE — Ne pas utiliser les bibliothèques standards setjmp.h et stdarg.h','Vide',NULL,NULL,NULL,NULL,'102','212','1.d');
INSERT INTO `O_regle` VALUES ('10277','163','RECOMMANDATION — Limiter l''utilisation des bibliothèques standards manipulant des nombres flottants','Les bibliothèques standards float.h, fenv.h, complex.h et math.h ne doivent être utilisées que si cela est vraiment nécessaire.',NULL,NULL,NULL,NULL,'102','212','1.d');
INSERT INTO `O_regle` VALUES ('10278','164','RÈGLE — Ne pas utiliser les fonctions atoi() atol() atof() et atoll() de la bibliothèque stdlib.h','Les fonctions équivalentes strto*() sont à utiliser en remplacement.',NULL,NULL,NULL,NULL,'102','212','1.d');
INSERT INTO `O_regle` VALUES ('10279','165','RÈGLE — Ne pas utiliser la fonction rand() de la bibliothèque standard','Vide',NULL,NULL,NULL,NULL,'102','212','1.d');
INSERT INTO `O_regle` VALUES ('10280','166','RÈGLE — Utiliser les versions « plus sécurisées » pour les fonctions de la bibliothèque standard','Quand des fonctions de la bibliothèque standard existent en différentes versions, la version « plus sécurisée » doit être utilisée.',NULL,NULL,NULL,NULL,'102','212','1.d');
INSERT INTO `O_regle` VALUES ('10281','167','RÈGLE — Ne pas utiliser de fonctions de la bibliothèque obsolescentes ou devenues obsolètes dans des','Vide',NULL,NULL,NULL,NULL,'102','212','1.d');
INSERT INTO `O_regle` VALUES ('10282','168','RÈGLE — Ne pas utiliser de fonctions de la bibliothèque manipulant des buffers sans prendre la taill','Vide',NULL,NULL,NULL,NULL,'102','212','1.d');
INSERT INTO `O_regle` VALUES ('10283','169','BONNE PRATIQUE — Tout code doit être soumis à relecture','Vide',NULL,NULL,NULL,NULL,'102','212','1.d');
INSERT INTO `O_regle` VALUES ('10284','170','RECOMMANDATION — Indentation des expressions longues','Lorsqu’une instruction ou une expression s’étale sur plusieurs lignes, il est indispensable de l’indenter afin de faciliter la compréhension du code.',NULL,NULL,NULL,NULL,'102','212','1.d');
INSERT INTO `O_regle` VALUES ('10285','171','RÈGLE — Identifier et supprimer tout code mort','Vide',NULL,NULL,NULL,NULL,'102','212','1.d');
INSERT INTO `O_regle` VALUES ('10286','172','RÈGLE — Le code doit être exempt de code non atteignable en dehors de code défensif et de code d''int','Il ne doit jamais y avoir de code inatteignable, sauf s’il s’agit de code défensif ou s’il s’agit de code d’une interface et dans ces deux cas, il faut le préciser en commentaire.',NULL,NULL,NULL,NULL,'102','212','1.d');
INSERT INTO `O_regle` VALUES ('10287','173','RECOMMANDATION — Evaluation outillée du code source pour limiter les risques d''erreurs d''exécution','Le code source du logiciel doit être analysé via au moins un outil d’analyse de code. Les résultats produits par l’outil d’analyse doivent être étudiés par le développeur et les corrections doivent être effectuées par rapport aux problèmes découverts.',NULL,NULL,NULL,NULL,'102','212','1.d');
INSERT INTO `O_regle` VALUES ('10288','174','RECOMMANDATION — Limitation de la complexité cyclomatique','La complexité cyclomatique d’une fonction doit être limitée au maximum.',NULL,NULL,NULL,NULL,'102','212','1.d');
INSERT INTO `O_regle` VALUES ('10289','175','RECOMMANDATION — Limitation de la longueur et la complexité d''une fonction','Une fonction doit être associée idéalement à un seul et unique traitement et doit donc correspondre à un nombre de lignes de code raisonnable.',NULL,NULL,NULL,NULL,'102','212','1.d');
INSERT INTO `O_regle` VALUES ('10290','176','RÈGLE — Ne pas utiliser de mots clés du C++','Vide',NULL,NULL,NULL,NULL,'102','212','1.d');
INSERT INTO `O_regle` VALUES ('10291','177','RÈGLE — Séquences de caractères interdites dans les commentaires','Les séquences /* et // sont interdites dans tous les commentaires. Et un commentaire sur une ligne introduit par // ne doit pas contenir de caractère de continuation de ligne \\.',NULL,NULL,NULL,NULL,'102','212','1.d');
INSERT INTO `O_regle` VALUES ('10292','178','RÈGLE — Mise en oeuvre manuelle de mécanismes « canari » si les options de durcissement ne sont pas ','Vide',NULL,NULL,NULL,NULL,'102','212','1.d');
INSERT INTO `O_regle` VALUES ('10293','179','RÈGLE — Pas d''assertions de mise au point sur un code mis en production','Les assertions de mise au point ne doivent pas être présentes en production.',NULL,NULL,NULL,NULL,'102','212','1.d');
INSERT INTO `O_regle` VALUES ('10294','180','RECOMMANDATION — La gestion des assertions d''intégrité doit inclure un effacement des données d''urge','Les assertions d’intégrité doivent apparaître en production. En cas de déclenchement d’une assertion d’intégrité, le code de traitement doit aboutir à un effacement d’urgence des données sensibles.',NULL,NULL,NULL,NULL,'102','212','1.d');
INSERT INTO `O_regle` VALUES ('10295','181','RÈGLE — Tout fichier non vide doit se terminer par un retour à la ligne et les directives de preproc','Un fichier non vide ne doit pas se terminer au milieu d’un commentaire ou d’une directive de preprocessing.',NULL,NULL,NULL,NULL,'102','212','1.d');


DROP TABLE IF EXISTS `P_SROV`;
CREATE TABLE `P_SROV` (
  `id_source_de_risque` int(11) NOT NULL AUTO_INCREMENT,
  `type_d_attaquant_source_de_risque` varchar(100) DEFAULT NULL,
  `profil_de_l_attaquant_source_de_risque` varchar(100) DEFAULT NULL,
  `description_source_de_risque` varchar(1000) DEFAULT NULL,
  `objectif_vise` varchar(100) DEFAULT NULL,
  `description_objectif_vise` varchar(1000) DEFAULT NULL,
  `motivation` int(11) DEFAULT NULL,
  `ressources` int(11) DEFAULT NULL,
  `activite` int(11) DEFAULT NULL,
  `mode_operatoire` varchar(1000) DEFAULT NULL,
  `secteur_d_activite` varchar(1000) DEFAULT NULL,
  `arsenal_d_attaque` varchar(1000) DEFAULT NULL,
  `faits_d_armes` varchar(1000) DEFAULT NULL,
  `pertinence` varchar(100) DEFAULT NULL,
  `choix_source_de_risque` varchar(2) DEFAULT NULL,
  `id_atelier` varchar(50) NOT NULL,
  `id_projet` int(11) NOT NULL,
  PRIMARY KEY (`id_source_de_risque`),
  KEY `P_SROV_F_projet0_FK` (`id_projet`),
  KEY `P_SROV_G_atelier_FK` (`id_atelier`),
  CONSTRAINT `P_SROV_F_projet0_FK` FOREIGN KEY (`id_projet`) REFERENCES `F_projet` (`id_projet`) ON DELETE CASCADE ON UPDATE CASCADE,
  CONSTRAINT `P_SROV_G_atelier_FK` FOREIGN KEY (`id_atelier`) REFERENCES `G_atelier` (`id_atelier`) ON DELETE CASCADE ON UPDATE CASCADE
) ENGINE=InnoDB AUTO_INCREMENT=153 DEFAULT CHARSET=utf8mb4;

INSERT INTO `P_SROV` VALUES ('14','Organisation idéologique','Amateur','Desc SR','MonOOV','Desc OV','1','1','1','','','','','Faible','P2','2.a','15');
INSERT INTO `P_SROV` VALUES ('15','Individu isolé','Le voisin','Des SR','Voler le mot de passe','Desc OV','1','1','1','','','','','Faible','P2','2.a','15');
INSERT INTO `P_SROV` VALUES ('16','Organisation structurée','Amateur','gfdg','OV par Carlos','dfgdfgdf','1','1','1','','','','','Faible','P1','2.a','14');
INSERT INTO `P_SROV` VALUES ('18','Organisation structurée','Etatique','SR1','Espionnage','OV1','1','1','1','','','','','Faible','P1','2.a','17');
INSERT INTO `P_SROV` VALUES ('19','Organisation structurée','Anonymous','Groupe de hacker très bien organisé','Se faire connaitre','Faire le buzz','3','3','3','','','','','Élevée','P1','2.a','15');
INSERT INTO `P_SROV` VALUES ('20','Organisation idéologique','Anonymous','Groupe structuré de hacker','Attaquer le capitalisme','Objectif faire tomber les grands sociétés commerciales','3','3','3','','','','','Élevée','P1','2.a','15');
INSERT INTO `P_SROV` VALUES ('21','Organisation idéologique','Hacker','Des hackers ou groupe de hacker sur internet','Voler les mots de passe','L''objectif des hackers est de récupérer les mots de passe pour des raisons pécunières','3','3','3','','','','','Élevée','P1','2.a','25');
INSERT INTO `P_SROV` VALUES ('22','Individu isolé','Membre de la famille','Membre de la famille','Voler les mots de passe','Accéder aux emails ou autres','3','1','1','','','','','Moyenne','P1','2.a','25');
INSERT INTO `P_SROV` VALUES ('74','Individu isolé','Amateur','Membre de l''entourage, envieux, jaloux, rancunier','Lucratif','Récupération de donnés sensibles','3','1','1','','','','','Moyenne','P2','2.a','28');
INSERT INTO `P_SROV` VALUES ('75','Organisation structurée','Officine spécialisée','Concurrent','Espionnage','Récupérer des informations sur l entreprise à laquelle est rattaché l utilisateur','3','3','3','','','','','Élevée','P1','2.a','28');
INSERT INTO `P_SROV` VALUES ('76','Individu isolé','Hacker','Pirate attaquant','Lucratif','Vol de données utilisateurs, revente','3','3','3','','','','','Élevée','P1','2.a','28');
INSERT INTO `P_SROV` VALUES ('88','Organisation structurée','Membre de la famille','Desc 0','Voler les mots de passe','Desc 1','1','1','1','a','b','c','d','Moyenne','P1','2.a','158');
INSERT INTO `P_SROV` VALUES ('89','Individu isolé','Etatique','Desc 2','MonOOV','AAAA','2','3','1','z','e','r','t','Élevée','P2','2.a','158');
INSERT INTO `P_SROV` VALUES ('147','Organisation idéologique','Activiste idéologique','Un activiste contre l''implentation des éoliennes ','Prépositionnement stratégique','L''activiste vise a détruire-voler les données des éoliennes','3','1','3','','','','','Moyenne','P1','2.a','209');
INSERT INTO `P_SROV` VALUES ('148','Individu isolé','Papa','Mon papa','Accéder aux comptes facebook','Acceder à facebook','1','1','1','','','','','Faible','P2','2.a','210');
INSERT INTO `P_SROV` VALUES ('149','Organisation idéologique','Crime organisé','La mafia italienne','Accéder aux comptes bancaires','Voler l''argent','2','2','2','','','','','Moyenne','P1','2.a','210');
INSERT INTO `P_SROV` VALUES ('150','Organisation structurée','Etatique','Les russes','Chantage','Chantage','3','3','3','','','','','Élevée','P1','2.a','210');
INSERT INTO `P_SROV` VALUES ('151','Individu isolé','Hacker','Hacker isolé ','Vol d''argent','Gagner de l''argent en vendant des comptes utilisateurs sur le dark web.','3','2','2','','','','','Élevée','P1','2.a','212');
INSERT INTO `P_SROV` VALUES ('152','Individu isolé','Connaissance','Connaissance de la victime qui à accès physiquement aux locaux.','Espionnage','Une connaissance par curiosité veut accéder aux comptes de la victime par curiosité.','1','1','1','','','','','Faible','P1','2.a','212');


DROP TABLE IF EXISTS `Q_seuil`;
CREATE TABLE `Q_seuil` (
  `id_seuil` int(11) NOT NULL AUTO_INCREMENT,
  `seuil_danger` int(11) DEFAULT NULL,
  `seuil_controle` int(11) DEFAULT NULL,
  `seuil_veille` int(11) DEFAULT NULL,
  `id_projet` int(11) NOT NULL,
  `id_atelier` varchar(50) NOT NULL,
  PRIMARY KEY (`id_seuil`),
  KEY `Q_seuil_F_projet_FK` (`id_projet`),
  KEY `Q_seuil_G_atelier0_FK` (`id_atelier`),
  CONSTRAINT `Q_seuil_F_projet_FK` FOREIGN KEY (`id_projet`) REFERENCES `F_projet` (`id_projet`) ON DELETE CASCADE ON UPDATE CASCADE,
  CONSTRAINT `Q_seuil_G_atelier0_FK` FOREIGN KEY (`id_atelier`) REFERENCES `G_atelier` (`id_atelier`) ON DELETE CASCADE ON UPDATE CASCADE
) ENGINE=InnoDB AUTO_INCREMENT=99 DEFAULT CHARSET=utf8mb4;

INSERT INTO `Q_seuil` VALUES ('14','8','4','2','14','3.a');
INSERT INTO `Q_seuil` VALUES ('15','7','4','2','15','3.a');
INSERT INTO `Q_seuil` VALUES ('17','6','4','2','17','3.a');
INSERT INTO `Q_seuil` VALUES ('21','6','4','2','25','3.a');
INSERT INTO `Q_seuil` VALUES ('24','6','4','2','28','3.a');
INSERT INTO `Q_seuil` VALUES ('61','6','4','2','93','3.a');
INSERT INTO `Q_seuil` VALUES ('62','6','4','2','104','3.a');
INSERT INTO `Q_seuil` VALUES ('63','6','4','2','158','3.a');
INSERT INTO `Q_seuil` VALUES ('94','6','4','2','207','3.a');
INSERT INTO `Q_seuil` VALUES ('95','6','4','2','209','3.a');
INSERT INTO `Q_seuil` VALUES ('96','6','4','2','210','3.a');
INSERT INTO `Q_seuil` VALUES ('98','6','4','2','212','3.a');


DROP TABLE IF EXISTS `R_partie_prenante`;
CREATE TABLE `R_partie_prenante` (
  `id_partie_prenante` int(11) NOT NULL AUTO_INCREMENT,
  `categorie_partie_prenante` varchar(100) DEFAULT NULL,
  `nom_partie_prenante` varchar(100) DEFAULT NULL,
  `type` varchar(50) DEFAULT NULL,
  `dependance_partie_prenante` int(11) DEFAULT NULL,
  `penetration_partie_prenante` int(11) DEFAULT NULL,
  `maturite_partie_prenante` int(11) DEFAULT NULL,
  `confiance_partie_prenante` int(11) DEFAULT NULL,
  `niveau_de_menace_partie_prenante` double DEFAULT NULL,
  `ponderation_dependance` int(11) DEFAULT NULL,
  `ponderation_penetration` int(11) DEFAULT NULL,
  `ponderation_maturite` int(11) DEFAULT NULL,
  `ponderation_confiance` int(11) DEFAULT NULL,
  `dependance_residuelle` int(11) DEFAULT NULL,
  `penetration_residuelle` int(11) DEFAULT NULL,
  `maturite_residuelle` int(11) DEFAULT NULL,
  `confiance_residuelle` int(11) DEFAULT NULL,
  `niveau_de_menace_residuelle` double DEFAULT NULL,
  `id_atelier` varchar(50) NOT NULL,
  `id_projet` int(11) NOT NULL,
  `id_seuil` int(11) NOT NULL,
  `criticite` varchar(50) NOT NULL,
  PRIMARY KEY (`id_partie_prenante`),
  KEY `R_partie_prenante_F_projet0_FK` (`id_projet`),
  KEY `R_partie_prenante_G_atelier_FK` (`id_atelier`),
  KEY `R_partie_prenante_Q_seuil1_FK` (`id_seuil`),
  CONSTRAINT `R_partie_prenante_F_projet0_FK` FOREIGN KEY (`id_projet`) REFERENCES `F_projet` (`id_projet`) ON DELETE CASCADE ON UPDATE CASCADE,
  CONSTRAINT `R_partie_prenante_G_atelier_FK` FOREIGN KEY (`id_atelier`) REFERENCES `G_atelier` (`id_atelier`) ON DELETE CASCADE ON UPDATE CASCADE,
  CONSTRAINT `R_partie_prenante_Q_seuil1_FK` FOREIGN KEY (`id_seuil`) REFERENCES `Q_seuil` (`id_seuil`) ON DELETE CASCADE ON UPDATE CASCADE
) ENGINE=InnoDB AUTO_INCREMENT=149 DEFAULT CHARSET=utf8mb4;

INSERT INTO `R_partie_prenante` VALUES ('24','Gestion interne','CarlosPP','Interne','4','4','1','1','16','1','1','1','1','1','1','1','1','1','3.a','15','15','Critique');
INSERT INTO `R_partie_prenante` VALUES ('25','fdfs','Service informatique','Externe','4','4','1','1','16','1','1','1','1','3','1','1','1','3','3.a','14','14','Très critique');
INSERT INTO `R_partie_prenante` VALUES ('26','Cat Me','CarlosAAA','Interne','4','2','1','1','8','1','1','1','1','4','4','1','1','16','3.a','15','15','Pas critique');
INSERT INTO `R_partie_prenante` VALUES ('27','Gestion interne','CarlosPP','Interne','1','1','1','1','1','1','1','1','1','4','4','1','1','16','3.a','14','14','Peu critique');
INSERT INTO `R_partie_prenante` VALUES ('29','Gestion interne','PP3','Interne','2','1','1','1','2','1','1','1','1','4','4','4','4','1','3.a','15','15','Pas critique');
INSERT INTO `R_partie_prenante` VALUES ('30','Gestion interne','PP4','Externe','1','1','1','1','1','1','1','1','1','4','1','1','1','4','3.a','15','15','Pas critique');
INSERT INTO `R_partie_prenante` VALUES ('31','Gestion interne','PP5','Externe','4','4','1','1','16','1','1','1','1','4','2','1','1','8','3.a','15','15','Critique');
INSERT INTO `R_partie_prenante` VALUES ('32','CAT1','PP1','Interne','4','4','2','2','4','1','1','1','1','1','1','4','4','0.06','3.a','17','17','Critique');
INSERT INTO `R_partie_prenante` VALUES ('33','CAT1','PP2','Interne','1','1','1','1','1','1','1','1','1','2','1','1','1','2','3.a','17','17','Pas critique');
INSERT INTO `R_partie_prenante` VALUES ('34','CAT1','PP3','Externe','4','4','1','1','16','1','1','1','1','3','3','1','1','9','3.a','17','17','Critique');
INSERT INTO `R_partie_prenante` VALUES ('35','CAT1','PP4','Externe','1','1','1','1','1','1','1','1','1','1','1','1','1','1','3.a','17','17','Pas critique');
INSERT INTO `R_partie_prenante` VALUES ('36','Service logistique','Camion Durand','Externe','2','3','1','3','2','1','1','1','1',NULL,NULL,NULL,NULL,NULL,'3.a','15','15','Critique');
INSERT INTO `R_partie_prenante` VALUES ('37','Service logistique','SerEtrange','Externe','4','4','1','1','16','1','1','1','1','1','3','3','2','0.5','3.a','15','15','Critique');
INSERT INTO `R_partie_prenante` VALUES ('41','Utilisateur','Utilisateur','Interne','4','4','1','4','4','1','1','1','1','4','4','4','4','1','3.a','25','21','Critique');
INSERT INTO `R_partie_prenante` VALUES ('42','Matériel','Ordinateur','Interne','4','4','1','1','16','1','1','1','1','4','4','3','3','1.78','3.a','25','21','Critique');
INSERT INTO `R_partie_prenante` VALUES ('43','Logiciel','Logiciel de coffre fort','Interne','4','4','1','1','16','1','1','1','1','4','4','3','2','2.67','3.a','25','21','Critique');
INSERT INTO `R_partie_prenante` VALUES ('47','CAT1','PP1','Interne','1','1','1','1','1','1','1','1','1',NULL,NULL,NULL,NULL,NULL,'3.a','17','17','Pas critique');
INSERT INTO `R_partie_prenante` VALUES ('88','Informatique','Exécutable','Interne','4','4','1','1','16','1','1','1','1','1','2','3','4','0.17','3.a','28','24','Critique');
INSERT INTO `R_partie_prenante` VALUES ('89','Informatique','Ordinateur','Externe','4','4','2','1','8','1','1','1','1','4','2','2','2','2','3.a','28','24','Critique');
INSERT INTO `R_partie_prenante` VALUES ('90','Clients','Utilisateur','Externe','4','4','1','1','16','1','1','1','1','1','1','2','2','0.25','3.a','28','24','Critique');
INSERT INTO `R_partie_prenante` VALUES ('92','Service logistique','CarlosPP','Interne','1','3','2','4','0.38','1','1','1','1','1','1','1','1','1','3.a','158','63','Critique');
INSERT INTO `R_partie_prenante` VALUES ('93','Gestion interne','sss','Externe','4','2','3','1','2.67','1','1','1','1',NULL,NULL,NULL,NULL,NULL,'3.a','158','63','Pas critique');
INSERT INTO `R_partie_prenante` VALUES ('140','Ordinateur','Ordinateur','Interne','4','2','4','1','2','1','1','1','1','1','1','1','1','1','3.a','209','95','Critique');
INSERT INTO `R_partie_prenante` VALUES ('141','Logiciel','Logiciel','Interne','4','4','2','2','4','1','1','1','1',NULL,NULL,NULL,NULL,NULL,'3.a','210','96','Critique');
INSERT INTO `R_partie_prenante` VALUES ('142','PC','PC','Externe','4','4','1','1','16','1','1','1','1',NULL,NULL,NULL,NULL,NULL,'3.a','210','96','Critique');
INSERT INTO `R_partie_prenante` VALUES ('143','dddd','ddddd','Interne','1','1','1','1','1','1','1','1','1',NULL,NULL,NULL,NULL,NULL,'3.a','15','15','Pas critique');
INSERT INTO `R_partie_prenante` VALUES ('144','Producteur','ChinaUsine','Externe','4','4','1','1','16','1','1','1','1',NULL,NULL,NULL,NULL,NULL,'3.a','212','98','Critique');
INSERT INTO `R_partie_prenante` VALUES ('145','Développeur','IndiaDev','Externe','4','4','1','1','16','1','1','1','1',NULL,NULL,NULL,NULL,NULL,'3.a','212','98','Critique');
INSERT INTO `R_partie_prenante` VALUES ('146','Utilisateur','Utilisateur','Externe','4','4','1','1','16','1','1','1','1',NULL,NULL,NULL,NULL,NULL,'3.a','212','98','Critique');
INSERT INTO `R_partie_prenante` VALUES ('147','Logiciel','Logiciel','Interne','4','4','3','3','1.78','1','1','1','1',NULL,NULL,NULL,NULL,NULL,'3.a','212','98','Critique');
INSERT INTO `R_partie_prenante` VALUES ('148','Matériel','Matériel','Interne','4','4','3','3','1.78','1','1','1','1',NULL,NULL,NULL,NULL,NULL,'3.a','212','98','Critique');


DROP TABLE IF EXISTS `S_scenario_strategique`;
CREATE TABLE `S_scenario_strategique` (
  `id_scenario_strategique` int(11) NOT NULL AUTO_INCREMENT,
  `nom_scenario_strategique` varchar(50) DEFAULT NULL,
  `images` text DEFAULT NULL,
  `id_atelier` varchar(50) NOT NULL,
  `id_source_de_risque` int(11) NOT NULL,
  `id_projet` int(11) NOT NULL,
  PRIMARY KEY (`id_scenario_strategique`),
  KEY `S_scenario_strategique_F_projet2_FK` (`id_projet`),
  KEY `S_scenario_strategique_G_atelier_FK` (`id_atelier`),
  KEY `S_scenario_strategique_P_SROV0_FK` (`id_source_de_risque`),
  CONSTRAINT `S_scenario_strategique_F_projet2_FK` FOREIGN KEY (`id_projet`) REFERENCES `F_projet` (`id_projet`) ON DELETE CASCADE ON UPDATE CASCADE,
  CONSTRAINT `S_scenario_strategique_G_atelier_FK` FOREIGN KEY (`id_atelier`) REFERENCES `G_atelier` (`id_atelier`) ON DELETE CASCADE ON UPDATE CASCADE,
  CONSTRAINT `S_scenario_strategique_P_SROV0_FK` FOREIGN KEY (`id_source_de_risque`) REFERENCES `P_SROV` (`id_source_de_risque`) ON DELETE CASCADE ON UPDATE CASCADE
) ENGINE=InnoDB AUTO_INCREMENT=112 DEFAULT CHARSET=utf8mb4;

INSERT INTO `S_scenario_strategique` VALUES ('13','MonScénarStratégique',NULL,'3.b','14','15');
INSERT INTO `S_scenario_strategique` VALUES ('16','SS1','Microsoft_logo_(2012)_modified.svg.png','3.b','18','17');
INSERT INTO `S_scenario_strategique` VALUES ('17','Vol de mot de passe avancé',NULL,'3.b','21','25');
INSERT INTO `S_scenario_strategique` VALUES ('18','Vol de mot de passe basique',NULL,'3.b','22','25');
INSERT INTO `S_scenario_strategique` VALUES ('71','Vol de mot de passe avancé','data:application/xml,%3C%3Fxml%20version%3D%221.0%22%20encoding%3D%22UTF-8%22%3F%3E%0A%3Cdefinitions%20xmlns%3D%22http%3A%2F%2Fwww.omg.org%2Fspec%2FBPMN%2F20100524%2FMODEL%22%20xmlns%3Abpmndi%3D%22http%3A%2F%2Fwww.omg.org%2Fspec%2FBPMN%2F20100524%2FDI%22%20xmlns%3Aomgdc%3D%22http%3A%2F%2Fwww.omg.org%2Fspec%2FDD%2F20100524%2FDC%22%20xmlns%3Axsi%3D%22http%3A%2F%2Fwww.w3.org%2F2001%2FXMLSchema-instance%22%20xmlns%3Adi%3D%22http%3A%2F%2Fwww.omg.org%2Fspec%2FDD%2F20100524%2FDI%22%20targetNamespace%3D%22%22%20xsi%3AschemaLocation%3D%22http%3A%2F%2Fwww.omg.org%2Fspec%2FBPMN%2F20100524%2FMODEL%20http%3A%2F%2Fwww.omg.org%2Fspec%2FBPMN%2F2.0%2F20100501%2FBPMN20.xsd%22%3E%0A%20%20%3Ccollaboration%20id%3D%22Collaboration_0n85r8a%22%3E%0A%20%20%20%20%3Cparticipant%20id%3D%22Participant_0s2lx66%22%20name%3D%22Source%20de%20risque%22%20processRef%3D%22Process_0qqwoep%22%20%2F%3E%0A%20%20%20%20%3Cparticipant%20id%3D%22Participant_1p5a95g%22%20name%3D%22%C3%89cosyst%C3%A8me%22%20processRef%3D%22Process_0r4d8dh%22%20%2F%3E%0A%20%20%20%20%3Cparticipant%20id%3D%22Participant_1lsp20e%22%20name%3D%22Objectif%20vis%C3%A9%22%20processRef%3D%22Process_0a2q3ig%22%20%2F%3E%0A%20%20%20%20%3CmessageFlow%20id%3D%22Flow_00l3opd%22%20name%3D%22C1%20-%20EI%20%3A%20ccccc%22%20sourceRef%3D%22Activity_0ynt8a1%22%20targetRef%3D%22Activity_04r7d64%22%20%2F%3E%0A%20%20%20%20%3CmessageFlow%20id%3D%22Flow_1fhjlg3%22%20name%3D%22C1%20-%20EI%20%3A%20ccccc%22%20sourceRef%3D%22Activity_04r7d64%22%20targetRef%3D%22Activity_1l4ainw%22%20%2F%3E%0A%20%20%3C%2Fcollaboration%3E%0A%20%20%3Cprocess%20id%3D%22Process_0qqwoep%22%3E%0A%20%20%20%20%3CuserTask%20id%3D%22Activity_0ynt8a1%22%20name%3D%22Membre%20de%20la%20famille%22%20%2F%3E%0A%20%20%3C%2Fprocess%3E%0A%20%20%3Cprocess%20id%3D%22Process_0r4d8dh%22%3E%0A%20%20%20%20%3CserviceTask%20id%3D%22Activity_04r7d64%22%20name%3D%22CarlosPP%22%20%2F%3E%0A%20%20%3C%2Fprocess%3E%0A%20%20%3Cprocess%20id%3D%22Process_0a2q3ig%22%3E%0A%20%20%20%20%3CmanualTask%20id%3D%22Activity_1l4ainw%22%20name%3D%22WM2%22%20%2F%3E%0A%20%20%3C%2Fprocess%3E%0A%20%20%3Cbpmndi%3ABPMNDiagram%20id%3D%22sid-74620812-92c4-44e5-949c-aa47393d3830%22%3E%0A%20%20%20%20%3Cbpmndi%3ABPMNPlane%20id%3D%22sid-cdcae759-2af7-4a6d-bd02-53f3352a731d%22%20bpmnElement%3D%22Collaboration_0n85r8a%22%3E%0A%20%20%20%20%20%20%3Cbpmndi%3ABPMNShape%20id%3D%22Participant_0s2lx66_di%22%20bpmnElement%3D%22Participant_0s2lx66%22%20isHorizontal%3D%22true%22%3E%0A%20%20%20%20%20%20%20%20%3Comgdc%3ABounds%20x%3D%22230%22%20y%3D%22100%22%20width%3D%22300%22%20height%3D%22640%22%20%2F%3E%0A%20%20%20%20%20%20%3C%2Fbpmndi%3ABPMNShape%3E%0A%20%20%20%20%20%20%3Cbpmndi%3ABPMNShape%20id%3D%22Activity_0ynt8a1_di%22%20bpmnElement%3D%22Activity_0ynt8a1%22%3E%0A%20%20%20%20%20%20%20%20%3Comgdc%3ABounds%20x%3D%22330%22%20y%3D%22170%22%20width%3D%22100%22%20height%3D%2280%22%20%2F%3E%0A%20%20%20%20%20%20%3C%2Fbpmndi%3ABPMNShape%3E%0A%20%20%20%20%20%20%3Cbpmndi%3ABPMNShape%20id%3D%22Participant_1p5a95g_di%22%20bpmnElement%3D%22Participant_1p5a95g%22%20isHorizontal%3D%22true%22%3E%0A%20%20%20%20%20%20%20%20%3Comgdc%3ABounds%20x%3D%22550%22%20y%3D%22100%22%20width%3D%22300%22%20height%3D%22640%22%20%2F%3E%0A%20%20%20%20%20%20%3C%2Fbpmndi%3ABPMNShape%3E%0A%20%20%20%20%20%20%3Cbpmndi%3ABPMNShape%20id%3D%22Activity_04r7d64_di%22%20bpmnElement%3D%22Activity_04r7d64%22%3E%0A%20%20%20%20%20%20%20%20%3Comgdc%3ABounds%20x%3D%22690%22%20y%3D%22180%22%20width%3D%22100%22%20height%3D%2280%22%20%2F%3E%0A%20%20%20%20%20%20%3C%2Fbpmndi%3ABPMNShape%3E%0A%20%20%20%20%20%20%3Cbpmndi%3ABPMNShape%20id%3D%22Participant_1lsp20e_di%22%20bpmnElement%3D%22Participant_1lsp20e%22%20isHorizontal%3D%22true%22%3E%0A%20%20%20%20%20%20%20%20%3Comgdc%3ABounds%20x%3D%22870%22%20y%3D%22100%22%20width%3D%22300%22%20height%3D%22640%22%20%2F%3E%0A%20%20%20%20%20%20%3C%2Fbpmndi%3ABPMNShape%3E%0A%20%20%20%20%20%20%3Cbpmndi%3ABPMNShape%20id%3D%22Activity_1l4ainw_di%22%20bpmnElement%3D%22Activity_1l4ainw%22%3E%0A%20%20%20%20%20%20%20%20%3Comgdc%3ABounds%20x%3D%22960%22%20y%3D%22220%22%20width%3D%22100%22%20height%3D%2280%22%20%2F%3E%0A%20%20%20%20%20%20%3C%2Fbpmndi%3ABPMNShape%3E%0A%20%20%20%20%20%20%3Cbpmndi%3ABPMNEdge%20id%3D%22Flow_00l3opd_di%22%20bpmnElement%3D%22Flow_00l3opd%22%3E%0A%20%20%20%20%20%20%20%20%3Cdi%3Awaypoint%20x%3D%22430%22%20y%3D%22209%22%20%2F%3E%0A%20%20%20%20%20%20%20%20%3Cdi%3Awaypoint%20x%3D%22690%22%20y%3D%22209%22%20%2F%3E%0A%20%20%20%20%20%20%20%20%3Cbpmndi%3ABPMNLabel%3E%0A%20%20%20%20%20%20%20%20%20%20%3Comgdc%3ABounds%20x%3D%22525%22%20y%3D%22191%22%20width%3D%2271%22%20height%3D%2214%22%20%2F%3E%0A%20%20%20%20%20%20%20%20%3C%2Fbpmndi%3ABPMNLabel%3E%0A%20%20%20%20%20%20%3C%2Fbpmndi%3ABPMNEdge%3E%0A%20%20%20%20%20%20%3Cbpmndi%3ABPMNEdge%20id%3D%22Flow_1fhjlg3_di%22%20bpmnElement%3D%22Flow_1fhjlg3%22%3E%0A%20%20%20%20%20%20%20%20%3Cdi%3Awaypoint%20x%3D%22790%22%20y%3D%22221%22%20%2F%3E%0A%20%20%20%20%20%20%20%20%3Cdi%3Awaypoint%20x%3D%22966%22%20y%3D%22221%22%20%2F%3E%0A%20%20%20%20%20%20%20%20%3Cbpmndi%3ABPMNLabel%3E%0A%20%20%20%20%20%20%20%20%20%20%3Comgdc%3ABounds%20x%3D%22843%22%20y%3D%22203%22%20width%3D%2271%22%20height%3D%2214%22%20%2F%3E%0A%20%20%20%20%20%20%20%20%3C%2Fbpmndi%3ABPMNLabel%3E%0A%20%20%20%20%20%20%3C%2Fbpmndi%3ABPMNEdge%3E%0A%20%20%20%20%3C%2Fbpmndi%3ABPMNPlane%3E%0A%20%20%20%20%3Cbpmndi%3ABPMNLabelStyle%20id%3D%22sid-e0502d32-f8d1-41cf-9c4a-cbb49fecf581%22%3E%0A%20%20%20%20%20%20%3Comgdc%3AFont%20name%3D%22Arial%22%20size%3D%2211%22%20isBold%3D%22false%22%20isItalic%3D%22false%22%20isUnderline%3D%22false%22%20isStrikeThrough%3D%22false%22%20%2F%3E%0A%20%20%20%20%3C%2Fbpmndi%3ABPMNLabelStyle%3E%0A%20%20%20%20%3Cbpmndi%3ABPMNLabelStyle%20id%3D%22sid-84cb49fd-2f7c-44fb-8950-83c3fa153d3b%22%3E%0A%20%20%20%20%20%20%3Comgdc%3AFont%20name%3D%22Arial%22%20size%3D%2212%22%20isBold%3D%22false%22%20isItalic%3D%22false%22%20isUnderline%3D%22false%22%20isStrikeThrough%3D%22false%22%20%2F%3E%0A%20%20%20%20%3C%2Fbpmndi%3ABPMNLabelStyle%3E%0A%20%20%3C%2Fbpmndi%3ABPMNDiagram%3E%0A%3C%2Fdefinitions%3E%0A','3.b','88','158');
INSERT INTO `S_scenario_strategique` VALUES ('93','SCE2','data:application/xml,%3C%3Fxml%20version%3D%221.0%22%20encoding%3D%22UTF-8%22%3F%3E%0A%3Cdefinitions%20xmlns%3D%22http%3A%2F%2Fwww.omg.org%2Fspec%2FBPMN%2F20100524%2FMODEL%22%20xmlns%3Abpmndi%3D%22http%3A%2F%2Fwww.omg.org%2Fspec%2FBPMN%2F20100524%2FDI%22%20xmlns%3Aomgdc%3D%22http%3A%2F%2Fwww.omg.org%2Fspec%2FDD%2F20100524%2FDC%22%20xmlns%3Axsi%3D%22http%3A%2F%2Fwww.w3.org%2F2001%2FXMLSchema-instance%22%20targetNamespace%3D%22%22%20xsi%3AschemaLocation%3D%22http%3A%2F%2Fwww.omg.org%2Fspec%2FBPMN%2F20100524%2FMODEL%20http%3A%2F%2Fwww.omg.org%2Fspec%2FBPMN%2F2.0%2F20100501%2FBPMN20.xsd%22%3E%0A%20%20%3Ccollaboration%20id%3D%22Collaboration_0n85r8a%22%3E%0A%20%20%20%20%3Cparticipant%20id%3D%22Participant_0s2lx66%22%20name%3D%22Source%20de%20risque%22%20processRef%3D%22Process_0qqwoep%22%20%2F%3E%0A%20%20%20%20%3Cparticipant%20id%3D%22Participant_1p5a95g%22%20name%3D%22%C3%89cosyst%C3%A8me%22%20processRef%3D%22Process_0r4d8dh%22%20%2F%3E%0A%20%20%20%20%3Cparticipant%20id%3D%22Participant_1lsp20e%22%20name%3D%22Objectif%20vis%C3%A9%22%20processRef%3D%22Process_0a2q3ig%22%20%2F%3E%0A%20%20%3C%2Fcollaboration%3E%0A%20%20%3Cprocess%20id%3D%22Process_0qqwoep%22%3E%0A%20%20%20%20%3CuserTask%20id%3D%22Activity_0ynt8a1%22%20%2F%3E%0A%20%20%3C%2Fprocess%3E%0A%20%20%3Cprocess%20id%3D%22Process_0r4d8dh%22%20%2F%3E%0A%20%20%3Cprocess%20id%3D%22Process_0a2q3ig%22%20%2F%3E%0A%20%20%3Cbpmndi%3ABPMNDiagram%20id%3D%22sid-74620812-92c4-44e5-949c-aa47393d3830%22%3E%0A%20%20%20%20%3Cbpmndi%3ABPMNPlane%20id%3D%22sid-cdcae759-2af7-4a6d-bd02-53f3352a731d%22%20bpmnElement%3D%22Collaboration_0n85r8a%22%3E%0A%20%20%20%20%20%20%3Cbpmndi%3ABPMNShape%20id%3D%22Participant_0s2lx66_di%22%20bpmnElement%3D%22Participant_0s2lx66%22%20isHorizontal%3D%22true%22%3E%0A%20%20%20%20%20%20%20%20%3Comgdc%3ABounds%20x%3D%22230%22%20y%3D%22100%22%20width%3D%22300%22%20height%3D%22640%22%20%2F%3E%0A%20%20%20%20%20%20%3C%2Fbpmndi%3ABPMNShape%3E%0A%20%20%20%20%20%20%3Cbpmndi%3ABPMNShape%20id%3D%22Activity_0ynt8a1_di%22%20bpmnElement%3D%22Activity_0ynt8a1%22%3E%0A%20%20%20%20%20%20%20%20%3Comgdc%3ABounds%20x%3D%22330%22%20y%3D%22170%22%20width%3D%22100%22%20height%3D%2280%22%20%2F%3E%0A%20%20%20%20%20%20%3C%2Fbpmndi%3ABPMNShape%3E%0A%20%20%20%20%20%20%3Cbpmndi%3ABPMNShape%20id%3D%22Participant_1p5a95g_di%22%20bpmnElement%3D%22Participant_1p5a95g%22%20isHorizontal%3D%22true%22%3E%0A%20%20%20%20%20%20%20%20%3Comgdc%3ABounds%20x%3D%22550%22%20y%3D%22100%22%20width%3D%22300%22%20height%3D%22640%22%20%2F%3E%0A%20%20%20%20%20%20%3C%2Fbpmndi%3ABPMNShape%3E%0A%20%20%20%20%20%20%3Cbpmndi%3ABPMNShape%20id%3D%22Participant_1lsp20e_di%22%20bpmnElement%3D%22Participant_1lsp20e%22%20isHorizontal%3D%22true%22%3E%0A%20%20%20%20%20%20%20%20%3Comgdc%3ABounds%20x%3D%22870%22%20y%3D%22100%22%20width%3D%22300%22%20height%3D%22640%22%20%2F%3E%0A%20%20%20%20%20%20%3C%2Fbpmndi%3ABPMNShape%3E%0A%20%20%20%20%3C%2Fbpmndi%3ABPMNPlane%3E%0A%20%20%20%20%3Cbpmndi%3ABPMNLabelStyle%20id%3D%22sid-e0502d32-f8d1-41cf-9c4a-cbb49fecf581%22%3E%0A%20%20%20%20%20%20%3Comgdc%3AFont%20name%3D%22Arial%22%20size%3D%2211%22%20isBold%3D%22false%22%20isItalic%3D%22false%22%20isUnderline%3D%22false%22%20isStrikeThrough%3D%22false%22%20%2F%3E%0A%20%20%20%20%3C%2Fbpmndi%3ABPMNLabelStyle%3E%0A%20%20%20%20%3Cbpmndi%3ABPMNLabelStyle%20id%3D%22sid-84cb49fd-2f7c-44fb-8950-83c3fa153d3b%22%3E%0A%20%20%20%20%20%20%3Comgdc%3AFont%20name%3D%22Arial%22%20size%3D%2212%22%20isBold%3D%22false%22%20isItalic%3D%22false%22%20isUnderline%3D%22false%22%20isStrikeThrough%3D%22false%22%20%2F%3E%0A%20%20%20%20%3C%2Fbpmndi%3ABPMNLabelStyle%3E%0A%20%20%3C%2Fbpmndi%3ABPMNDiagram%3E%0A%3C%2Fdefinitions%3E%0A','3.b','88','158');
INSERT INTO `S_scenario_strategique` VALUES ('97','fgdfgfd','data:application/xml,%3C%3Fxml%20version%3D%221.0%22%20encoding%3D%22UTF-8%22%3F%3E%0A%3Cdefinitions%20xmlns%3D%22http%3A%2F%2Fwww.omg.org%2Fspec%2FBPMN%2F20100524%2FMODEL%22%20xmlns%3Abpmndi%3D%22http%3A%2F%2Fwww.omg.org%2Fspec%2FBPMN%2F20100524%2FDI%22%20xmlns%3Aomgdc%3D%22http%3A%2F%2Fwww.omg.org%2Fspec%2FDD%2F20100524%2FDC%22%20xmlns%3Axsi%3D%22http%3A%2F%2Fwww.w3.org%2F2001%2FXMLSchema-instance%22%20xmlns%3Adi%3D%22http%3A%2F%2Fwww.omg.org%2Fspec%2FDD%2F20100524%2FDI%22%20targetNamespace%3D%22%22%20xsi%3AschemaLocation%3D%22http%3A%2F%2Fwww.omg.org%2Fspec%2FBPMN%2F20100524%2FMODEL%20http%3A%2F%2Fwww.omg.org%2Fspec%2FBPMN%2F2.0%2F20100501%2FBPMN20.xsd%22%3E%0A%20%20%3Ccollaboration%20id%3D%22Collaboration_0n85r8a%22%3E%0A%20%20%20%20%3Cparticipant%20id%3D%22Participant_0s2lx66%22%20name%3D%22Source%20de%20risque%22%20processRef%3D%22Process_0qqwoep%22%20%2F%3E%0A%20%20%20%20%3Cparticipant%20id%3D%22Participant_1p5a95g%22%20name%3D%22%C3%89cosyst%C3%A8me%22%20processRef%3D%22Process_0r4d8dh%22%20%2F%3E%0A%20%20%20%20%3Cparticipant%20id%3D%22Participant_1lsp20e%22%20name%3D%22Objectif%20vis%C3%A9%22%20processRef%3D%22Process_0a2q3ig%22%20%2F%3E%0A%20%20%20%20%3CmessageFlow%20id%3D%22Flow_0waibqd%22%20name%3D%22C3%20-%20EI%20%3A%20vvvvv%22%20sourceRef%3D%22Activity_0ynt8a1%22%20targetRef%3D%22Activity_0893dtg%22%20%2F%3E%0A%20%20%20%20%3CmessageFlow%20id%3D%22Flow_1wgcf0t%22%20name%3D%22C3%20-%20EI%20%3A%20vvvvv%22%20sourceRef%3D%22Activity_0893dtg%22%20targetRef%3D%22Activity_032fih8%22%20%2F%3E%0A%20%20%3C%2Fcollaboration%3E%0A%20%20%3Cprocess%20id%3D%22Process_0qqwoep%22%3E%0A%20%20%20%20%3CuserTask%20id%3D%22Activity_0ynt8a1%22%20name%3D%22Membre%20de%20la%20famille%22%20%2F%3E%0A%20%20%3C%2Fprocess%3E%0A%20%20%3Cprocess%20id%3D%22Process_0r4d8dh%22%3E%0A%20%20%20%20%3CserviceTask%20id%3D%22Activity_0893dtg%22%20name%3D%22CarlosPP%22%20%2F%3E%0A%20%20%3C%2Fprocess%3E%0A%20%20%3Cprocess%20id%3D%22Process_0a2q3ig%22%3E%0A%20%20%20%20%3CmanualTask%20id%3D%22Activity_032fih8%22%20name%3D%22WM2%22%20%2F%3E%0A%20%20%3C%2Fprocess%3E%0A%20%20%3Cbpmndi%3ABPMNDiagram%20id%3D%22sid-74620812-92c4-44e5-949c-aa47393d3830%22%3E%0A%20%20%20%20%3Cbpmndi%3ABPMNPlane%20id%3D%22sid-cdcae759-2af7-4a6d-bd02-53f3352a731d%22%20bpmnElement%3D%22Collaboration_0n85r8a%22%3E%0A%20%20%20%20%20%20%3Cbpmndi%3ABPMNShape%20id%3D%22Participant_0s2lx66_di%22%20bpmnElement%3D%22Participant_0s2lx66%22%20isHorizontal%3D%22true%22%3E%0A%20%20%20%20%20%20%20%20%3Comgdc%3ABounds%20x%3D%22230%22%20y%3D%22100%22%20width%3D%22300%22%20height%3D%22640%22%20%2F%3E%0A%20%20%20%20%20%20%3C%2Fbpmndi%3ABPMNShape%3E%0A%20%20%20%20%20%20%3Cbpmndi%3ABPMNShape%20id%3D%22Activity_0ynt8a1_di%22%20bpmnElement%3D%22Activity_0ynt8a1%22%3E%0A%20%20%20%20%20%20%20%20%3Comgdc%3ABounds%20x%3D%22330%22%20y%3D%22170%22%20width%3D%22100%22%20height%3D%2280%22%20%2F%3E%0A%20%20%20%20%20%20%3C%2Fbpmndi%3ABPMNShape%3E%0A%20%20%20%20%20%20%3Cbpmndi%3ABPMNShape%20id%3D%22Participant_1p5a95g_di%22%20bpmnElement%3D%22Participant_1p5a95g%22%20isHorizontal%3D%22true%22%3E%0A%20%20%20%20%20%20%20%20%3Comgdc%3ABounds%20x%3D%22550%22%20y%3D%22100%22%20width%3D%22300%22%20height%3D%22640%22%20%2F%3E%0A%20%20%20%20%20%20%3C%2Fbpmndi%3ABPMNShape%3E%0A%20%20%20%20%20%20%3Cbpmndi%3ABPMNShape%20id%3D%22Activity_0893dtg_di%22%20bpmnElement%3D%22Activity_0893dtg%22%3E%0A%20%20%20%20%20%20%20%20%3Comgdc%3ABounds%20x%3D%22640%22%20y%3D%22190%22%20width%3D%22100%22%20height%3D%2280%22%20%2F%3E%0A%20%20%20%20%20%20%3C%2Fbpmndi%3ABPMNShape%3E%0A%20%20%20%20%20%20%3Cbpmndi%3ABPMNShape%20id%3D%22Participant_1lsp20e_di%22%20bpmnElement%3D%22Participant_1lsp20e%22%20isHorizontal%3D%22true%22%3E%0A%20%20%20%20%20%20%20%20%3Comgdc%3ABounds%20x%3D%22870%22%20y%3D%22100%22%20width%3D%22300%22%20height%3D%22640%22%20%2F%3E%0A%20%20%20%20%20%20%3C%2Fbpmndi%3ABPMNShape%3E%0A%20%20%20%20%20%20%3Cbpmndi%3ABPMNShape%20id%3D%22Activity_032fih8_di%22%20bpmnElement%3D%22Activity_032fih8%22%3E%0A%20%20%20%20%20%20%20%20%3Comgdc%3ABounds%20x%3D%22950%22%20y%3D%22190%22%20width%3D%22100%22%20height%3D%2280%22%20%2F%3E%0A%20%20%20%20%20%20%3C%2Fbpmndi%3ABPMNShape%3E%0A%20%20%20%20%20%20%3Cbpmndi%3ABPMNEdge%20id%3D%22Flow_0waibqd_di%22%20bpmnElement%3D%22Flow_0waibqd%22%3E%0A%20%20%20%20%20%20%20%20%3Cdi%3Awaypoint%20x%3D%22430%22%20y%3D%22215%22%20%2F%3E%0A%20%20%20%20%20%20%20%20%3Cdi%3Awaypoint%20x%3D%22640%22%20y%3D%22215%22%20%2F%3E%0A%20%20%20%20%20%20%20%20%3Cbpmndi%3ABPMNLabel%3E%0A%20%20%20%20%20%20%20%20%20%20%3Comgdc%3ABounds%20x%3D%22500%22%20y%3D%22197%22%20width%3D%2271%22%20height%3D%2214%22%20%2F%3E%0A%20%20%20%20%20%20%20%20%3C%2Fbpmndi%3ABPMNLabel%3E%0A%20%20%20%20%20%20%3C%2Fbpmndi%3ABPMNEdge%3E%0A%20%20%20%20%20%20%3Cbpmndi%3ABPMNEdge%20id%3D%22Flow_1wgcf0t_di%22%20bpmnElement%3D%22Flow_1wgcf0t%22%3E%0A%20%20%20%20%20%20%20%20%3Cdi%3Awaypoint%20x%3D%22740%22%20y%3D%22227%22%20%2F%3E%0A%20%20%20%20%20%20%20%20%3Cdi%3Awaypoint%20x%3D%22950%22%20y%3D%22227%22%20%2F%3E%0A%20%20%20%20%20%20%20%20%3Cbpmndi%3ABPMNLabel%3E%0A%20%20%20%20%20%20%20%20%20%20%3Comgdc%3ABounds%20x%3D%22810%22%20y%3D%22209%22%20width%3D%2271%22%20height%3D%2214%22%20%2F%3E%0A%20%20%20%20%20%20%20%20%3C%2Fbpmndi%3ABPMNLabel%3E%0A%20%20%20%20%20%20%3C%2Fbpmndi%3ABPMNEdge%3E%0A%20%20%20%20%3C%2Fbpmndi%3ABPMNPlane%3E%0A%20%20%20%20%3Cbpmndi%3ABPMNLabelStyle%20id%3D%22sid-e0502d32-f8d1-41cf-9c4a-cbb49fecf581%22%3E%0A%20%20%20%20%20%20%3Comgdc%3AFont%20name%3D%22Arial%22%20size%3D%2211%22%20isBold%3D%22false%22%20isItalic%3D%22false%22%20isUnderline%3D%22false%22%20isStrikeThrough%3D%22false%22%20%2F%3E%0A%20%20%20%20%3C%2Fbpmndi%3ABPMNLabelStyle%3E%0A%20%20%20%20%3Cbpmndi%3ABPMNLabelStyle%20id%3D%22sid-84cb49fd-2f7c-44fb-8950-83c3fa153d3b%22%3E%0A%20%20%20%20%20%20%3Comgdc%3AFont%20name%3D%22Arial%22%20size%3D%2212%22%20isBold%3D%22false%22%20isItalic%3D%22false%22%20isUnderline%3D%22false%22%20isStrikeThrough%3D%22false%22%20%2F%3E%0A%20%20%20%20%3C%2Fbpmndi%3ABPMNLabelStyle%3E%0A%20%20%3C%2Fbpmndi%3ABPMNDiagram%3E%0A%3C%2Fdefinitions%3E%0A','3.b','88','158');
INSERT INTO `S_scenario_strategique` VALUES ('103','Vol de données','data:application/xml,%3C%3Fxml%20version%3D%221.0%22%20encoding%3D%22UTF-8%22%3F%3E%0A%3Cdefinitions%20xmlns%3D%22http%3A%2F%2Fwww.omg.org%2Fspec%2FBPMN%2F20100524%2FMODEL%22%20xmlns%3Abpmndi%3D%22http%3A%2F%2Fwww.omg.org%2Fspec%2FBPMN%2F20100524%2FDI%22%20xmlns%3Aomgdc%3D%22http%3A%2F%2Fwww.omg.org%2Fspec%2FDD%2F20100524%2FDC%22%20xmlns%3Axsi%3D%22http%3A%2F%2Fwww.w3.org%2F2001%2FXMLSchema-instance%22%20xmlns%3Adi%3D%22http%3A%2F%2Fwww.omg.org%2Fspec%2FDD%2F20100524%2FDI%22%20targetNamespace%3D%22%22%20xsi%3AschemaLocation%3D%22http%3A%2F%2Fwww.omg.org%2Fspec%2FBPMN%2F20100524%2FMODEL%20http%3A%2F%2Fwww.omg.org%2Fspec%2FBPMN%2F2.0%2F20100501%2FBPMN20.xsd%22%3E%0A%20%20%3Ccollaboration%20id%3D%22sid-c0e745ff-361e-4afb-8c8d-2a1fc32b1424%22%3E%0A%20%20%20%20%3Cparticipant%20id%3D%22Participant_1mpop8x%22%20name%3D%22Source%20de%20risque%22%20processRef%3D%22Process_0sxczb0%22%20%2F%3E%0A%20%20%20%20%3Cparticipant%20id%3D%22Participant_1mlwyxm%22%20name%3D%22%C3%89cosyst%C3%A8me%22%20processRef%3D%22Process_0l3181t%22%20%2F%3E%0A%20%20%20%20%3Cparticipant%20id%3D%22Participant_14b6cbw%22%20name%3D%22Objectif%20vis%C3%A9%22%20processRef%3D%22Process_11zn7x3%22%20%2F%3E%0A%20%20%20%20%3CmessageFlow%20id%3D%22Flow_19tr17p%22%20name%3D%22C3%20-%20EI%20%3A%20Joyston%22%20sourceRef%3D%22Activity_1mkmphm%22%20targetRef%3D%22Activity_0tt2j9m%22%20%2F%3E%0A%20%20%20%20%3CmessageFlow%20id%3D%22Flow_142qo7y%22%20name%3D%22C1%20-%20ER%20%3A%20Cl%C3%A9%20de%20chiffrement%20vol%C3%A9e%22%20sourceRef%3D%22Activity_1mkmphm%22%20targetRef%3D%22Activity_18qvk7c%22%20%2F%3E%0A%20%20%20%20%3CmessageFlow%20id%3D%22Flow_07u8n2k%22%20name%3D%22C6%20-%20ER%20%3A%20Vol%20des%20mots%20de%20passe%20du%20portefeuille%22%20sourceRef%3D%22Activity_1dbb86f%22%20targetRef%3D%22Activity_1hml31o%22%20%2F%3E%0A%20%20%20%20%3CmessageFlow%20id%3D%22Flow_1il9ly7%22%20name%3D%22C5%20-%20ER%20%3A%20Authentification%22%20sourceRef%3D%22Activity_1dbb86f%22%20targetRef%3D%22Activity_1561c18%22%20%2F%3E%0A%20%20%20%20%3CmessageFlow%20id%3D%22Flow_0236dju%22%20name%3D%22C2%20-%20EI%20%3A%20Alice%22%20sourceRef%3D%22Activity_1otxh6c%22%20targetRef%3D%22Activity_0tt2j9m%22%20%2F%3E%0A%20%20%20%20%3CmessageFlow%20id%3D%22Flow_0xt8e3f%22%20name%3D%22C2%20-%20EI%20%3A%20Bob%22%20sourceRef%3D%22Activity_1otxh6c%22%20targetRef%3D%22Activity_0dz6b4r%22%20%2F%3E%0A%20%20%20%20%3CmessageFlow%20id%3D%22Flow_1yj31gj%22%20name%3D%22C4%20-%20ER%20%3A%20Chiffrement%22%20sourceRef%3D%22Activity_1gqoe8u%22%20targetRef%3D%22Activity_1dbb86f%22%20%2F%3E%0A%20%20%20%20%3CmessageFlow%20id%3D%22Flow_1kyhzq4%22%20name%3D%22C1%20-%20EI%20%3A%20Pierrot%22%20sourceRef%3D%22Activity_0dz6b4r%22%20targetRef%3D%22Activity_1mkmphm%22%20%2F%3E%0A%20%20%20%20%3CmessageFlow%20id%3D%22Flow_1awenc9%22%20name%3D%22C3%20-%20EI%20%3A%20Pierrot%22%20sourceRef%3D%22Activity_0dz6b4r%22%20targetRef%3D%22Activity_1mkmphm%22%20%2F%3E%0A%20%20%20%20%3CmessageFlow%20id%3D%22Flow_1hvxe2z%22%20name%3D%22C8%20-%20ER%20%3A%20Modification%20de%20la%20fonction%20de%20g%C3%A9n%C3%A9ration%20de%20mot%20de%20passe%22%20sourceRef%3D%22Activity_1dbb86f%22%20targetRef%3D%22Activity_1hml31o%22%20%2F%3E%0A%20%20%3C%2Fcollaboration%3E%0A%20%20%3Cprocess%20id%3D%22Process_0sxczb0%22%3E%0A%20%20%20%20%3CuserTask%20id%3D%22Activity_0dz6b4r%22%20name%3D%22Hacker%22%20%2F%3E%0A%20%20%20%20%3CserviceTask%20id%3D%22Activity_1dbb86f%22%20name%3D%22Ordinateur%22%20%2F%3E%0A%20%20%3C%2Fprocess%3E%0A%20%20%3Cprocess%20id%3D%22Process_0l3181t%22%3E%0A%20%20%20%20%3CserviceTask%20id%3D%22Activity_1mkmphm%22%20name%3D%22Ex%C3%A9cutable%22%20%2F%3E%0A%20%20%20%20%3CserviceTask%20id%3D%22Activity_1otxh6c%22%20name%3D%22Ordinateur%22%20%2F%3E%0A%20%20%3C%2Fprocess%3E%0A%20%20%3Cprocess%20id%3D%22Process_11zn7x3%22%3E%0A%20%20%20%20%3CmanualTask%20id%3D%22Activity_18qvk7c%22%20name%3D%22Stockage%22%20%2F%3E%0A%20%20%20%20%3CserviceTask%20id%3D%22Activity_0tt2j9m%22%20name%3D%22Ordinateur%22%20%2F%3E%0A%20%20%20%20%3CmanualTask%20id%3D%22Activity_1561c18%22%20name%3D%22Authentification%22%20%2F%3E%0A%20%20%20%20%3CmanualTask%20id%3D%22Activity_1hml31o%22%20name%3D%22Mot%20de%20passe%20maitre%22%20%2F%3E%0A%20%20%20%20%3CmanualTask%20id%3D%22Activity_1gqoe8u%22%20name%3D%22Chiffrement%22%20%2F%3E%0A%20%20%3C%2Fprocess%3E%0A%20%20%3Cbpmndi%3ABPMNDiagram%20id%3D%22sid-74620812-92c4-44e5-949c-aa47393d3830%22%3E%0A%20%20%20%20%3Cbpmndi%3ABPMNPlane%20id%3D%22sid-cdcae759-2af7-4a6d-bd02-53f3352a731d%22%20bpmnElement%3D%22sid-c0e745ff-361e-4afb-8c8d-2a1fc32b1424%22%3E%0A%20%20%20%20%20%20%3Cbpmndi%3ABPMNShape%20id%3D%22Participant_06cmk8f_di%22%20bpmnElement%3D%22Participant_1mpop8x%22%20isHorizontal%3D%22true%22%3E%0A%20%20%20%20%20%20%20%20%3Comgdc%3ABounds%20x%3D%22240%22%20y%3D%22120%22%20width%3D%22300%22%20height%3D%22640%22%20%2F%3E%0A%20%20%20%20%20%20%3C%2Fbpmndi%3ABPMNShape%3E%0A%20%20%20%20%20%20%3Cbpmndi%3ABPMNShape%20id%3D%22Activity_1cudbqe_di%22%20bpmnElement%3D%22Activity_0dz6b4r%22%3E%0A%20%20%20%20%20%20%20%20%3Comgdc%3ABounds%20x%3D%22300%22%20y%3D%22520%22%20width%3D%22100%22%20height%3D%2280%22%20%2F%3E%0A%20%20%20%20%20%20%3C%2Fbpmndi%3ABPMNShape%3E%0A%20%20%20%20%20%20%3Cbpmndi%3ABPMNShape%20id%3D%22Activity_1dbb86f_di%22%20bpmnElement%3D%22Activity_1dbb86f%22%3E%0A%20%20%20%20%20%20%20%20%3Comgdc%3ABounds%20x%3D%22340%22%20y%3D%22250%22%20width%3D%22100%22%20height%3D%2280%22%20%2F%3E%0A%20%20%20%20%20%20%3C%2Fbpmndi%3ABPMNShape%3E%0A%20%20%20%20%20%20%3Cbpmndi%3ABPMNShape%20id%3D%22Participant_0p7v4ca_di%22%20bpmnElement%3D%22Participant_1mlwyxm%22%20isHorizontal%3D%22true%22%3E%0A%20%20%20%20%20%20%20%20%3Comgdc%3ABounds%20x%3D%22560%22%20y%3D%22120%22%20width%3D%22300%22%20height%3D%22640%22%20%2F%3E%0A%20%20%20%20%20%20%3C%2Fbpmndi%3ABPMNShape%3E%0A%20%20%20%20%20%20%3Cbpmndi%3ABPMNShape%20id%3D%22Activity_1mkmphm_di%22%20bpmnElement%3D%22Activity_1mkmphm%22%3E%0A%20%20%20%20%20%20%20%20%3Comgdc%3ABounds%20x%3D%22670%22%20y%3D%22520%22%20width%3D%22100%22%20height%3D%2280%22%20%2F%3E%0A%20%20%20%20%20%20%3C%2Fbpmndi%3ABPMNShape%3E%0A%20%20%20%20%20%20%3Cbpmndi%3ABPMNShape%20id%3D%22Activity_1otxh6c_di%22%20bpmnElement%3D%22Activity_1otxh6c%22%3E%0A%20%20%20%20%20%20%20%20%3Comgdc%3ABounds%20x%3D%22590%22%20y%3D%22650%22%20width%3D%22100%22%20height%3D%2280%22%20%2F%3E%0A%20%20%20%20%20%20%3C%2Fbpmndi%3ABPMNShape%3E%0A%20%20%20%20%20%20%3Cbpmndi%3ABPMNShape%20id%3D%22Participant_03u7drv_di%22%20bpmnElement%3D%22Participant_14b6cbw%22%20isHorizontal%3D%22true%22%3E%0A%20%20%20%20%20%20%20%20%3Comgdc%3ABounds%20x%3D%22880%22%20y%3D%22120%22%20width%3D%22300%22%20height%3D%22640%22%20%2F%3E%0A%20%20%20%20%20%20%3C%2Fbpmndi%3ABPMNShape%3E%0A%20%20%20%20%20%20%3Cbpmndi%3ABPMNShape%20id%3D%22Activity_18qvk7c_di%22%20bpmnElement%3D%22Activity_18qvk7c%22%3E%0A%20%20%20%20%20%20%20%20%3Comgdc%3ABounds%20x%3D%22990%22%20y%3D%22430%22%20width%3D%22100%22%20height%3D%2280%22%20%2F%3E%0A%20%20%20%20%20%20%3C%2Fbpmndi%3ABPMNShape%3E%0A%20%20%20%20%20%20%3Cbpmndi%3ABPMNShape%20id%3D%22Activity_0tt2j9m_di%22%20bpmnElement%3D%22Activity_0tt2j9m%22%3E%0A%20%20%20%20%20%20%20%20%3Comgdc%3ABounds%20x%3D%22992%22%20y%3D%22650%22%20width%3D%22100%22%20height%3D%2280%22%20%2F%3E%0A%20%20%20%20%20%20%3C%2Fbpmndi%3ABPMNShape%3E%0A%20%20%20%20%20%20%3Cbpmndi%3ABPMNShape%20id%3D%22Activity_1561c18_di%22%20bpmnElement%3D%22Activity_1561c18%22%3E%0A%20%20%20%20%20%20%20%20%3Comgdc%3ABounds%20x%3D%22970%22%20y%3D%22330%22%20width%3D%22100%22%20height%3D%2280%22%20%2F%3E%0A%20%20%20%20%20%20%3C%2Fbpmndi%3ABPMNShape%3E%0A%20%20%20%20%20%20%3Cbpmndi%3ABPMNShape%20id%3D%22Activity_1hml31o_di%22%20bpmnElement%3D%22Activity_1hml31o%22%3E%0A%20%20%20%20%20%20%20%20%3Comgdc%3ABounds%20x%3D%22990%22%20y%3D%22180%22%20width%3D%22100%22%20height%3D%2280%22%20%2F%3E%0A%20%20%20%20%20%20%3C%2Fbpmndi%3ABPMNShape%3E%0A%20%20%20%20%20%20%3Cbpmndi%3ABPMNShape%20id%3D%22Activity_1gqoe8u_di%22%20bpmnElement%3D%22Activity_1gqoe8u%22%3E%0A%20%20%20%20%20%20%20%20%3Comgdc%3ABounds%20x%3D%22990%22%20y%3D%22530%22%20width%3D%22100%22%20height%3D%2280%22%20%2F%3E%0A%20%20%20%20%20%20%3C%2Fbpmndi%3ABPMNShape%3E%0A%20%20%20%20%20%20%3Cbpmndi%3ABPMNEdge%20id%3D%22Flow_19tr17p_di%22%20bpmnElement%3D%22Flow_19tr17p%22%3E%0A%20%20%20%20%20%20%20%20%3Cdi%3Awaypoint%20x%3D%22768%22%20y%3D%22596%22%20%2F%3E%0A%20%20%20%20%20%20%20%20%3Cdi%3Awaypoint%20x%3D%22992%22%20y%3D%22690%22%20%2F%3E%0A%20%20%20%20%20%20%20%20%3Cbpmndi%3ABPMNLabel%3E%0A%20%20%20%20%20%20%20%20%20%20%3Comgdc%3ABounds%20x%3D%22785%22%20y%3D%22628%22%20width%3D%2282%22%20height%3D%2214%22%20%2F%3E%0A%20%20%20%20%20%20%20%20%3C%2Fbpmndi%3ABPMNLabel%3E%0A%20%20%20%20%20%20%3C%2Fbpmndi%3ABPMNEdge%3E%0A%20%20%20%20%20%20%3Cbpmndi%3ABPMNEdge%20id%3D%22Flow_142qo7y_di%22%20bpmnElement%3D%22Flow_142qo7y%22%3E%0A%20%20%20%20%20%20%20%20%3Cdi%3Awaypoint%20x%3D%22770%22%20y%3D%22557%22%20%2F%3E%0A%20%20%20%20%20%20%20%20%3Cdi%3Awaypoint%20x%3D%22990%22%20y%3D%22485%22%20%2F%3E%0A%20%20%20%20%20%20%20%20%3Cbpmndi%3ABPMNLabel%3E%0A%20%20%20%20%20%20%20%20%20%20%3Comgdc%3ABounds%20x%3D%22801%22%20y%3D%22510%22%20width%3D%2285%22%20height%3D%2240%22%20%2F%3E%0A%20%20%20%20%20%20%20%20%3C%2Fbpmndi%3ABPMNLabel%3E%0A%20%20%20%20%20%20%3C%2Fbpmndi%3ABPMNEdge%3E%0A%20%20%20%20%20%20%3Cbpmndi%3ABPMNEdge%20id%3D%22Flow_07u8n2k_di%22%20bpmnElement%3D%22Flow_07u8n2k%22%3E%0A%20%20%20%20%20%20%20%20%3Cdi%3Awaypoint%20x%3D%22440%22%20y%3D%22300%22%20%2F%3E%0A%20%20%20%20%20%20%20%20%3Cdi%3Awaypoint%20x%3D%221040%22%20y%3D%22300%22%20%2F%3E%0A%20%20%20%20%20%20%20%20%3Cdi%3Awaypoint%20x%3D%221040%22%20y%3D%22260%22%20%2F%3E%0A%20%20%20%20%20%20%20%20%3Cbpmndi%3ABPMNLabel%3E%0A%20%20%20%20%20%20%20%20%20%20%3Comgdc%3ABounds%20x%3D%22668%22%20y%3D%22270%22%20width%3D%2290%22%20height%3D%2253%22%20%2F%3E%0A%20%20%20%20%20%20%20%20%3C%2Fbpmndi%3ABPMNLabel%3E%0A%20%20%20%20%20%20%3C%2Fbpmndi%3ABPMNEdge%3E%0A%20%20%20%20%20%20%3Cbpmndi%3ABPMNEdge%20id%3D%22Flow_1il9ly7_di%22%20bpmnElement%3D%22Flow_1il9ly7%22%3E%0A%20%20%20%20%20%20%20%20%3Cdi%3Awaypoint%20x%3D%22440%22%20y%3D%22314%22%20%2F%3E%0A%20%20%20%20%20%20%20%20%3Cdi%3Awaypoint%20x%3D%22705%22%20y%3D%22314%22%20%2F%3E%0A%20%20%20%20%20%20%20%20%3Cdi%3Awaypoint%20x%3D%22705%22%20y%3D%22370%22%20%2F%3E%0A%20%20%20%20%20%20%20%20%3Cdi%3Awaypoint%20x%3D%22970%22%20y%3D%22370%22%20%2F%3E%0A%20%20%20%20%20%20%20%20%3Cbpmndi%3ABPMNLabel%3E%0A%20%20%20%20%20%20%20%20%20%20%3Comgdc%3ABounds%20x%3D%22708%22%20y%3D%22342%22%20width%3D%2284%22%20height%3D%2240%22%20%2F%3E%0A%20%20%20%20%20%20%20%20%3C%2Fbpmndi%3ABPMNLabel%3E%0A%20%20%20%20%20%20%3C%2Fbpmndi%3ABPMNEdge%3E%0A%20%20%20%20%20%20%3Cbpmndi%3ABPMNEdge%20id%3D%22Flow_0236dju_di%22%20bpmnElement%3D%22Flow_0236dju%22%3E%0A%20%20%20%20%20%20%20%20%3Cdi%3Awaypoint%20x%3D%22690%22%20y%3D%22700%22%20%2F%3E%0A%20%20%20%20%20%20%20%20%3Cdi%3Awaypoint%20x%3D%22992%22%20y%3D%22700%22%20%2F%3E%0A%20%20%20%20%20%20%20%20%3Cbpmndi%3ABPMNLabel%3E%0A%20%20%20%20%20%20%20%20%20%20%3Comgdc%3ABounds%20x%3D%22809%22%20y%3D%22682%22%20width%3D%2268%22%20height%3D%2214%22%20%2F%3E%0A%20%20%20%20%20%20%20%20%3C%2Fbpmndi%3ABPMNLabel%3E%0A%20%20%20%20%20%20%3C%2Fbpmndi%3ABPMNEdge%3E%0A%20%20%20%20%20%20%3Cbpmndi%3ABPMNEdge%20id%3D%22Flow_0xt8e3f_di%22%20bpmnElement%3D%22Flow_0xt8e3f%22%3E%0A%20%20%20%20%20%20%20%20%3Cdi%3Awaypoint%20x%3D%22640%22%20y%3D%22650%22%20%2F%3E%0A%20%20%20%20%20%20%20%20%3Cdi%3Awaypoint%20x%3D%22640%22%20y%3D%22625%22%20%2F%3E%0A%20%20%20%20%20%20%20%20%3Cdi%3Awaypoint%20x%3D%22340%22%20y%3D%22625%22%20%2F%3E%0A%20%20%20%20%20%20%20%20%3Cdi%3Awaypoint%20x%3D%22340%22%20y%3D%22600%22%20%2F%3E%0A%20%20%20%20%20%20%20%20%3Cbpmndi%3ABPMNLabel%3E%0A%20%20%20%20%20%20%20%20%20%20%3Comgdc%3ABounds%20x%3D%22459%22%20y%3D%22607%22%20width%3D%2264%22%20height%3D%2214%22%20%2F%3E%0A%20%20%20%20%20%20%20%20%3C%2Fbpmndi%3ABPMNLabel%3E%0A%20%20%20%20%20%20%3C%2Fbpmndi%3ABPMNEdge%3E%0A%20%20%20%20%20%20%3Cbpmndi%3ABPMNEdge%20id%3D%22Flow_1yj31gj_di%22%20bpmnElement%3D%22Flow_1yj31gj%22%3E%0A%20%20%20%20%20%20%20%20%3Cdi%3Awaypoint%20x%3D%22993%22%20y%3D%22533%22%20%2F%3E%0A%20%20%20%20%20%20%20%20%3Cdi%3Awaypoint%20x%3D%22890%22%20y%3D%22470%22%20%2F%3E%0A%20%20%20%20%20%20%20%20%3Cdi%3Awaypoint%20x%3D%22640%22%20y%3D%22430%22%20%2F%3E%0A%20%20%20%20%20%20%20%20%3Cdi%3Awaypoint%20x%3D%22440%22%20y%3D%22321%22%20%2F%3E%0A%20%20%20%20%20%20%20%20%3Cbpmndi%3ABPMNLabel%3E%0A%20%20%20%20%20%20%20%20%20%20%3Comgdc%3ABounds%20x%3D%22647%22%20y%3D%22409%22%20width%3D%2289%22%20height%3D%2227%22%20%2F%3E%0A%20%20%20%20%20%20%20%20%3C%2Fbpmndi%3ABPMNLabel%3E%0A%20%20%20%20%20%20%3C%2Fbpmndi%3ABPMNEdge%3E%0A%20%20%20%20%20%20%3Cbpmndi%3ABPMNEdge%20id%3D%22Flow_1kyhzq4_di%22%20bpmnElement%3D%22Flow_1kyhzq4%22%3E%0A%20%20%20%20%20%20%20%20%3Cdi%3Awaypoint%20x%3D%22400%22%20y%3D%22560%22%20%2F%3E%0A%20%20%20%20%20%20%20%20%3Cdi%3Awaypoint%20x%3D%22670%22%20y%3D%22560%22%20%2F%3E%0A%20%20%20%20%20%20%20%20%3Cbpmndi%3ABPMNLabel%3E%0A%20%20%20%20%20%20%20%20%20%20%3Comgdc%3ABounds%20x%3D%22453%22%20y%3D%22523%22%20width%3D%2277%22%20height%3D%2214%22%20%2F%3E%0A%20%20%20%20%20%20%20%20%3C%2Fbpmndi%3ABPMNLabel%3E%0A%20%20%20%20%20%20%3C%2Fbpmndi%3ABPMNEdge%3E%0A%20%20%20%20%20%20%3Cbpmndi%3ABPMNEdge%20id%3D%22Flow_1awenc9_di%22%20bpmnElement%3D%22Flow_1awenc9%22%3E%0A%20%20%20%20%20%20%20%20%3Cdi%3Awaypoint%20x%3D%22400%22%20y%3D%22580%22%20%2F%3E%0A%20%20%20%20%20%20%20%20%3Cdi%3Awaypoint%20x%3D%22670%22%20y%3D%22580%22%20%2F%3E%0A%20%20%20%20%20%20%20%20%3Cbpmndi%3ABPMNLabel%3E%0A%20%20%20%20%20%20%20%20%20%20%3Comgdc%3ABounds%20x%3D%22497%22%20y%3D%22562%22%20width%3D%2277%22%20height%3D%2214%22%20%2F%3E%0A%20%20%20%20%20%20%20%20%3C%2Fbpmndi%3ABPMNLabel%3E%0A%20%20%20%20%20%20%3C%2Fbpmndi%3ABPMNEdge%3E%0A%20%20%20%20%20%20%3Cbpmndi%3ABPMNEdge%20id%3D%22Flow_1hvxe2z_di%22%20bpmnElement%3D%22Flow_1hvxe2z%22%3E%0A%20%20%20%20%20%20%20%20%3Cdi%3Awaypoint%20x%3D%22440%22%20y%3D%22307%22%20%2F%3E%0A%20%20%20%20%20%20%20%20%3Cdi%3Awaypoint%20x%3D%22715%22%20y%3D%22220%22%20%2F%3E%0A%20%20%20%20%20%20%20%20%3Cdi%3Awaypoint%20x%3D%22990%22%20y%3D%22220%22%20%2F%3E%0A%20%20%20%20%20%20%20%20%3Cbpmndi%3ABPMNLabel%3E%0A%20%20%20%20%20%20%20%20%20%20%3Comgdc%3ABounds%20x%3D%22536%22%20y%3D%22246%22%20width%3D%2283%22%20height%3D%2266%22%20%2F%3E%0A%20%20%20%20%20%20%20%20%3C%2Fbpmndi%3ABPMNLabel%3E%0A%20%20%20%20%20%20%3C%2Fbpmndi%3ABPMNEdge%3E%0A%20%20%20%20%3C%2Fbpmndi%3ABPMNPlane%3E%0A%20%20%20%20%3Cbpmndi%3ABPMNLabelStyle%20id%3D%22sid-e0502d32-f8d1-41cf-9c4a-cbb49fecf581%22%3E%0A%20%20%20%20%20%20%3Comgdc%3AFont%20name%3D%22Arial%22%20size%3D%2211%22%20isBold%3D%22false%22%20isItalic%3D%22false%22%20isUnderline%3D%22false%22%20isStrikeThrough%3D%22false%22%20%2F%3E%0A%20%20%20%20%3C%2Fbpmndi%3ABPMNLabelStyle%3E%0A%20%20%20%20%3Cbpmndi%3ABPMNLabelStyle%20id%3D%22sid-84cb49fd-2f7c-44fb-8950-83c3fa153d3b%22%3E%0A%20%20%20%20%20%20%3Comgdc%3AFont%20name%3D%22Arial%22%20size%3D%2212%22%20isBold%3D%22false%22%20isItalic%3D%22false%22%20isUnderline%3D%22false%22%20isStrikeThrough%3D%22false%22%20%2F%3E%0A%20%20%20%20%3C%2Fbpmndi%3ABPMNLabelStyle%3E%0A%20%20%3C%2Fbpmndi%3ABPMNDiagram%3E%0A%3C%2Fdefinitions%3E%0A','3.b','76','28');
INSERT INTO `S_scenario_strategique` VALUES ('105','DDOS','data:application/xml,%3C%3Fxml%20version%3D%221.0%22%20encoding%3D%22UTF-8%22%3F%3E%0A%3Cdefinitions%20xmlns%3D%22http%3A%2F%2Fwww.omg.org%2Fspec%2FBPMN%2F20100524%2FMODEL%22%20xmlns%3Abpmndi%3D%22http%3A%2F%2Fwww.omg.org%2Fspec%2FBPMN%2F20100524%2FDI%22%20xmlns%3Aomgdc%3D%22http%3A%2F%2Fwww.omg.org%2Fspec%2FDD%2F20100524%2FDC%22%20xmlns%3Axsi%3D%22http%3A%2F%2Fwww.w3.org%2F2001%2FXMLSchema-instance%22%20xmlns%3Adi%3D%22http%3A%2F%2Fwww.omg.org%2Fspec%2FDD%2F20100524%2FDI%22%20targetNamespace%3D%22%22%20xsi%3AschemaLocation%3D%22http%3A%2F%2Fwww.omg.org%2Fspec%2FBPMN%2F20100524%2FMODEL%20http%3A%2F%2Fwww.omg.org%2Fspec%2FBPMN%2F2.0%2F20100501%2FBPMN20.xsd%22%3E%0A%20%20%3Ccollaboration%20id%3D%22sid-c0e745ff-361e-4afb-8c8d-2a1fc32b1424%22%3E%0A%20%20%20%20%3Cparticipant%20id%3D%22Participant_1mpop8x%22%20name%3D%22Source%20de%20risque%22%20processRef%3D%22Process_0sxczb0%22%20%2F%3E%0A%20%20%20%20%3Cparticipant%20id%3D%22Participant_1mlwyxm%22%20name%3D%22%C3%89cosyst%C3%A8me%22%20processRef%3D%22Process_0l3181t%22%20%2F%3E%0A%20%20%20%20%3Cparticipant%20id%3D%22Participant_14b6cbw%22%20name%3D%22Objectif%20vis%C3%A9%22%20processRef%3D%22Process_11zn7x3%22%20%2F%3E%0A%20%20%20%20%3CmessageFlow%20id%3D%22Flow_19tr17p%22%20name%3D%22C3%20-%20EI%20%3A%20Joyston%22%20sourceRef%3D%22Activity_1mkmphm%22%20targetRef%3D%22Activity_0tt2j9m%22%20%2F%3E%0A%20%20%20%20%3CmessageFlow%20id%3D%22Flow_142qo7y%22%20name%3D%22C1%20-%20ER%20%3A%20Cl%C3%A9%20de%20chiffrement%20vol%C3%A9e%22%20sourceRef%3D%22Activity_1mkmphm%22%20targetRef%3D%22Activity_18qvk7c%22%20%2F%3E%0A%20%20%20%20%3CmessageFlow%20id%3D%22Flow_07u8n2k%22%20name%3D%22C6%20-%20ER%20%3A%20Vol%20des%20mots%20de%20passe%20du%20portefeuille%22%20sourceRef%3D%22Activity_1dbb86f%22%20targetRef%3D%22Activity_1hml31o%22%20%2F%3E%0A%20%20%20%20%3CmessageFlow%20id%3D%22Flow_1il9ly7%22%20name%3D%22C5%20-%20ER%20%3A%20Authentification%22%20sourceRef%3D%22Activity_1dbb86f%22%20targetRef%3D%22Activity_1561c18%22%20%2F%3E%0A%20%20%20%20%3CmessageFlow%20id%3D%22Flow_0236dju%22%20name%3D%22C2%20-%20EI%20%3A%20Alice%22%20sourceRef%3D%22Activity_1otxh6c%22%20targetRef%3D%22Activity_0tt2j9m%22%20%2F%3E%0A%20%20%20%20%3CmessageFlow%20id%3D%22Flow_0xt8e3f%22%20name%3D%22C2%20-%20EI%20%3A%20Bob%22%20sourceRef%3D%22Activity_1otxh6c%22%20targetRef%3D%22Activity_0dz6b4r%22%20%2F%3E%0A%20%20%20%20%3CmessageFlow%20id%3D%22Flow_1yj31gj%22%20name%3D%22C4%20-%20ER%20%3A%20Chiffrement%22%20sourceRef%3D%22Activity_1gqoe8u%22%20targetRef%3D%22Activity_1dbb86f%22%20%2F%3E%0A%20%20%20%20%3CmessageFlow%20id%3D%22Flow_1kyhzq4%22%20name%3D%22C1%20-%20EI%20%3A%20Pierrot%22%20sourceRef%3D%22Activity_0dz6b4r%22%20targetRef%3D%22Activity_1mkmphm%22%20%2F%3E%0A%20%20%20%20%3CmessageFlow%20id%3D%22Flow_1awenc9%22%20name%3D%22C3%20-%20EI%20%3A%20Pierrot%22%20sourceRef%3D%22Activity_0dz6b4r%22%20targetRef%3D%22Activity_1mkmphm%22%20%2F%3E%0A%20%20%20%20%3CmessageFlow%20id%3D%22Flow_150xu4o%22%20name%3D%22C7%20-%20ER%20%3A%20Cl%C3%A9%20de%20chiffrement%20vol%C3%A9e%22%20sourceRef%3D%22Activity_1dbb86f%22%20targetRef%3D%22Activity_1hml31o%22%20%2F%3E%0A%20%20%3C%2Fcollaboration%3E%0A%20%20%3Cprocess%20id%3D%22Process_0sxczb0%22%3E%0A%20%20%20%20%3CuserTask%20id%3D%22Activity_0dz6b4r%22%20name%3D%22Hacker%22%20%2F%3E%0A%20%20%20%20%3CserviceTask%20id%3D%22Activity_1dbb86f%22%20name%3D%22Ordinateur%22%20%2F%3E%0A%20%20%3C%2Fprocess%3E%0A%20%20%3Cprocess%20id%3D%22Process_0l3181t%22%3E%0A%20%20%20%20%3CserviceTask%20id%3D%22Activity_1mkmphm%22%20name%3D%22Ex%C3%A9cutable%22%20%2F%3E%0A%20%20%20%20%3CserviceTask%20id%3D%22Activity_1otxh6c%22%20name%3D%22Ordinateur%22%20%2F%3E%0A%20%20%3C%2Fprocess%3E%0A%20%20%3Cprocess%20id%3D%22Process_11zn7x3%22%3E%0A%20%20%20%20%3CmanualTask%20id%3D%22Activity_18qvk7c%22%20name%3D%22Stockage%22%20%2F%3E%0A%20%20%20%20%3CserviceTask%20id%3D%22Activity_0tt2j9m%22%20name%3D%22Ordinateur%22%20%2F%3E%0A%20%20%20%20%3CmanualTask%20id%3D%22Activity_1561c18%22%20name%3D%22Authentification%22%20%2F%3E%0A%20%20%20%20%3CmanualTask%20id%3D%22Activity_1hml31o%22%20name%3D%22Mot%20de%20passe%20maitre%22%20%2F%3E%0A%20%20%20%20%3CmanualTask%20id%3D%22Activity_1gqoe8u%22%20name%3D%22Chiffrement%22%20%2F%3E%0A%20%20%3C%2Fprocess%3E%0A%20%20%3Cbpmndi%3ABPMNDiagram%20id%3D%22sid-74620812-92c4-44e5-949c-aa47393d3830%22%3E%0A%20%20%20%20%3Cbpmndi%3ABPMNPlane%20id%3D%22sid-cdcae759-2af7-4a6d-bd02-53f3352a731d%22%20bpmnElement%3D%22sid-c0e745ff-361e-4afb-8c8d-2a1fc32b1424%22%3E%0A%20%20%20%20%20%20%3Cbpmndi%3ABPMNShape%20id%3D%22Participant_06cmk8f_di%22%20bpmnElement%3D%22Participant_1mpop8x%22%20isHorizontal%3D%22true%22%3E%0A%20%20%20%20%20%20%20%20%3Comgdc%3ABounds%20x%3D%22240%22%20y%3D%22120%22%20width%3D%22300%22%20height%3D%22640%22%20%2F%3E%0A%20%20%20%20%20%20%3C%2Fbpmndi%3ABPMNShape%3E%0A%20%20%20%20%20%20%3Cbpmndi%3ABPMNShape%20id%3D%22Activity_1cudbqe_di%22%20bpmnElement%3D%22Activity_0dz6b4r%22%3E%0A%20%20%20%20%20%20%20%20%3Comgdc%3ABounds%20x%3D%22300%22%20y%3D%22520%22%20width%3D%22100%22%20height%3D%2280%22%20%2F%3E%0A%20%20%20%20%20%20%3C%2Fbpmndi%3ABPMNShape%3E%0A%20%20%20%20%20%20%3Cbpmndi%3ABPMNShape%20id%3D%22Activity_1dbb86f_di%22%20bpmnElement%3D%22Activity_1dbb86f%22%3E%0A%20%20%20%20%20%20%20%20%3Comgdc%3ABounds%20x%3D%22340%22%20y%3D%22250%22%20width%3D%22100%22%20height%3D%2280%22%20%2F%3E%0A%20%20%20%20%20%20%3C%2Fbpmndi%3ABPMNShape%3E%0A%20%20%20%20%20%20%3Cbpmndi%3ABPMNShape%20id%3D%22Participant_0p7v4ca_di%22%20bpmnElement%3D%22Participant_1mlwyxm%22%20isHorizontal%3D%22true%22%3E%0A%20%20%20%20%20%20%20%20%3Comgdc%3ABounds%20x%3D%22560%22%20y%3D%22120%22%20width%3D%22300%22%20height%3D%22640%22%20%2F%3E%0A%20%20%20%20%20%20%3C%2Fbpmndi%3ABPMNShape%3E%0A%20%20%20%20%20%20%3Cbpmndi%3ABPMNShape%20id%3D%22Activity_1mkmphm_di%22%20bpmnElement%3D%22Activity_1mkmphm%22%3E%0A%20%20%20%20%20%20%20%20%3Comgdc%3ABounds%20x%3D%22670%22%20y%3D%22520%22%20width%3D%22100%22%20height%3D%2280%22%20%2F%3E%0A%20%20%20%20%20%20%3C%2Fbpmndi%3ABPMNShape%3E%0A%20%20%20%20%20%20%3Cbpmndi%3ABPMNShape%20id%3D%22Activity_1otxh6c_di%22%20bpmnElement%3D%22Activity_1otxh6c%22%3E%0A%20%20%20%20%20%20%20%20%3Comgdc%3ABounds%20x%3D%22590%22%20y%3D%22650%22%20width%3D%22100%22%20height%3D%2280%22%20%2F%3E%0A%20%20%20%20%20%20%3C%2Fbpmndi%3ABPMNShape%3E%0A%20%20%20%20%20%20%3Cbpmndi%3ABPMNShape%20id%3D%22Participant_03u7drv_di%22%20bpmnElement%3D%22Participant_14b6cbw%22%20isHorizontal%3D%22true%22%3E%0A%20%20%20%20%20%20%20%20%3Comgdc%3ABounds%20x%3D%22880%22%20y%3D%22120%22%20width%3D%22300%22%20height%3D%22640%22%20%2F%3E%0A%20%20%20%20%20%20%3C%2Fbpmndi%3ABPMNShape%3E%0A%20%20%20%20%20%20%3Cbpmndi%3ABPMNShape%20id%3D%22Activity_18qvk7c_di%22%20bpmnElement%3D%22Activity_18qvk7c%22%3E%0A%20%20%20%20%20%20%20%20%3Comgdc%3ABounds%20x%3D%22990%22%20y%3D%22430%22%20width%3D%22100%22%20height%3D%2280%22%20%2F%3E%0A%20%20%20%20%20%20%3C%2Fbpmndi%3ABPMNShape%3E%0A%20%20%20%20%20%20%3Cbpmndi%3ABPMNShape%20id%3D%22Activity_0tt2j9m_di%22%20bpmnElement%3D%22Activity_0tt2j9m%22%3E%0A%20%20%20%20%20%20%20%20%3Comgdc%3ABounds%20x%3D%22992%22%20y%3D%22650%22%20width%3D%22100%22%20height%3D%2280%22%20%2F%3E%0A%20%20%20%20%20%20%3C%2Fbpmndi%3ABPMNShape%3E%0A%20%20%20%20%20%20%3Cbpmndi%3ABPMNShape%20id%3D%22Activity_1561c18_di%22%20bpmnElement%3D%22Activity_1561c18%22%3E%0A%20%20%20%20%20%20%20%20%3Comgdc%3ABounds%20x%3D%22970%22%20y%3D%22330%22%20width%3D%22100%22%20height%3D%2280%22%20%2F%3E%0A%20%20%20%20%20%20%3C%2Fbpmndi%3ABPMNShape%3E%0A%20%20%20%20%20%20%3Cbpmndi%3ABPMNShape%20id%3D%22Activity_1hml31o_di%22%20bpmnElement%3D%22Activity_1hml31o%22%3E%0A%20%20%20%20%20%20%20%20%3Comgdc%3ABounds%20x%3D%22990%22%20y%3D%22180%22%20width%3D%22100%22%20height%3D%2280%22%20%2F%3E%0A%20%20%20%20%20%20%3C%2Fbpmndi%3ABPMNShape%3E%0A%20%20%20%20%20%20%3Cbpmndi%3ABPMNShape%20id%3D%22Activity_1gqoe8u_di%22%20bpmnElement%3D%22Activity_1gqoe8u%22%3E%0A%20%20%20%20%20%20%20%20%3Comgdc%3ABounds%20x%3D%22990%22%20y%3D%22530%22%20width%3D%22100%22%20height%3D%2280%22%20%2F%3E%0A%20%20%20%20%20%20%3C%2Fbpmndi%3ABPMNShape%3E%0A%20%20%20%20%20%20%3Cbpmndi%3ABPMNEdge%20id%3D%22Flow_19tr17p_di%22%20bpmnElement%3D%22Flow_19tr17p%22%3E%0A%20%20%20%20%20%20%20%20%3Cdi%3Awaypoint%20x%3D%22768%22%20y%3D%22596%22%20%2F%3E%0A%20%20%20%20%20%20%20%20%3Cdi%3Awaypoint%20x%3D%22992%22%20y%3D%22690%22%20%2F%3E%0A%20%20%20%20%20%20%20%20%3Cbpmndi%3ABPMNLabel%3E%0A%20%20%20%20%20%20%20%20%20%20%3Comgdc%3ABounds%20x%3D%22785%22%20y%3D%22628%22%20width%3D%2282%22%20height%3D%2214%22%20%2F%3E%0A%20%20%20%20%20%20%20%20%3C%2Fbpmndi%3ABPMNLabel%3E%0A%20%20%20%20%20%20%3C%2Fbpmndi%3ABPMNEdge%3E%0A%20%20%20%20%20%20%3Cbpmndi%3ABPMNEdge%20id%3D%22Flow_142qo7y_di%22%20bpmnElement%3D%22Flow_142qo7y%22%3E%0A%20%20%20%20%20%20%20%20%3Cdi%3Awaypoint%20x%3D%22770%22%20y%3D%22557%22%20%2F%3E%0A%20%20%20%20%20%20%20%20%3Cdi%3Awaypoint%20x%3D%22990%22%20y%3D%22485%22%20%2F%3E%0A%20%20%20%20%20%20%20%20%3Cbpmndi%3ABPMNLabel%3E%0A%20%20%20%20%20%20%20%20%20%20%3Comgdc%3ABounds%20x%3D%22801%22%20y%3D%22510%22%20width%3D%2285%22%20height%3D%2240%22%20%2F%3E%0A%20%20%20%20%20%20%20%20%3C%2Fbpmndi%3ABPMNLabel%3E%0A%20%20%20%20%20%20%3C%2Fbpmndi%3ABPMNEdge%3E%0A%20%20%20%20%20%20%3Cbpmndi%3ABPMNEdge%20id%3D%22Flow_07u8n2k_di%22%20bpmnElement%3D%22Flow_07u8n2k%22%3E%0A%20%20%20%20%20%20%20%20%3Cdi%3Awaypoint%20x%3D%22440%22%20y%3D%22300%22%20%2F%3E%0A%20%20%20%20%20%20%20%20%3Cdi%3Awaypoint%20x%3D%221040%22%20y%3D%22300%22%20%2F%3E%0A%20%20%20%20%20%20%20%20%3Cdi%3Awaypoint%20x%3D%221040%22%20y%3D%22260%22%20%2F%3E%0A%20%20%20%20%20%20%20%20%3Cbpmndi%3ABPMNLabel%3E%0A%20%20%20%20%20%20%20%20%20%20%3Comgdc%3ABounds%20x%3D%22668%22%20y%3D%22270%22%20width%3D%2290%22%20height%3D%2253%22%20%2F%3E%0A%20%20%20%20%20%20%20%20%3C%2Fbpmndi%3ABPMNLabel%3E%0A%20%20%20%20%20%20%3C%2Fbpmndi%3ABPMNEdge%3E%0A%20%20%20%20%20%20%3Cbpmndi%3ABPMNEdge%20id%3D%22Flow_1il9ly7_di%22%20bpmnElement%3D%22Flow_1il9ly7%22%3E%0A%20%20%20%20%20%20%20%20%3Cdi%3Awaypoint%20x%3D%22440%22%20y%3D%22314%22%20%2F%3E%0A%20%20%20%20%20%20%20%20%3Cdi%3Awaypoint%20x%3D%22705%22%20y%3D%22314%22%20%2F%3E%0A%20%20%20%20%20%20%20%20%3Cdi%3Awaypoint%20x%3D%22705%22%20y%3D%22370%22%20%2F%3E%0A%20%20%20%20%20%20%20%20%3Cdi%3Awaypoint%20x%3D%22970%22%20y%3D%22370%22%20%2F%3E%0A%20%20%20%20%20%20%20%20%3Cbpmndi%3ABPMNLabel%3E%0A%20%20%20%20%20%20%20%20%20%20%3Comgdc%3ABounds%20x%3D%22708%22%20y%3D%22342%22%20width%3D%2284%22%20height%3D%2240%22%20%2F%3E%0A%20%20%20%20%20%20%20%20%3C%2Fbpmndi%3ABPMNLabel%3E%0A%20%20%20%20%20%20%3C%2Fbpmndi%3ABPMNEdge%3E%0A%20%20%20%20%20%20%3Cbpmndi%3ABPMNEdge%20id%3D%22Flow_0236dju_di%22%20bpmnElement%3D%22Flow_0236dju%22%3E%0A%20%20%20%20%20%20%20%20%3Cdi%3Awaypoint%20x%3D%22690%22%20y%3D%22700%22%20%2F%3E%0A%20%20%20%20%20%20%20%20%3Cdi%3Awaypoint%20x%3D%22992%22%20y%3D%22700%22%20%2F%3E%0A%20%20%20%20%20%20%20%20%3Cbpmndi%3ABPMNLabel%3E%0A%20%20%20%20%20%20%20%20%20%20%3Comgdc%3ABounds%20x%3D%22809%22%20y%3D%22682%22%20width%3D%2268%22%20height%3D%2214%22%20%2F%3E%0A%20%20%20%20%20%20%20%20%3C%2Fbpmndi%3ABPMNLabel%3E%0A%20%20%20%20%20%20%3C%2Fbpmndi%3ABPMNEdge%3E%0A%20%20%20%20%20%20%3Cbpmndi%3ABPMNEdge%20id%3D%22Flow_0xt8e3f_di%22%20bpmnElement%3D%22Flow_0xt8e3f%22%3E%0A%20%20%20%20%20%20%20%20%3Cdi%3Awaypoint%20x%3D%22640%22%20y%3D%22650%22%20%2F%3E%0A%20%20%20%20%20%20%20%20%3Cdi%3Awaypoint%20x%3D%22640%22%20y%3D%22625%22%20%2F%3E%0A%20%20%20%20%20%20%20%20%3Cdi%3Awaypoint%20x%3D%22340%22%20y%3D%22625%22%20%2F%3E%0A%20%20%20%20%20%20%20%20%3Cdi%3Awaypoint%20x%3D%22340%22%20y%3D%22600%22%20%2F%3E%0A%20%20%20%20%20%20%20%20%3Cbpmndi%3ABPMNLabel%3E%0A%20%20%20%20%20%20%20%20%20%20%3Comgdc%3ABounds%20x%3D%22459%22%20y%3D%22607%22%20width%3D%2264%22%20height%3D%2214%22%20%2F%3E%0A%20%20%20%20%20%20%20%20%3C%2Fbpmndi%3ABPMNLabel%3E%0A%20%20%20%20%20%20%3C%2Fbpmndi%3ABPMNEdge%3E%0A%20%20%20%20%20%20%3Cbpmndi%3ABPMNEdge%20id%3D%22Flow_1yj31gj_di%22%20bpmnElement%3D%22Flow_1yj31gj%22%3E%0A%20%20%20%20%20%20%20%20%3Cdi%3Awaypoint%20x%3D%22993%22%20y%3D%22533%22%20%2F%3E%0A%20%20%20%20%20%20%20%20%3Cdi%3Awaypoint%20x%3D%22890%22%20y%3D%22470%22%20%2F%3E%0A%20%20%20%20%20%20%20%20%3Cdi%3Awaypoint%20x%3D%22640%22%20y%3D%22430%22%20%2F%3E%0A%20%20%20%20%20%20%20%20%3Cdi%3Awaypoint%20x%3D%22440%22%20y%3D%22321%22%20%2F%3E%0A%20%20%20%20%20%20%20%20%3Cbpmndi%3ABPMNLabel%3E%0A%20%20%20%20%20%20%20%20%20%20%3Comgdc%3ABounds%20x%3D%22647%22%20y%3D%22409%22%20width%3D%2289%22%20height%3D%2227%22%20%2F%3E%0A%20%20%20%20%20%20%20%20%3C%2Fbpmndi%3ABPMNLabel%3E%0A%20%20%20%20%20%20%3C%2Fbpmndi%3ABPMNEdge%3E%0A%20%20%20%20%20%20%3Cbpmndi%3ABPMNEdge%20id%3D%22Flow_1kyhzq4_di%22%20bpmnElement%3D%22Flow_1kyhzq4%22%3E%0A%20%20%20%20%20%20%20%20%3Cdi%3Awaypoint%20x%3D%22400%22%20y%3D%22560%22%20%2F%3E%0A%20%20%20%20%20%20%20%20%3Cdi%3Awaypoint%20x%3D%22670%22%20y%3D%22560%22%20%2F%3E%0A%20%20%20%20%20%20%20%20%3Cbpmndi%3ABPMNLabel%3E%0A%20%20%20%20%20%20%20%20%20%20%3Comgdc%3ABounds%20x%3D%22453%22%20y%3D%22523%22%20width%3D%2277%22%20height%3D%2214%22%20%2F%3E%0A%20%20%20%20%20%20%20%20%3C%2Fbpmndi%3ABPMNLabel%3E%0A%20%20%20%20%20%20%3C%2Fbpmndi%3ABPMNEdge%3E%0A%20%20%20%20%20%20%3Cbpmndi%3ABPMNEdge%20id%3D%22Flow_1awenc9_di%22%20bpmnElement%3D%22Flow_1awenc9%22%3E%0A%20%20%20%20%20%20%20%20%3Cdi%3Awaypoint%20x%3D%22400%22%20y%3D%22580%22%20%2F%3E%0A%20%20%20%20%20%20%20%20%3Cdi%3Awaypoint%20x%3D%22670%22%20y%3D%22580%22%20%2F%3E%0A%20%20%20%20%20%20%20%20%3Cbpmndi%3ABPMNLabel%3E%0A%20%20%20%20%20%20%20%20%20%20%3Comgdc%3ABounds%20x%3D%22497%22%20y%3D%22562%22%20width%3D%2277%22%20height%3D%2214%22%20%2F%3E%0A%20%20%20%20%20%20%20%20%3C%2Fbpmndi%3ABPMNLabel%3E%0A%20%20%20%20%20%20%3C%2Fbpmndi%3ABPMNEdge%3E%0A%20%20%20%20%20%20%3Cbpmndi%3ABPMNEdge%20id%3D%22Flow_150xu4o_di%22%20bpmnElement%3D%22Flow_150xu4o%22%3E%0A%20%20%20%20%20%20%20%20%3Cdi%3Awaypoint%20x%3D%22440%22%20y%3D%22266%22%20%2F%3E%0A%20%20%20%20%20%20%20%20%3Cdi%3Awaypoint%20x%3D%22715%22%20y%3D%22266%22%20%2F%3E%0A%20%20%20%20%20%20%20%20%3Cdi%3Awaypoint%20x%3D%22715%22%20y%3D%22210%22%20%2F%3E%0A%20%20%20%20%20%20%20%20%3Cdi%3Awaypoint%20x%3D%22990%22%20y%3D%22210%22%20%2F%3E%0A%20%20%20%20%20%20%20%20%3Cbpmndi%3ABPMNLabel%3E%0A%20%20%20%20%20%20%20%20%20%20%3Comgdc%3ABounds%20x%3D%22688%22%20y%3D%22235%22%20width%3D%2285%22%20height%3D%2240%22%20%2F%3E%0A%20%20%20%20%20%20%20%20%3C%2Fbpmndi%3ABPMNLabel%3E%0A%20%20%20%20%20%20%3C%2Fbpmndi%3ABPMNEdge%3E%0A%20%20%20%20%3C%2Fbpmndi%3ABPMNPlane%3E%0A%20%20%20%20%3Cbpmndi%3ABPMNLabelStyle%20id%3D%22sid-e0502d32-f8d1-41cf-9c4a-cbb49fecf581%22%3E%0A%20%20%20%20%20%20%3Comgdc%3AFont%20name%3D%22Arial%22%20size%3D%2211%22%20isBold%3D%22false%22%20isItalic%3D%22false%22%20isUnderline%3D%22false%22%20isStrikeThrough%3D%22false%22%20%2F%3E%0A%20%20%20%20%3C%2Fbpmndi%3ABPMNLabelStyle%3E%0A%20%20%20%20%3Cbpmndi%3ABPMNLabelStyle%20id%3D%22sid-84cb49fd-2f7c-44fb-8950-83c3fa153d3b%22%3E%0A%20%20%20%20%20%20%3Comgdc%3AFont%20name%3D%22Arial%22%20size%3D%2212%22%20isBold%3D%22false%22%20isItalic%3D%22false%22%20isUnderline%3D%22false%22%20isStrikeThrough%3D%22false%22%20%2F%3E%0A%20%20%20%20%3C%2Fbpmndi%3ABPMNLabelStyle%3E%0A%20%20%3C%2Fbpmndi%3ABPMNDiagram%3E%0A%3C%2Fdefinitions%3E%0A','3.b','75','28');
INSERT INTO `S_scenario_strategique` VALUES ('106','Vol des données de l''éolienne ','data:application/xml,%3C%3Fxml%20version%3D%221.0%22%20encoding%3D%22UTF-8%22%3F%3E%0A%3Cdefinitions%20xmlns%3D%22http%3A%2F%2Fwww.omg.org%2Fspec%2FBPMN%2F20100524%2FMODEL%22%20xmlns%3Abpmndi%3D%22http%3A%2F%2Fwww.omg.org%2Fspec%2FBPMN%2F20100524%2FDI%22%20xmlns%3Aomgdc%3D%22http%3A%2F%2Fwww.omg.org%2Fspec%2FDD%2F20100524%2FDC%22%20xmlns%3Axsi%3D%22http%3A%2F%2Fwww.w3.org%2F2001%2FXMLSchema-instance%22%20xmlns%3Adi%3D%22http%3A%2F%2Fwww.omg.org%2Fspec%2FDD%2F20100524%2FDI%22%20targetNamespace%3D%22%22%20xsi%3AschemaLocation%3D%22http%3A%2F%2Fwww.omg.org%2Fspec%2FBPMN%2F20100524%2FMODEL%20http%3A%2F%2Fwww.omg.org%2Fspec%2FBPMN%2F2.0%2F20100501%2FBPMN20.xsd%22%3E%0A%20%20%3Ccollaboration%20id%3D%22Collaboration_0n85r8a%22%3E%0A%20%20%20%20%3Cparticipant%20id%3D%22Participant_0s2lx66%22%20name%3D%22Source%20de%20risque%22%20processRef%3D%22Process_0qqwoep%22%20%2F%3E%0A%20%20%20%20%3Cparticipant%20id%3D%22Participant_1p5a95g%22%20name%3D%22%C3%89cosyst%C3%A8me%22%20processRef%3D%22Process_0r4d8dh%22%20%2F%3E%0A%20%20%20%20%3Cparticipant%20id%3D%22Participant_1lsp20e%22%20name%3D%22Objectif%20vis%C3%A9%22%20processRef%3D%22Process_0a2q3ig%22%20%2F%3E%0A%20%20%20%20%3CmessageFlow%20id%3D%22Flow_0clnw20%22%20name%3D%22C1%20-%20EI%20%3A%20R%C3%A9cup%C3%A9ration%20de%20l%26%2339%3Bordinateur%22%20sourceRef%3D%22Activity_0ynt8a1%22%20targetRef%3D%22Activity_0etjw28%22%20%2F%3E%0A%20%20%20%20%3CmessageFlow%20id%3D%22Flow_083ghzg%22%20name%3D%22C1%20-%20ER%20%3A%20Perte%20des%20donn%C3%A9es%22%20sourceRef%3D%22Activity_0etjw28%22%20targetRef%3D%22Activity_1pw1r7k%22%20%2F%3E%0A%20%20%3C%2Fcollaboration%3E%0A%20%20%3Cprocess%20id%3D%22Process_0qqwoep%22%3E%0A%20%20%20%20%3CuserTask%20id%3D%22Activity_0ynt8a1%22%20name%3D%22Activiste%20id%C3%A9ologique%22%20%2F%3E%0A%20%20%3C%2Fprocess%3E%0A%20%20%3Cprocess%20id%3D%22Process_0r4d8dh%22%3E%0A%20%20%20%20%3CserviceTask%20id%3D%22Activity_0etjw28%22%20name%3D%22Ordinateur%22%20%2F%3E%0A%20%20%3C%2Fprocess%3E%0A%20%20%3Cprocess%20id%3D%22Process_0a2q3ig%22%3E%0A%20%20%20%20%3CmanualTask%20id%3D%22Activity_1pw1r7k%22%20name%3D%22Data%20des%20%C3%A9oliennes%22%20%2F%3E%0A%20%20%3C%2Fprocess%3E%0A%20%20%3Cbpmndi%3ABPMNDiagram%20id%3D%22sid-74620812-92c4-44e5-949c-aa47393d3830%22%3E%0A%20%20%20%20%3Cbpmndi%3ABPMNPlane%20id%3D%22sid-cdcae759-2af7-4a6d-bd02-53f3352a731d%22%20bpmnElement%3D%22Collaboration_0n85r8a%22%3E%0A%20%20%20%20%20%20%3Cbpmndi%3ABPMNShape%20id%3D%22Participant_0s2lx66_di%22%20bpmnElement%3D%22Participant_0s2lx66%22%20isHorizontal%3D%22true%22%3E%0A%20%20%20%20%20%20%20%20%3Comgdc%3ABounds%20x%3D%22230%22%20y%3D%22100%22%20width%3D%22300%22%20height%3D%22640%22%20%2F%3E%0A%20%20%20%20%20%20%3C%2Fbpmndi%3ABPMNShape%3E%0A%20%20%20%20%20%20%3Cbpmndi%3ABPMNShape%20id%3D%22Activity_0ynt8a1_di%22%20bpmnElement%3D%22Activity_0ynt8a1%22%3E%0A%20%20%20%20%20%20%20%20%3Comgdc%3ABounds%20x%3D%22330%22%20y%3D%22170%22%20width%3D%22100%22%20height%3D%2280%22%20%2F%3E%0A%20%20%20%20%20%20%3C%2Fbpmndi%3ABPMNShape%3E%0A%20%20%20%20%20%20%3Cbpmndi%3ABPMNShape%20id%3D%22Participant_1p5a95g_di%22%20bpmnElement%3D%22Participant_1p5a95g%22%20isHorizontal%3D%22true%22%3E%0A%20%20%20%20%20%20%20%20%3Comgdc%3ABounds%20x%3D%22550%22%20y%3D%22100%22%20width%3D%22300%22%20height%3D%22640%22%20%2F%3E%0A%20%20%20%20%20%20%3C%2Fbpmndi%3ABPMNShape%3E%0A%20%20%20%20%20%20%3Cbpmndi%3ABPMNShape%20id%3D%22Activity_0etjw28_di%22%20bpmnElement%3D%22Activity_0etjw28%22%3E%0A%20%20%20%20%20%20%20%20%3Comgdc%3ABounds%20x%3D%22650%22%20y%3D%22170%22%20width%3D%22100%22%20height%3D%2280%22%20%2F%3E%0A%20%20%20%20%20%20%3C%2Fbpmndi%3ABPMNShape%3E%0A%20%20%20%20%20%20%3Cbpmndi%3ABPMNShape%20id%3D%22Participant_1lsp20e_di%22%20bpmnElement%3D%22Participant_1lsp20e%22%20isHorizontal%3D%22true%22%3E%0A%20%20%20%20%20%20%20%20%3Comgdc%3ABounds%20x%3D%22870%22%20y%3D%22100%22%20width%3D%22300%22%20height%3D%22640%22%20%2F%3E%0A%20%20%20%20%20%20%3C%2Fbpmndi%3ABPMNShape%3E%0A%20%20%20%20%20%20%3Cbpmndi%3ABPMNShape%20id%3D%22Activity_1pw1r7k_di%22%20bpmnElement%3D%22Activity_1pw1r7k%22%3E%0A%20%20%20%20%20%20%20%20%3Comgdc%3ABounds%20x%3D%22970%22%20y%3D%22170%22%20width%3D%22100%22%20height%3D%2280%22%20%2F%3E%0A%20%20%20%20%20%20%3C%2Fbpmndi%3ABPMNShape%3E%0A%20%20%20%20%20%20%3Cbpmndi%3ABPMNEdge%20id%3D%22Flow_0clnw20_di%22%20bpmnElement%3D%22Flow_0clnw20%22%3E%0A%20%20%20%20%20%20%20%20%3Cdi%3Awaypoint%20x%3D%22430%22%20y%3D%22194%22%20%2F%3E%0A%20%20%20%20%20%20%20%20%3Cdi%3Awaypoint%20x%3D%22630%22%20y%3D%22210%22%20%2F%3E%0A%20%20%20%20%20%20%20%20%3Cdi%3Awaypoint%20x%3D%22650%22%20y%3D%22200%22%20%2F%3E%0A%20%20%20%20%20%20%20%20%3Cbpmndi%3ABPMNLabel%3E%0A%20%20%20%20%20%20%20%20%20%20%3Comgdc%3ABounds%20x%3D%22485%22%20y%3D%22204%22%20width%3D%2286%22%20height%3D%2240%22%20%2F%3E%0A%20%20%20%20%20%20%20%20%3C%2Fbpmndi%3ABPMNLabel%3E%0A%20%20%20%20%20%20%3C%2Fbpmndi%3ABPMNEdge%3E%0A%20%20%20%20%20%20%3Cbpmndi%3ABPMNEdge%20id%3D%22Flow_083ghzg_di%22%20bpmnElement%3D%22Flow_083ghzg%22%3E%0A%20%20%20%20%20%20%20%20%3Cdi%3Awaypoint%20x%3D%22750%22%20y%3D%22210%22%20%2F%3E%0A%20%20%20%20%20%20%20%20%3Cdi%3Awaypoint%20x%3D%22970%22%20y%3D%22210%22%20%2F%3E%0A%20%20%20%20%20%20%20%20%3Cbpmndi%3ABPMNLabel%3E%0A%20%20%20%20%20%20%20%20%20%20%3Comgdc%3ABounds%20x%3D%22821%22%20y%3D%22192%22%20width%3D%2279%22%20height%3D%2240%22%20%2F%3E%0A%20%20%20%20%20%20%20%20%3C%2Fbpmndi%3ABPMNLabel%3E%0A%20%20%20%20%20%20%3C%2Fbpmndi%3ABPMNEdge%3E%0A%20%20%20%20%3C%2Fbpmndi%3ABPMNPlane%3E%0A%20%20%20%20%3Cbpmndi%3ABPMNLabelStyle%20id%3D%22sid-e0502d32-f8d1-41cf-9c4a-cbb49fecf581%22%3E%0A%20%20%20%20%20%20%3Comgdc%3AFont%20name%3D%22Arial%22%20size%3D%2211%22%20isBold%3D%22false%22%20isItalic%3D%22false%22%20isUnderline%3D%22false%22%20isStrikeThrough%3D%22false%22%20%2F%3E%0A%20%20%20%20%3C%2Fbpmndi%3ABPMNLabelStyle%3E%0A%20%20%20%20%3Cbpmndi%3ABPMNLabelStyle%20id%3D%22sid-84cb49fd-2f7c-44fb-8950-83c3fa153d3b%22%3E%0A%20%20%20%20%20%20%3Comgdc%3AFont%20name%3D%22Arial%22%20size%3D%2212%22%20isBold%3D%22false%22%20isItalic%3D%22false%22%20isUnderline%3D%22false%22%20isStrikeThrough%3D%22false%22%20%2F%3E%0A%20%20%20%20%3C%2Fbpmndi%3ABPMNLabelStyle%3E%0A%20%20%3C%2Fbpmndi%3ABPMNDiagram%3E%0A%3C%2Fdefinitions%3E%0A','3.b','147','209');
INSERT INTO `S_scenario_strategique` VALUES ('109','Mon Scénario Stratégique 1','data:application/xml,%3C%3Fxml%20version%3D%221.0%22%20encoding%3D%22UTF-8%22%3F%3E%0A%3Cdefinitions%20xmlns%3D%22http%3A%2F%2Fwww.omg.org%2Fspec%2FBPMN%2F20100524%2FMODEL%22%20xmlns%3Abpmndi%3D%22http%3A%2F%2Fwww.omg.org%2Fspec%2FBPMN%2F20100524%2FDI%22%20xmlns%3Aomgdc%3D%22http%3A%2F%2Fwww.omg.org%2Fspec%2FDD%2F20100524%2FDC%22%20xmlns%3Axsi%3D%22http%3A%2F%2Fwww.w3.org%2F2001%2FXMLSchema-instance%22%20xmlns%3Adi%3D%22http%3A%2F%2Fwww.omg.org%2Fspec%2FDD%2F20100524%2FDI%22%20targetNamespace%3D%22%22%20xsi%3AschemaLocation%3D%22http%3A%2F%2Fwww.omg.org%2Fspec%2FBPMN%2F20100524%2FMODEL%20http%3A%2F%2Fwww.omg.org%2Fspec%2FBPMN%2F2.0%2F20100501%2FBPMN20.xsd%22%3E%0A%20%20%3Ccollaboration%20id%3D%22Collaboration_0n85r8a%22%3E%0A%20%20%20%20%3Cparticipant%20id%3D%22Participant_0s2lx66%22%20name%3D%22Source%20de%20risque%22%20processRef%3D%22Process_0qqwoep%22%20%2F%3E%0A%20%20%20%20%3Cparticipant%20id%3D%22Participant_1p5a95g%22%20name%3D%22%C3%89cosyst%C3%A8me%22%20processRef%3D%22Process_0r4d8dh%22%20%2F%3E%0A%20%20%20%20%3Cparticipant%20id%3D%22Participant_1lsp20e%22%20name%3D%22Objectif%20vis%C3%A9%22%20processRef%3D%22Process_0a2q3ig%22%20%2F%3E%0A%20%20%20%20%3CmessageFlow%20id%3D%22Flow_0d6mtxl%22%20name%3D%22C1%20-%20EI%20%3A%20azerty%22%20sourceRef%3D%22Activity_0ynt8a1%22%20targetRef%3D%22Activity_04e8l5e%22%20%2F%3E%0A%20%20%20%20%3CmessageFlow%20id%3D%22Flow_0wq79gs%22%20name%3D%22C1%20-%20ER%20%3A%20Perte%20du%20mot%20de%20passe%22%20sourceRef%3D%22Activity_04e8l5e%22%20targetRef%3D%22Activity_1dplhv9%22%20%2F%3E%0A%20%20%3C%2Fcollaboration%3E%0A%20%20%3Cprocess%20id%3D%22Process_0qqwoep%22%3E%0A%20%20%20%20%3CuserTask%20id%3D%22Activity_0ynt8a1%22%20name%3D%22Crime%20organis%C3%A9%22%20%2F%3E%0A%20%20%3C%2Fprocess%3E%0A%20%20%3Cprocess%20id%3D%22Process_0r4d8dh%22%3E%0A%20%20%20%20%3CserviceTask%20id%3D%22Activity_04e8l5e%22%20name%3D%22Logiciel%22%20%2F%3E%0A%20%20%3C%2Fprocess%3E%0A%20%20%3Cprocess%20id%3D%22Process_0a2q3ig%22%3E%0A%20%20%20%20%3CmanualTask%20id%3D%22Activity_1dplhv9%22%20name%3D%22VM%20Mot%20de%20passe%22%20%2F%3E%0A%20%20%3C%2Fprocess%3E%0A%20%20%3Cbpmndi%3ABPMNDiagram%20id%3D%22sid-74620812-92c4-44e5-949c-aa47393d3830%22%3E%0A%20%20%20%20%3Cbpmndi%3ABPMNPlane%20id%3D%22sid-cdcae759-2af7-4a6d-bd02-53f3352a731d%22%20bpmnElement%3D%22Collaboration_0n85r8a%22%3E%0A%20%20%20%20%20%20%3Cbpmndi%3ABPMNShape%20id%3D%22Participant_0s2lx66_di%22%20bpmnElement%3D%22Participant_0s2lx66%22%20isHorizontal%3D%22true%22%3E%0A%20%20%20%20%20%20%20%20%3Comgdc%3ABounds%20x%3D%22230%22%20y%3D%22100%22%20width%3D%22300%22%20height%3D%22640%22%20%2F%3E%0A%20%20%20%20%20%20%3C%2Fbpmndi%3ABPMNShape%3E%0A%20%20%20%20%20%20%3Cbpmndi%3ABPMNShape%20id%3D%22Activity_0ynt8a1_di%22%20bpmnElement%3D%22Activity_0ynt8a1%22%3E%0A%20%20%20%20%20%20%20%20%3Comgdc%3ABounds%20x%3D%22330%22%20y%3D%22170%22%20width%3D%22100%22%20height%3D%2280%22%20%2F%3E%0A%20%20%20%20%20%20%3C%2Fbpmndi%3ABPMNShape%3E%0A%20%20%20%20%20%20%3Cbpmndi%3ABPMNShape%20id%3D%22Participant_1p5a95g_di%22%20bpmnElement%3D%22Participant_1p5a95g%22%20isHorizontal%3D%22true%22%3E%0A%20%20%20%20%20%20%20%20%3Comgdc%3ABounds%20x%3D%22550%22%20y%3D%22100%22%20width%3D%22300%22%20height%3D%22640%22%20%2F%3E%0A%20%20%20%20%20%20%3C%2Fbpmndi%3ABPMNShape%3E%0A%20%20%20%20%20%20%3Cbpmndi%3ABPMNShape%20id%3D%22Activity_04e8l5e_di%22%20bpmnElement%3D%22Activity_04e8l5e%22%3E%0A%20%20%20%20%20%20%20%20%3Comgdc%3ABounds%20x%3D%22630%22%20y%3D%22170%22%20width%3D%22100%22%20height%3D%2280%22%20%2F%3E%0A%20%20%20%20%20%20%3C%2Fbpmndi%3ABPMNShape%3E%0A%20%20%20%20%20%20%3Cbpmndi%3ABPMNShape%20id%3D%22Participant_1lsp20e_di%22%20bpmnElement%3D%22Participant_1lsp20e%22%20isHorizontal%3D%22true%22%3E%0A%20%20%20%20%20%20%20%20%3Comgdc%3ABounds%20x%3D%22870%22%20y%3D%22100%22%20width%3D%22300%22%20height%3D%22640%22%20%2F%3E%0A%20%20%20%20%20%20%3C%2Fbpmndi%3ABPMNShape%3E%0A%20%20%20%20%20%20%3Cbpmndi%3ABPMNShape%20id%3D%22Activity_1dplhv9_di%22%20bpmnElement%3D%22Activity_1dplhv9%22%3E%0A%20%20%20%20%20%20%20%20%3Comgdc%3ABounds%20x%3D%22970%22%20y%3D%22170%22%20width%3D%22100%22%20height%3D%2280%22%20%2F%3E%0A%20%20%20%20%20%20%3C%2Fbpmndi%3ABPMNShape%3E%0A%20%20%20%20%20%20%3Cbpmndi%3ABPMNEdge%20id%3D%22Flow_0d6mtxl_di%22%20bpmnElement%3D%22Flow_0d6mtxl%22%3E%0A%20%20%20%20%20%20%20%20%3Cdi%3Awaypoint%20x%3D%22430%22%20y%3D%22204%22%20%2F%3E%0A%20%20%20%20%20%20%20%20%3Cdi%3Awaypoint%20x%3D%22630%22%20y%3D%22204%22%20%2F%3E%0A%20%20%20%20%20%20%20%20%3Cbpmndi%3ABPMNLabel%3E%0A%20%20%20%20%20%20%20%20%20%20%3Comgdc%3ABounds%20x%3D%22494%22%20y%3D%22186%22%20width%3D%2272%22%20height%3D%2214%22%20%2F%3E%0A%20%20%20%20%20%20%20%20%3C%2Fbpmndi%3ABPMNLabel%3E%0A%20%20%20%20%20%20%3C%2Fbpmndi%3ABPMNEdge%3E%0A%20%20%20%20%20%20%3Cbpmndi%3ABPMNEdge%20id%3D%22Flow_0wq79gs_di%22%20bpmnElement%3D%22Flow_0wq79gs%22%3E%0A%20%20%20%20%20%20%20%20%3Cdi%3Awaypoint%20x%3D%22730%22%20y%3D%22196%22%20%2F%3E%0A%20%20%20%20%20%20%20%20%3Cdi%3Awaypoint%20x%3D%22970%22%20y%3D%22196%22%20%2F%3E%0A%20%20%20%20%20%20%20%20%3Cbpmndi%3ABPMNLabel%3E%0A%20%20%20%20%20%20%20%20%20%20%3Comgdc%3ABounds%20x%3D%22810%22%20y%3D%22178%22%20width%3D%2281%22%20height%3D%2240%22%20%2F%3E%0A%20%20%20%20%20%20%20%20%3C%2Fbpmndi%3ABPMNLabel%3E%0A%20%20%20%20%20%20%3C%2Fbpmndi%3ABPMNEdge%3E%0A%20%20%20%20%3C%2Fbpmndi%3ABPMNPlane%3E%0A%20%20%20%20%3Cbpmndi%3ABPMNLabelStyle%20id%3D%22sid-e0502d32-f8d1-41cf-9c4a-cbb49fecf581%22%3E%0A%20%20%20%20%20%20%3Comgdc%3AFont%20name%3D%22Arial%22%20size%3D%2211%22%20isBold%3D%22false%22%20isItalic%3D%22false%22%20isUnderline%3D%22false%22%20isStrikeThrough%3D%22false%22%20%2F%3E%0A%20%20%20%20%3C%2Fbpmndi%3ABPMNLabelStyle%3E%0A%20%20%20%20%3Cbpmndi%3ABPMNLabelStyle%20id%3D%22sid-84cb49fd-2f7c-44fb-8950-83c3fa153d3b%22%3E%0A%20%20%20%20%20%20%3Comgdc%3AFont%20name%3D%22Arial%22%20size%3D%2212%22%20isBold%3D%22false%22%20isItalic%3D%22false%22%20isUnderline%3D%22false%22%20isStrikeThrough%3D%22false%22%20%2F%3E%0A%20%20%20%20%3C%2Fbpmndi%3ABPMNLabelStyle%3E%0A%20%20%3C%2Fbpmndi%3ABPMNDiagram%3E%0A%3C%2Fdefinitions%3E%0A','3.b','149','210');
INSERT INTO `S_scenario_strategique` VALUES ('110','Mon Scénario Stratégique 2','data:application/xml,%3C%3Fxml%20version%3D%221.0%22%20encoding%3D%22UTF-8%22%3F%3E%0A%3Cdefinitions%20xmlns%3D%22http%3A%2F%2Fwww.omg.org%2Fspec%2FBPMN%2F20100524%2FMODEL%22%20xmlns%3Abpmndi%3D%22http%3A%2F%2Fwww.omg.org%2Fspec%2FBPMN%2F20100524%2FDI%22%20xmlns%3Aomgdc%3D%22http%3A%2F%2Fwww.omg.org%2Fspec%2FDD%2F20100524%2FDC%22%20xmlns%3Axsi%3D%22http%3A%2F%2Fwww.w3.org%2F2001%2FXMLSchema-instance%22%20xmlns%3Adi%3D%22http%3A%2F%2Fwww.omg.org%2Fspec%2FDD%2F20100524%2FDI%22%20targetNamespace%3D%22%22%20xsi%3AschemaLocation%3D%22http%3A%2F%2Fwww.omg.org%2Fspec%2FBPMN%2F20100524%2FMODEL%20http%3A%2F%2Fwww.omg.org%2Fspec%2FBPMN%2F2.0%2F20100501%2FBPMN20.xsd%22%3E%0A%20%20%3Ccollaboration%20id%3D%22Collaboration_0n85r8a%22%3E%0A%20%20%20%20%3Cparticipant%20id%3D%22Participant_0s2lx66%22%20name%3D%22Source%20de%20risque%22%20processRef%3D%22Process_0qqwoep%22%20%2F%3E%0A%20%20%20%20%3Cparticipant%20id%3D%22Participant_1p5a95g%22%20name%3D%22%C3%89cosyst%C3%A8me%22%20processRef%3D%22Process_0r4d8dh%22%20%2F%3E%0A%20%20%20%20%3Cparticipant%20id%3D%22Participant_1lsp20e%22%20name%3D%22Objectif%20vis%C3%A9%22%20processRef%3D%22Process_0a2q3ig%22%20%2F%3E%0A%20%20%20%20%3CmessageFlow%20id%3D%22Flow_1s13ufx%22%20name%3D%22C3%20-%20EI%20%3A%20qsdfg%22%20sourceRef%3D%22Activity_0ynt8a1%22%20targetRef%3D%22Activity_1ridg6e%22%20%2F%3E%0A%20%20%20%20%3CmessageFlow%20id%3D%22Flow_1up4s0b%22%20name%3D%22C3%20-%20ER%20%3A%20Perte%20du%20mot%20de%20passe%22%20sourceRef%3D%22Activity_1ridg6e%22%20targetRef%3D%22Activity_1gb15q0%22%20%2F%3E%0A%20%20%3C%2Fcollaboration%3E%0A%20%20%3Cprocess%20id%3D%22Process_0qqwoep%22%3E%0A%20%20%20%20%3CuserTask%20id%3D%22Activity_0ynt8a1%22%20name%3D%22Etatique%22%20%2F%3E%0A%20%20%3C%2Fprocess%3E%0A%20%20%3Cprocess%20id%3D%22Process_0r4d8dh%22%3E%0A%20%20%20%20%3CserviceTask%20id%3D%22Activity_1ridg6e%22%20name%3D%22PC%22%20%2F%3E%0A%20%20%3C%2Fprocess%3E%0A%20%20%3Cprocess%20id%3D%22Process_0a2q3ig%22%3E%0A%20%20%20%20%3CmanualTask%20id%3D%22Activity_1gb15q0%22%20name%3D%22VM%20Mot%20de%20passe%20maitre%22%20%2F%3E%0A%20%20%3C%2Fprocess%3E%0A%20%20%3Cbpmndi%3ABPMNDiagram%20id%3D%22sid-74620812-92c4-44e5-949c-aa47393d3830%22%3E%0A%20%20%20%20%3Cbpmndi%3ABPMNPlane%20id%3D%22sid-cdcae759-2af7-4a6d-bd02-53f3352a731d%22%20bpmnElement%3D%22Collaboration_0n85r8a%22%3E%0A%20%20%20%20%20%20%3Cbpmndi%3ABPMNShape%20id%3D%22Participant_0s2lx66_di%22%20bpmnElement%3D%22Participant_0s2lx66%22%20isHorizontal%3D%22true%22%3E%0A%20%20%20%20%20%20%20%20%3Comgdc%3ABounds%20x%3D%22230%22%20y%3D%22100%22%20width%3D%22300%22%20height%3D%22640%22%20%2F%3E%0A%20%20%20%20%20%20%3C%2Fbpmndi%3ABPMNShape%3E%0A%20%20%20%20%20%20%3Cbpmndi%3ABPMNShape%20id%3D%22Activity_0ynt8a1_di%22%20bpmnElement%3D%22Activity_0ynt8a1%22%3E%0A%20%20%20%20%20%20%20%20%3Comgdc%3ABounds%20x%3D%22330%22%20y%3D%22170%22%20width%3D%22100%22%20height%3D%2280%22%20%2F%3E%0A%20%20%20%20%20%20%3C%2Fbpmndi%3ABPMNShape%3E%0A%20%20%20%20%20%20%3Cbpmndi%3ABPMNShape%20id%3D%22Participant_1p5a95g_di%22%20bpmnElement%3D%22Participant_1p5a95g%22%20isHorizontal%3D%22true%22%3E%0A%20%20%20%20%20%20%20%20%3Comgdc%3ABounds%20x%3D%22550%22%20y%3D%22100%22%20width%3D%22300%22%20height%3D%22640%22%20%2F%3E%0A%20%20%20%20%20%20%3C%2Fbpmndi%3ABPMNShape%3E%0A%20%20%20%20%20%20%3Cbpmndi%3ABPMNShape%20id%3D%22Activity_1ridg6e_di%22%20bpmnElement%3D%22Activity_1ridg6e%22%3E%0A%20%20%20%20%20%20%20%20%3Comgdc%3ABounds%20x%3D%22640%22%20y%3D%22170%22%20width%3D%22100%22%20height%3D%2280%22%20%2F%3E%0A%20%20%20%20%20%20%3C%2Fbpmndi%3ABPMNShape%3E%0A%20%20%20%20%20%20%3Cbpmndi%3ABPMNShape%20id%3D%22Participant_1lsp20e_di%22%20bpmnElement%3D%22Participant_1lsp20e%22%20isHorizontal%3D%22true%22%3E%0A%20%20%20%20%20%20%20%20%3Comgdc%3ABounds%20x%3D%22870%22%20y%3D%22100%22%20width%3D%22300%22%20height%3D%22640%22%20%2F%3E%0A%20%20%20%20%20%20%3C%2Fbpmndi%3ABPMNShape%3E%0A%20%20%20%20%20%20%3Cbpmndi%3ABPMNShape%20id%3D%22Activity_1gb15q0_di%22%20bpmnElement%3D%22Activity_1gb15q0%22%3E%0A%20%20%20%20%20%20%20%20%3Comgdc%3ABounds%20x%3D%22960%22%20y%3D%22170%22%20width%3D%22100%22%20height%3D%2280%22%20%2F%3E%0A%20%20%20%20%20%20%3C%2Fbpmndi%3ABPMNShape%3E%0A%20%20%20%20%20%20%3Cbpmndi%3ABPMNEdge%20id%3D%22Flow_1s13ufx_di%22%20bpmnElement%3D%22Flow_1s13ufx%22%3E%0A%20%20%20%20%20%20%20%20%3Cdi%3Awaypoint%20x%3D%22430%22%20y%3D%22210%22%20%2F%3E%0A%20%20%20%20%20%20%20%20%3Cdi%3Awaypoint%20x%3D%22640%22%20y%3D%22210%22%20%2F%3E%0A%20%20%20%20%20%20%20%20%3Cbpmndi%3ABPMNLabel%3E%0A%20%20%20%20%20%20%20%20%20%20%3Comgdc%3ABounds%20x%3D%22501%22%20y%3D%22192%22%20width%3D%2269%22%20height%3D%2214%22%20%2F%3E%0A%20%20%20%20%20%20%20%20%3C%2Fbpmndi%3ABPMNLabel%3E%0A%20%20%20%20%20%20%3C%2Fbpmndi%3ABPMNEdge%3E%0A%20%20%20%20%20%20%3Cbpmndi%3ABPMNEdge%20id%3D%22Flow_1up4s0b_di%22%20bpmnElement%3D%22Flow_1up4s0b%22%3E%0A%20%20%20%20%20%20%20%20%3Cdi%3Awaypoint%20x%3D%22740%22%20y%3D%22217%22%20%2F%3E%0A%20%20%20%20%20%20%20%20%3Cdi%3Awaypoint%20x%3D%22960%22%20y%3D%22217%22%20%2F%3E%0A%20%20%20%20%20%20%20%20%3Cbpmndi%3ABPMNLabel%3E%0A%20%20%20%20%20%20%20%20%20%20%3Comgdc%3ABounds%20x%3D%22810%22%20y%3D%22199%22%20width%3D%2281%22%20height%3D%2240%22%20%2F%3E%0A%20%20%20%20%20%20%20%20%3C%2Fbpmndi%3ABPMNLabel%3E%0A%20%20%20%20%20%20%3C%2Fbpmndi%3ABPMNEdge%3E%0A%20%20%20%20%3C%2Fbpmndi%3ABPMNPlane%3E%0A%20%20%20%20%3Cbpmndi%3ABPMNLabelStyle%20id%3D%22sid-e0502d32-f8d1-41cf-9c4a-cbb49fecf581%22%3E%0A%20%20%20%20%20%20%3Comgdc%3AFont%20name%3D%22Arial%22%20size%3D%2211%22%20isBold%3D%22false%22%20isItalic%3D%22false%22%20isUnderline%3D%22false%22%20isStrikeThrough%3D%22false%22%20%2F%3E%0A%20%20%20%20%3C%2Fbpmndi%3ABPMNLabelStyle%3E%0A%20%20%20%20%3Cbpmndi%3ABPMNLabelStyle%20id%3D%22sid-84cb49fd-2f7c-44fb-8950-83c3fa153d3b%22%3E%0A%20%20%20%20%20%20%3Comgdc%3AFont%20name%3D%22Arial%22%20size%3D%2212%22%20isBold%3D%22false%22%20isItalic%3D%22false%22%20isUnderline%3D%22false%22%20isStrikeThrough%3D%22false%22%20%2F%3E%0A%20%20%20%20%3C%2Fbpmndi%3ABPMNLabelStyle%3E%0A%20%20%3C%2Fbpmndi%3ABPMNDiagram%3E%0A%3C%2Fdefinitions%3E%0A','3.b','150','210');
INSERT INTO `S_scenario_strategique` VALUES ('111','ST-1-VolMotPasseCoffre','data:application/xml,%3C%3Fxml%20version%3D%221.0%22%20encoding%3D%22UTF-8%22%3F%3E%0A%3Cdefinitions%20xmlns%3D%22http%3A%2F%2Fwww.omg.org%2Fspec%2FBPMN%2F20100524%2FMODEL%22%20xmlns%3Abpmndi%3D%22http%3A%2F%2Fwww.omg.org%2Fspec%2FBPMN%2F20100524%2FDI%22%20xmlns%3Aomgdc%3D%22http%3A%2F%2Fwww.omg.org%2Fspec%2FDD%2F20100524%2FDC%22%20xmlns%3Axsi%3D%22http%3A%2F%2Fwww.w3.org%2F2001%2FXMLSchema-instance%22%20xmlns%3Adi%3D%22http%3A%2F%2Fwww.omg.org%2Fspec%2FDD%2F20100524%2FDI%22%20targetNamespace%3D%22%22%20xsi%3AschemaLocation%3D%22http%3A%2F%2Fwww.omg.org%2Fspec%2FBPMN%2F20100524%2FMODEL%20http%3A%2F%2Fwww.omg.org%2Fspec%2FBPMN%2F2.0%2F20100501%2FBPMN20.xsd%22%3E%0A%20%20%3Ccollaboration%20id%3D%22Collaboration_0n85r8a%22%3E%0A%20%20%20%20%3Cparticipant%20id%3D%22Participant_0s2lx66%22%20name%3D%22Source%20de%20risque%22%20processRef%3D%22Process_0qqwoep%22%20%2F%3E%0A%20%20%20%20%3Cparticipant%20id%3D%22Participant_1p5a95g%22%20name%3D%22%C3%89cosyst%C3%A8me%22%20processRef%3D%22Process_0r4d8dh%22%20%2F%3E%0A%20%20%20%20%3Cparticipant%20id%3D%22Participant_1lsp20e%22%20name%3D%22Logiciel%22%20processRef%3D%22Process_0a2q3ig%22%20%2F%3E%0A%20%20%20%20%3CmessageFlow%20id%3D%22Flow_1s5zv8s%22%20name%3D%22C1%20-%20EI%20%3A%20Exploitation%20Bug%22%20sourceRef%3D%22Activity_0ynt8a1%22%20targetRef%3D%22Activity_1r9fukf%22%20%2F%3E%0A%20%20%20%20%3CmessageFlow%20id%3D%22Flow_0wgbfoa%22%20name%3D%22C1%20-%20ER%20%3A%20ER1-Publication%20des%20mots%20passe%20enregistr%C3%A9s%22%20sourceRef%3D%22Activity_1r9fukf%22%20targetRef%3D%22Activity_0nk9ge9%22%20%2F%3E%0A%20%20%3C%2Fcollaboration%3E%0A%20%20%3Cprocess%20id%3D%22Process_0qqwoep%22%3E%0A%20%20%20%20%3CuserTask%20id%3D%22Activity_0ynt8a1%22%20name%3D%22Hacker%22%20%2F%3E%0A%20%20%3C%2Fprocess%3E%0A%20%20%3Cprocess%20id%3D%22Process_0r4d8dh%22%3E%0A%20%20%20%20%3CserviceTask%20id%3D%22Activity_1r9fukf%22%20name%3D%22Logiciel%22%20%2F%3E%0A%20%20%3C%2Fprocess%3E%0A%20%20%3Cprocess%20id%3D%22Process_0a2q3ig%22%3E%0A%20%20%20%20%3CmanualTask%20id%3D%22Activity_0nk9ge9%22%20name%3D%22Mot%20de%20passe%20%C3%A0%20stocker%22%20%2F%3E%0A%20%20%3C%2Fprocess%3E%0A%20%20%3Cbpmndi%3ABPMNDiagram%20id%3D%22sid-74620812-92c4-44e5-949c-aa47393d3830%22%3E%0A%20%20%20%20%3Cbpmndi%3ABPMNPlane%20id%3D%22sid-cdcae759-2af7-4a6d-bd02-53f3352a731d%22%20bpmnElement%3D%22Collaboration_0n85r8a%22%3E%0A%20%20%20%20%20%20%3Cbpmndi%3ABPMNShape%20id%3D%22Participant_0s2lx66_di%22%20bpmnElement%3D%22Participant_0s2lx66%22%20isHorizontal%3D%22true%22%3E%0A%20%20%20%20%20%20%20%20%3Comgdc%3ABounds%20x%3D%22230%22%20y%3D%22100%22%20width%3D%22300%22%20height%3D%22640%22%20%2F%3E%0A%20%20%20%20%20%20%3C%2Fbpmndi%3ABPMNShape%3E%0A%20%20%20%20%20%20%3Cbpmndi%3ABPMNShape%20id%3D%22Activity_0ynt8a1_di%22%20bpmnElement%3D%22Activity_0ynt8a1%22%3E%0A%20%20%20%20%20%20%20%20%3Comgdc%3ABounds%20x%3D%22330%22%20y%3D%22170%22%20width%3D%22100%22%20height%3D%2280%22%20%2F%3E%0A%20%20%20%20%20%20%3C%2Fbpmndi%3ABPMNShape%3E%0A%20%20%20%20%20%20%3Cbpmndi%3ABPMNShape%20id%3D%22Participant_1p5a95g_di%22%20bpmnElement%3D%22Participant_1p5a95g%22%20isHorizontal%3D%22true%22%3E%0A%20%20%20%20%20%20%20%20%3Comgdc%3ABounds%20x%3D%22550%22%20y%3D%22100%22%20width%3D%22300%22%20height%3D%22640%22%20%2F%3E%0A%20%20%20%20%20%20%3C%2Fbpmndi%3ABPMNShape%3E%0A%20%20%20%20%20%20%3Cbpmndi%3ABPMNShape%20id%3D%22Activity_1r9fukf_di%22%20bpmnElement%3D%22Activity_1r9fukf%22%3E%0A%20%20%20%20%20%20%20%20%3Comgdc%3ABounds%20x%3D%22650%22%20y%3D%22170%22%20width%3D%22100%22%20height%3D%2280%22%20%2F%3E%0A%20%20%20%20%20%20%3C%2Fbpmndi%3ABPMNShape%3E%0A%20%20%20%20%20%20%3Cbpmndi%3ABPMNShape%20id%3D%22Participant_1lsp20e_di%22%20bpmnElement%3D%22Participant_1lsp20e%22%20isHorizontal%3D%22true%22%3E%0A%20%20%20%20%20%20%20%20%3Comgdc%3ABounds%20x%3D%22870%22%20y%3D%22100%22%20width%3D%22300%22%20height%3D%22640%22%20%2F%3E%0A%20%20%20%20%20%20%3C%2Fbpmndi%3ABPMNShape%3E%0A%20%20%20%20%20%20%3Cbpmndi%3ABPMNShape%20id%3D%22Activity_0nk9ge9_di%22%20bpmnElement%3D%22Activity_0nk9ge9%22%3E%0A%20%20%20%20%20%20%20%20%3Comgdc%3ABounds%20x%3D%22950%22%20y%3D%22160%22%20width%3D%22100%22%20height%3D%2280%22%20%2F%3E%0A%20%20%20%20%20%20%3C%2Fbpmndi%3ABPMNShape%3E%0A%20%20%20%20%20%20%3Cbpmndi%3ABPMNEdge%20id%3D%22Flow_1s5zv8s_di%22%20bpmnElement%3D%22Flow_1s5zv8s%22%3E%0A%20%20%20%20%20%20%20%20%3Cdi%3Awaypoint%20x%3D%22430%22%20y%3D%22205%22%20%2F%3E%0A%20%20%20%20%20%20%20%20%3Cdi%3Awaypoint%20x%3D%22650%22%20y%3D%22205%22%20%2F%3E%0A%20%20%20%20%20%20%20%20%3Cbpmndi%3ABPMNLabel%3E%0A%20%20%20%20%20%20%20%20%20%20%3Comgdc%3ABounds%20x%3D%22498%22%20y%3D%22187%22%20width%3D%2284%22%20height%3D%2240%22%20%2F%3E%0A%20%20%20%20%20%20%20%20%3C%2Fbpmndi%3ABPMNLabel%3E%0A%20%20%20%20%20%20%3C%2Fbpmndi%3ABPMNEdge%3E%0A%20%20%20%20%20%20%3Cbpmndi%3ABPMNEdge%20id%3D%22Flow_0wgbfoa_di%22%20bpmnElement%3D%22Flow_0wgbfoa%22%3E%0A%20%20%20%20%20%20%20%20%3Cdi%3Awaypoint%20x%3D%22750%22%20y%3D%22208%22%20%2F%3E%0A%20%20%20%20%20%20%20%20%3Cdi%3Awaypoint%20x%3D%22950%22%20y%3D%22208%22%20%2F%3E%0A%20%20%20%20%20%20%20%20%3Cbpmndi%3ABPMNLabel%3E%0A%20%20%20%20%20%20%20%20%20%20%3Comgdc%3ABounds%20x%3D%22806%22%20y%3D%22190%22%20width%3D%2288%22%20height%3D%2253%22%20%2F%3E%0A%20%20%20%20%20%20%20%20%3C%2Fbpmndi%3ABPMNLabel%3E%0A%20%20%20%20%20%20%3C%2Fbpmndi%3ABPMNEdge%3E%0A%20%20%20%20%3C%2Fbpmndi%3ABPMNPlane%3E%0A%20%20%20%20%3Cbpmndi%3ABPMNLabelStyle%20id%3D%22sid-e0502d32-f8d1-41cf-9c4a-cbb49fecf581%22%3E%0A%20%20%20%20%20%20%3Comgdc%3AFont%20name%3D%22Arial%22%20size%3D%2211%22%20isBold%3D%22false%22%20isItalic%3D%22false%22%20isUnderline%3D%22false%22%20isStrikeThrough%3D%22false%22%20%2F%3E%0A%20%20%20%20%3C%2Fbpmndi%3ABPMNLabelStyle%3E%0A%20%20%20%20%3Cbpmndi%3ABPMNLabelStyle%20id%3D%22sid-84cb49fd-2f7c-44fb-8950-83c3fa153d3b%22%3E%0A%20%20%20%20%20%20%3Comgdc%3AFont%20name%3D%22Arial%22%20size%3D%2212%22%20isBold%3D%22false%22%20isItalic%3D%22false%22%20isUnderline%3D%22false%22%20isStrikeThrough%3D%22false%22%20%2F%3E%0A%20%20%20%20%3C%2Fbpmndi%3ABPMNLabelStyle%3E%0A%20%20%3C%2Fbpmndi%3ABPMNDiagram%3E%0A%3C%2Fdefinitions%3E%0A','3.b','151','212');


DROP TABLE IF EXISTS `T_chemin_d_attaque_strategique`;
CREATE TABLE `T_chemin_d_attaque_strategique` (
  `id_chemin_d_attaque_strategique` int(11) NOT NULL AUTO_INCREMENT,
  `id_risque` varchar(50) NOT NULL,
  `id_chemin` varchar(50) DEFAULT NULL,
  `nom_chemin_d_attaque_strategique` varchar(100) DEFAULT NULL,
  `description_chemin_d_attaque_strategique` varchar(1000) DEFAULT NULL,
  `id_scenario_strategique` int(11) NOT NULL,
  `id_projet` int(11) NOT NULL,
  `id_atelier` varchar(50) NOT NULL,
  PRIMARY KEY (`id_chemin_d_attaque_strategique`,`id_risque`),
  KEY `T_chemin_d_attaque_strategique_F_projet_FK` (`id_projet`),
  KEY `T_chemin_d_attaque_strategique_G_atelier_FK` (`id_atelier`),
  KEY `T_chemin_d_attaque_strategique_S_scenario_strategique_FK` (`id_scenario_strategique`),
  CONSTRAINT `T_chemin_d_attaque_strategique_F_projet_FK` FOREIGN KEY (`id_projet`) REFERENCES `F_projet` (`id_projet`) ON DELETE CASCADE ON UPDATE CASCADE,
  CONSTRAINT `T_chemin_d_attaque_strategique_G_atelier_FK` FOREIGN KEY (`id_atelier`) REFERENCES `G_atelier` (`id_atelier`) ON DELETE CASCADE ON UPDATE CASCADE,
  CONSTRAINT `T_chemin_d_attaque_strategique_S_scenario_strategique_FK` FOREIGN KEY (`id_scenario_strategique`) REFERENCES `S_scenario_strategique` (`id_scenario_strategique`) ON DELETE CASCADE ON UPDATE CASCADE
) ENGINE=InnoDB AUTO_INCREMENT=82 DEFAULT CHARSET=utf8mb4;

INSERT INTO `T_chemin_d_attaque_strategique` VALUES ('1','R1','C1','TEST 2','TEST 2','103','28','3.b');
INSERT INTO `T_chemin_d_attaque_strategique` VALUES ('2','','C2',NULL,NULL,'103','28','3.b');
INSERT INTO `T_chemin_d_attaque_strategique` VALUES ('3','','C3',NULL,NULL,'103','28','3.b');
INSERT INTO `T_chemin_d_attaque_strategique` VALUES ('4','R2','C4','TEST','TEST','103','28','3.b');
INSERT INTO `T_chemin_d_attaque_strategique` VALUES ('5','R3','C5','TEST','TEST','103','28','3.b');
INSERT INTO `T_chemin_d_attaque_strategique` VALUES ('6','R4','C6','TEST','TEST','103','28','3.b');
INSERT INTO `T_chemin_d_attaque_strategique` VALUES ('7','R5','C7','TEST','TEST','103','28','3.b');
INSERT INTO `T_chemin_d_attaque_strategique` VALUES ('8','R5','C8','TEST','TEST','103','28','3.b');
INSERT INTO `T_chemin_d_attaque_strategique` VALUES ('9','','C9',NULL,NULL,'103','28','3.b');
INSERT INTO `T_chemin_d_attaque_strategique` VALUES ('19','R6','C1','TEST','TEST','105','28','3.b');
INSERT INTO `T_chemin_d_attaque_strategique` VALUES ('20','','C2',NULL,NULL,'105','28','3.b');
INSERT INTO `T_chemin_d_attaque_strategique` VALUES ('21','','C3',NULL,NULL,'105','28','3.b');
INSERT INTO `T_chemin_d_attaque_strategique` VALUES ('22','R7','C4','TEST','TEST','105','28','3.b');
INSERT INTO `T_chemin_d_attaque_strategique` VALUES ('23','R8','C5','TEST','TEST','105','28','3.b');
INSERT INTO `T_chemin_d_attaque_strategique` VALUES ('24','R9','C6','TEST','TEST','105','28','3.b');
INSERT INTO `T_chemin_d_attaque_strategique` VALUES ('25','R10','C7','','','105','28','3.b');
INSERT INTO `T_chemin_d_attaque_strategique` VALUES ('26','','C8',NULL,NULL,'105','28','3.b');
INSERT INTO `T_chemin_d_attaque_strategique` VALUES ('27','','C9',NULL,NULL,'105','28','3.b');
INSERT INTO `T_chemin_d_attaque_strategique` VALUES ('28','R1','C1','Vol des données de l''éolienne','Vol des données de l''éolienne','106','209','3.b');
INSERT INTO `T_chemin_d_attaque_strategique` VALUES ('29','','C2',NULL,NULL,'106','209','3.b');
INSERT INTO `T_chemin_d_attaque_strategique` VALUES ('30','','C3',NULL,NULL,'106','209','3.b');
INSERT INTO `T_chemin_d_attaque_strategique` VALUES ('31','','C4',NULL,NULL,'106','209','3.b');
INSERT INTO `T_chemin_d_attaque_strategique` VALUES ('32','','C5',NULL,NULL,'106','209','3.b');
INSERT INTO `T_chemin_d_attaque_strategique` VALUES ('33','','C6',NULL,NULL,'106','209','3.b');
INSERT INTO `T_chemin_d_attaque_strategique` VALUES ('34','','C7',NULL,NULL,'106','209','3.b');
INSERT INTO `T_chemin_d_attaque_strategique` VALUES ('35','','C8',NULL,NULL,'106','209','3.b');
INSERT INTO `T_chemin_d_attaque_strategique` VALUES ('36','','C9',NULL,NULL,'106','209','3.b');
INSERT INTO `T_chemin_d_attaque_strategique` VALUES ('55','R1','C1','che1','desc Che1','109','210','3.b');
INSERT INTO `T_chemin_d_attaque_strategique` VALUES ('56','','C2',NULL,NULL,'109','210','3.b');
INSERT INTO `T_chemin_d_attaque_strategique` VALUES ('57','','C3',NULL,NULL,'109','210','3.b');
INSERT INTO `T_chemin_d_attaque_strategique` VALUES ('58','','C4',NULL,NULL,'109','210','3.b');
INSERT INTO `T_chemin_d_attaque_strategique` VALUES ('59','','C5',NULL,NULL,'109','210','3.b');
INSERT INTO `T_chemin_d_attaque_strategique` VALUES ('60','','C6',NULL,NULL,'109','210','3.b');
INSERT INTO `T_chemin_d_attaque_strategique` VALUES ('61','','C7',NULL,NULL,'109','210','3.b');
INSERT INTO `T_chemin_d_attaque_strategique` VALUES ('62','','C8',NULL,NULL,'109','210','3.b');
INSERT INTO `T_chemin_d_attaque_strategique` VALUES ('63','','C9',NULL,NULL,'109','210','3.b');
INSERT INTO `T_chemin_d_attaque_strategique` VALUES ('64','','C1',NULL,NULL,'110','210','3.b');
INSERT INTO `T_chemin_d_attaque_strategique` VALUES ('65','','C2',NULL,NULL,'110','210','3.b');
INSERT INTO `T_chemin_d_attaque_strategique` VALUES ('66','R2','C3','che2','desc Che2','110','210','3.b');
INSERT INTO `T_chemin_d_attaque_strategique` VALUES ('67','','C4',NULL,NULL,'110','210','3.b');
INSERT INTO `T_chemin_d_attaque_strategique` VALUES ('68','','C5',NULL,NULL,'110','210','3.b');
INSERT INTO `T_chemin_d_attaque_strategique` VALUES ('69','','C6',NULL,NULL,'110','210','3.b');
INSERT INTO `T_chemin_d_attaque_strategique` VALUES ('70','','C7',NULL,NULL,'110','210','3.b');
INSERT INTO `T_chemin_d_attaque_strategique` VALUES ('71','','C8',NULL,NULL,'110','210','3.b');
INSERT INTO `T_chemin_d_attaque_strategique` VALUES ('72','','C9',NULL,NULL,'110','210','3.b');
INSERT INTO `T_chemin_d_attaque_strategique` VALUES ('73','','C1',NULL,NULL,'111','212','3.b');
INSERT INTO `T_chemin_d_attaque_strategique` VALUES ('74','','C2',NULL,NULL,'111','212','3.b');
INSERT INTO `T_chemin_d_attaque_strategique` VALUES ('75','','C3',NULL,NULL,'111','212','3.b');
INSERT INTO `T_chemin_d_attaque_strategique` VALUES ('76','','C4',NULL,NULL,'111','212','3.b');
INSERT INTO `T_chemin_d_attaque_strategique` VALUES ('77','','C5',NULL,NULL,'111','212','3.b');
INSERT INTO `T_chemin_d_attaque_strategique` VALUES ('78','','C6',NULL,NULL,'111','212','3.b');
INSERT INTO `T_chemin_d_attaque_strategique` VALUES ('79','','C7',NULL,NULL,'111','212','3.b');
INSERT INTO `T_chemin_d_attaque_strategique` VALUES ('80','','C8',NULL,NULL,'111','212','3.b');
INSERT INTO `T_chemin_d_attaque_strategique` VALUES ('81','','C9',NULL,NULL,'111','212','3.b');


DROP TABLE IF EXISTS `UA_EI`;
CREATE TABLE `UA_EI` (
  `id_EI` int(11) NOT NULL AUTO_INCREMENT,
  `id_fleche` varchar(50) NOT NULL,
  `valeur_chemin` varchar(100) NOT NULL,
  `id_scenario_strategique` int(11) DEFAULT NULL,
  `id_source` int(11) DEFAULT NULL,
  `id_source_2` int(11) DEFAULT NULL,
  `id_schema_source` varchar(50) NOT NULL,
  `id_destination` int(11) DEFAULT NULL,
  `id_schema_destination` varchar(50) NOT NULL,
  `id_chemin_d_attaque_strategique` int(100) NOT NULL,
  `id_risque` varchar(50) DEFAULT NULL,
  `id_projet` int(11) NOT NULL,
  `id_atelier` varchar(50) NOT NULL,
  PRIMARY KEY (`id_EI`,`id_fleche`),
  KEY `UA_EI_F_projet_FK` (`id_projet`),
  KEY `UA_EI_G_atelier_FK` (`id_atelier`),
  KEY `UA_EI_S_scenario_strategique_FK` (`id_scenario_strategique`),
  KEY `UA_EI_P_SROV_FK_source` (`id_source`),
  KEY `UA_EI_R_partie_prenante_FK_source` (`id_source_2`),
  KEY `UA_EI_R_partie_prenante_FK_destination` (`id_destination`),
  KEY `UA_EI_T_chemin_d_attaque_strategique_FK` (`id_chemin_d_attaque_strategique`,`id_risque`),
  CONSTRAINT `UA_EI_F_projet_FK` FOREIGN KEY (`id_projet`) REFERENCES `F_projet` (`id_projet`) ON DELETE CASCADE ON UPDATE CASCADE,
  CONSTRAINT `UA_EI_G_atelier_FK` FOREIGN KEY (`id_atelier`) REFERENCES `G_atelier` (`id_atelier`) ON DELETE CASCADE ON UPDATE CASCADE,
  CONSTRAINT `UA_EI_P_SROV_FK_source` FOREIGN KEY (`id_source`) REFERENCES `P_SROV` (`id_source_de_risque`) ON DELETE CASCADE ON UPDATE CASCADE,
  CONSTRAINT `UA_EI_R_partie_prenante_FK_destination` FOREIGN KEY (`id_destination`) REFERENCES `R_partie_prenante` (`id_partie_prenante`) ON DELETE CASCADE ON UPDATE CASCADE,
  CONSTRAINT `UA_EI_R_partie_prenante_FK_source` FOREIGN KEY (`id_source_2`) REFERENCES `R_partie_prenante` (`id_partie_prenante`) ON DELETE CASCADE ON UPDATE CASCADE,
  CONSTRAINT `UA_EI_S_scenario_strategique_FK` FOREIGN KEY (`id_scenario_strategique`) REFERENCES `S_scenario_strategique` (`id_scenario_strategique`) ON DELETE CASCADE ON UPDATE CASCADE,
  CONSTRAINT `UA_EI_T_chemin_d_attaque_strategique_FK` FOREIGN KEY (`id_chemin_d_attaque_strategique`, `id_risque`) REFERENCES `T_chemin_d_attaque_strategique` (`id_chemin_d_attaque_strategique`, `id_risque`) ON DELETE CASCADE ON UPDATE CASCADE
) ENGINE=InnoDB AUTO_INCREMENT=779 DEFAULT CHARSET=utf8mb4;

INSERT INTO `UA_EI` VALUES ('755','Flow_19tr17p','Joyston','103',NULL,'88','Activity_1mkmphm','89','Activity_0tt2j9m','3',NULL,'28','3.b');
INSERT INTO `UA_EI` VALUES ('756','Flow_0236dju','Alice','103',NULL,'89','Activity_1otxh6c','89','Activity_0tt2j9m','2',NULL,'28','3.b');
INSERT INTO `UA_EI` VALUES ('757','Flow_0xt8e3f','Bob','103','76',NULL,'Activity_0dz6b4r','89','Activity_1otxh6c','2',NULL,'28','3.b');
INSERT INTO `UA_EI` VALUES ('758','Flow_1kyhzq4','Pierrot','103','76',NULL,'Activity_0dz6b4r','88','Activity_1mkmphm','1',NULL,'28','3.b');
INSERT INTO `UA_EI` VALUES ('759','Flow_1awenc9','Pierrot','103','76',NULL,'Activity_0dz6b4r','88','Activity_1mkmphm','3',NULL,'28','3.b');
INSERT INTO `UA_EI` VALUES ('763','Flow_0236dju','Alice','105',NULL,'89','Activity_1otxh6c','89','Activity_0tt2j9m','20',NULL,'28','3.b');
INSERT INTO `UA_EI` VALUES ('765','Flow_0clnw20','Récupération de l''ordinateur','106','147',NULL,'Activity_0ynt8a1','140','Activity_0etjw28','28',NULL,'209','3.b');
INSERT INTO `UA_EI` VALUES ('775','Flow_0d6mtxl','azerty','109','149',NULL,'Activity_0ynt8a1','141','Activity_04e8l5e','55',NULL,'210','3.b');
INSERT INTO `UA_EI` VALUES ('777','Flow_1s13ufx','qsdfg','110','150',NULL,'Activity_0ynt8a1','142','Activity_1ridg6e','66',NULL,'210','3.b');
INSERT INTO `UA_EI` VALUES ('778','Flow_1s5zv8s','Exploitation Bug','111','151',NULL,'Activity_0ynt8a1','147','Activity_1r9fukf','73',NULL,'212','3.b');


DROP TABLE IF EXISTS `UA_ER`;
CREATE TABLE `UA_ER` (
  `id_ER` int(11) NOT NULL AUTO_INCREMENT,
  `id_fleche` varchar(50) NOT NULL,
  `valeur_chemin` varchar(100) NOT NULL,
  `id_evenement_redoute` int(11) NOT NULL,
  `id_scenario_strategique` int(11) DEFAULT NULL,
  `id_source` int(11) DEFAULT NULL,
  `id_schema_source` varchar(50) NOT NULL,
  `id_destination` int(11) DEFAULT NULL,
  `id_schema_destination` varchar(50) NOT NULL,
  `id_chemin_d_attaque_strategique` int(100) NOT NULL,
  `id_risque` varchar(50) DEFAULT NULL,
  `id_projet` int(11) NOT NULL,
  `id_atelier` varchar(50) NOT NULL,
  PRIMARY KEY (`id_ER`,`id_fleche`),
  KEY `UA_ER_F_projet_FK` (`id_projet`),
  KEY `UA_ER_G_atelier_FK` (`id_atelier`),
  KEY `UA_ER_S_scenario_strategique_FK` (`id_scenario_strategique`),
  KEY `UA_ER_M_evenement_redoute_FK` (`id_evenement_redoute`),
  KEY `UA_ER_R_partie_prenante_FK_source` (`id_source`),
  KEY `UA_ER_J_valeur_metier_FK_destination` (`id_destination`),
  KEY `UA_ER_T_chemin_d_attaque_strategique_FK` (`id_chemin_d_attaque_strategique`,`id_risque`),
  CONSTRAINT `UA_ER_F_projet_FK` FOREIGN KEY (`id_projet`) REFERENCES `F_projet` (`id_projet`) ON DELETE CASCADE ON UPDATE CASCADE,
  CONSTRAINT `UA_ER_G_atelier_FK` FOREIGN KEY (`id_atelier`) REFERENCES `G_atelier` (`id_atelier`) ON DELETE CASCADE ON UPDATE CASCADE,
  CONSTRAINT `UA_ER_J_valeur_metier_FK_destination` FOREIGN KEY (`id_destination`) REFERENCES `J_valeur_metier` (`id_valeur_metier`) ON DELETE CASCADE ON UPDATE CASCADE,
  CONSTRAINT `UA_ER_M_evenement_redoute_FK` FOREIGN KEY (`id_evenement_redoute`) REFERENCES `M_evenement_redoute` (`id_evenement_redoute`) ON DELETE CASCADE ON UPDATE CASCADE,
  CONSTRAINT `UA_ER_R_partie_prenante_FK_source` FOREIGN KEY (`id_source`) REFERENCES `R_partie_prenante` (`id_partie_prenante`) ON DELETE CASCADE ON UPDATE CASCADE,
  CONSTRAINT `UA_ER_S_scenario_strategique_FK` FOREIGN KEY (`id_scenario_strategique`) REFERENCES `S_scenario_strategique` (`id_scenario_strategique`) ON DELETE CASCADE ON UPDATE CASCADE,
  CONSTRAINT `UA_ER_T_chemin_d_attaque_strategique_FK` FOREIGN KEY (`id_chemin_d_attaque_strategique`, `id_risque`) REFERENCES `T_chemin_d_attaque_strategique` (`id_chemin_d_attaque_strategique`, `id_risque`) ON DELETE CASCADE ON UPDATE CASCADE
) ENGINE=InnoDB AUTO_INCREMENT=585 DEFAULT CHARSET=utf8mb4;

INSERT INTO `UA_ER` VALUES ('561','Flow_142qo7y','Clé de chiffrement volée','91','103','88','Activity_1mkmphm','112','Activity_18qvk7c','1',NULL,'28','3.b');
INSERT INTO `UA_ER` VALUES ('562','Flow_07u8n2k','Vol des mots de passe du portefeuille','94','103','89','Activity_1dbb86f','192','Activity_1hml31o','6',NULL,'28','3.b');
INSERT INTO `UA_ER` VALUES ('563','Flow_1il9ly7','Authentification','97','103','89','Activity_1dbb86f','142','Activity_1561c18','5',NULL,'28','3.b');
INSERT INTO `UA_ER` VALUES ('564','Flow_1yj31gj','Chiffrement','98','103','89','Activity_1dbb86f','193','Activity_1gqoe8u','4',NULL,'28','3.b');
INSERT INTO `UA_ER` VALUES ('565','Flow_1hvxe2z','Modification de la fonction de génération de mot de passe','96','103','89','Activity_1dbb86f','192','Activity_1hml31o','8',NULL,'28','3.b');
INSERT INTO `UA_ER` VALUES ('570','Flow_142qo7y','Clé de chiffrement volée','91','105','88','Activity_1mkmphm','112','Activity_18qvk7c','19',NULL,'28','3.b');
INSERT INTO `UA_ER` VALUES ('571','Flow_07u8n2k','Vol des mots de passe du portefeuille','94','105','89','Activity_1dbb86f','192','Activity_1hml31o','24',NULL,'28','3.b');
INSERT INTO `UA_ER` VALUES ('572','Flow_1il9ly7','Authentification','97','105','89','Activity_1dbb86f','142','Activity_1561c18','23',NULL,'28','3.b');
INSERT INTO `UA_ER` VALUES ('573','Flow_1yj31gj','Chiffrement','98','105','89','Activity_1dbb86f','193','Activity_1gqoe8u','22',NULL,'28','3.b');
INSERT INTO `UA_ER` VALUES ('574','Flow_150xu4o','Clé de chiffrement volée','91','105','89','Activity_1dbb86f','192','Activity_1hml31o','25',NULL,'28','3.b');
INSERT INTO `UA_ER` VALUES ('576','Flow_083ghzg','Perte des données','171','106','140','Activity_0etjw28','309','Activity_1pw1r7k','28',NULL,'209','3.b');
INSERT INTO `UA_ER` VALUES ('581','Flow_0wq79gs','Perte du mot de passe','172','109','141','Activity_04e8l5e','310','Activity_1dplhv9','55',NULL,'210','3.b');
INSERT INTO `UA_ER` VALUES ('583','Flow_1up4s0b','Perte du mot de passe','172','110','142','Activity_1ridg6e','311','Activity_1gb15q0','66',NULL,'210','3.b');
INSERT INTO `UA_ER` VALUES ('584','Flow_0wgbfoa','ER1-Publication des mots passe enregistrés','174','111','147','Activity_1r9fukf','313','Activity_0nk9ge9','73',NULL,'212','3.b');


DROP TABLE IF EXISTS `U_scenario_operationnel`;
CREATE TABLE `U_scenario_operationnel` (
  `id_scenario_operationnel` int(11) NOT NULL AUTO_INCREMENT,
  `nom_scenario_operationnel` varchar(100) DEFAULT NULL,
  `description_scenario_operationnel` varchar(1000) DEFAULT NULL,
  `vraisemblance` int(11) DEFAULT NULL,
  `images` text DEFAULT NULL,
  `id_atelier` varchar(50) NOT NULL,
  `id_chemin_d_attaque_strategique` int(11) NOT NULL,
  `id_risque` varchar(50) DEFAULT NULL,
  `id_evenement_redoute` int(11) NOT NULL,
  `id_projet` int(11) NOT NULL,
  PRIMARY KEY (`id_scenario_operationnel`),
  KEY `U_scenario_operationnel_F_projet2_FK` (`id_projet`),
  KEY `U_scenario_operationnel_G_atelier_FK` (`id_atelier`),
  KEY `U_scenario_operationnel_M_evenement_redoute1_FK` (`id_evenement_redoute`),
  KEY `U_scenario_operationnel_T_chemin_d_attaque_strategique0_FK` (`id_chemin_d_attaque_strategique`,`id_risque`),
  CONSTRAINT `U_scenario_operationnel_F_projet2_FK` FOREIGN KEY (`id_projet`) REFERENCES `F_projet` (`id_projet`) ON DELETE CASCADE ON UPDATE CASCADE,
  CONSTRAINT `U_scenario_operationnel_G_atelier_FK` FOREIGN KEY (`id_atelier`) REFERENCES `G_atelier` (`id_atelier`) ON DELETE CASCADE ON UPDATE CASCADE,
  CONSTRAINT `U_scenario_operationnel_M_evenement_redoute1_FK` FOREIGN KEY (`id_evenement_redoute`) REFERENCES `M_evenement_redoute` (`id_evenement_redoute`) ON DELETE CASCADE ON UPDATE CASCADE,
  CONSTRAINT `U_scenario_operationnel_T_chemin_d_attaque_strategique0_FK` FOREIGN KEY (`id_chemin_d_attaque_strategique`, `id_risque`) REFERENCES `T_chemin_d_attaque_strategique` (`id_chemin_d_attaque_strategique`, `id_risque`) ON DELETE CASCADE ON UPDATE CASCADE
) ENGINE=InnoDB AUTO_INCREMENT=117 DEFAULT CHARSET=utf8mb4;

INSERT INTO `U_scenario_operationnel` VALUES ('101','Scenario opérationnel pour : TEST 2','Description','1','data:application/xml,%3C%3Fxml%20version%3D%221.0%22%20encoding%3D%22UTF-8%22%3F%3E%0A%3Cdefinitions%20xmlns%3D%22http%3A%2F%2Fwww.omg.org%2Fspec%2FBPMN%2F20100524%2FMODEL%22%20xmlns%3Abpmndi%3D%22http%3A%2F%2Fwww.omg.org%2Fspec%2FBPMN%2F20100524%2FDI%22%20xmlns%3Aomgdc%3D%22http%3A%2F%2Fwww.omg.org%2Fspec%2FDD%2F20100524%2FDC%22%20xmlns%3Axsi%3D%22http%3A%2F%2Fwww.w3.org%2F2001%2FXMLSchema-instance%22%20targetNamespace%3D%22%22%20xsi%3AschemaLocation%3D%22http%3A%2F%2Fwww.omg.org%2Fspec%2FBPMN%2F20100524%2FMODEL%20http%3A%2F%2Fwww.omg.org%2Fspec%2FBPMN%2F2.0%2F20100501%2FBPMN20.xsd%22%3E%0A%20%20%3Ccollaboration%20id%3D%22Collaboration_1k3yu97%22%3E%0A%20%20%20%20%3Cparticipant%20id%3D%22Participant_1rohhf4%22%20name%3D%22Conna%C3%AEtre%22%20processRef%3D%22Process_15x29ag%22%20%2F%3E%0A%20%20%20%20%3Cparticipant%20id%3D%22Participant_1t9xvhs%22%20name%3D%22Rentrer%22%20processRef%3D%22Process_1t81gon%22%20%2F%3E%0A%20%20%20%20%3Cparticipant%20id%3D%22Participant_1asmakh%22%20name%3D%22Trouver%22%20processRef%3D%22Process_0r1jzs8%22%20%2F%3E%0A%20%20%20%20%3Cparticipant%20id%3D%22Participant_0sudgxn%22%20name%3D%22Exploiter%22%20processRef%3D%22Process_01j45oj%22%20%2F%3E%0A%20%20%3C%2Fcollaboration%3E%0A%20%20%3Cprocess%20id%3D%22Process_15x29ag%22%20%2F%3E%0A%20%20%3Cprocess%20id%3D%22Process_1t81gon%22%20%2F%3E%0A%20%20%3Cprocess%20id%3D%22Process_0r1jzs8%22%20%2F%3E%0A%20%20%3Cprocess%20id%3D%22Process_01j45oj%22%20%2F%3E%0A%20%20%3Cbpmndi%3ABPMNDiagram%20id%3D%22sid-74620812-92c4-44e5-949c-aa47393d3830%22%3E%0A%20%20%20%20%3Cbpmndi%3ABPMNPlane%20id%3D%22sid-cdcae759-2af7-4a6d-bd02-53f3352a731d%22%20bpmnElement%3D%22Collaboration_1k3yu97%22%3E%0A%20%20%20%20%20%20%3Cbpmndi%3ABPMNShape%20id%3D%22Participant_1rohhf4_di%22%20bpmnElement%3D%22Participant_1rohhf4%22%20isHorizontal%3D%22true%22%3E%0A%20%20%20%20%20%20%20%20%3Comgdc%3ABounds%20x%3D%22230%22%20y%3D%22180%22%20width%3D%22300%22%20height%3D%22640%22%20%2F%3E%0A%20%20%20%20%20%20%3C%2Fbpmndi%3ABPMNShape%3E%0A%20%20%20%20%20%20%3Cbpmndi%3ABPMNShape%20id%3D%22Participant_1t9xvhs_di%22%20bpmnElement%3D%22Participant_1t9xvhs%22%20isHorizontal%3D%22true%22%3E%0A%20%20%20%20%20%20%20%20%3Comgdc%3ABounds%20x%3D%22540%22%20y%3D%22180%22%20width%3D%22300%22%20height%3D%22640%22%20%2F%3E%0A%20%20%20%20%20%20%3C%2Fbpmndi%3ABPMNShape%3E%0A%20%20%20%20%20%20%3Cbpmndi%3ABPMNShape%20id%3D%22Participant_1asmakh_di%22%20bpmnElement%3D%22Participant_1asmakh%22%20isHorizontal%3D%22true%22%3E%0A%20%20%20%20%20%20%20%20%3Comgdc%3ABounds%20x%3D%22850%22%20y%3D%22180%22%20width%3D%22300%22%20height%3D%22640%22%20%2F%3E%0A%20%20%20%20%20%20%3C%2Fbpmndi%3ABPMNShape%3E%0A%20%20%20%20%20%20%3Cbpmndi%3ABPMNShape%20id%3D%22Participant_0sudgxn_di%22%20bpmnElement%3D%22Participant_0sudgxn%22%20isHorizontal%3D%22true%22%3E%0A%20%20%20%20%20%20%20%20%3Comgdc%3ABounds%20x%3D%221160%22%20y%3D%22180%22%20width%3D%22300%22%20height%3D%22640%22%20%2F%3E%0A%20%20%20%20%20%20%3C%2Fbpmndi%3ABPMNShape%3E%0A%20%20%20%20%3C%2Fbpmndi%3ABPMNPlane%3E%0A%20%20%20%20%3Cbpmndi%3ABPMNLabelStyle%20id%3D%22sid-e0502d32-f8d1-41cf-9c4a-cbb49fecf581%22%3E%0A%20%20%20%20%20%20%3Comgdc%3AFont%20name%3D%22Arial%22%20size%3D%2211%22%20isBold%3D%22false%22%20isItalic%3D%22false%22%20isUnderline%3D%22false%22%20isStrikeThrough%3D%22false%22%20%2F%3E%0A%20%20%20%20%3C%2Fbpmndi%3ABPMNLabelStyle%3E%0A%20%20%20%20%3Cbpmndi%3ABPMNLabelStyle%20id%3D%22sid-84cb49fd-2f7c-44fb-8950-83c3fa153d3b%22%3E%0A%20%20%20%20%20%20%3Comgdc%3AFont%20name%3D%22Arial%22%20size%3D%2212%22%20isBold%3D%22false%22%20isItalic%3D%22false%22%20isUnderline%3D%22false%22%20isStrikeThrough%3D%22false%22%20%2F%3E%0A%20%20%20%20%3C%2Fbpmndi%3ABPMNLabelStyle%3E%0A%20%20%3C%2Fbpmndi%3ABPMNDiagram%3E%0A%3C%2Fdefinitions%3E%0A','4.a','1','R1','91','28');
INSERT INTO `U_scenario_operationnel` VALUES ('102','Scenario opérationnel pour : TEST','Description','1','data:application/xml,%3C%3Fxml%20version%3D%221.0%22%20encoding%3D%22UTF-8%22%3F%3E%0A%3Cdefinitions%20xmlns%3D%22http%3A%2F%2Fwww.omg.org%2Fspec%2FBPMN%2F20100524%2FMODEL%22%20xmlns%3Abpmndi%3D%22http%3A%2F%2Fwww.omg.org%2Fspec%2FBPMN%2F20100524%2FDI%22%20xmlns%3Aomgdc%3D%22http%3A%2F%2Fwww.omg.org%2Fspec%2FDD%2F20100524%2FDC%22%20xmlns%3Axsi%3D%22http%3A%2F%2Fwww.w3.org%2F2001%2FXMLSchema-instance%22%20targetNamespace%3D%22%22%20xsi%3AschemaLocation%3D%22http%3A%2F%2Fwww.omg.org%2Fspec%2FBPMN%2F20100524%2FMODEL%20http%3A%2F%2Fwww.omg.org%2Fspec%2FBPMN%2F2.0%2F20100501%2FBPMN20.xsd%22%3E%0A%20%20%3Ccollaboration%20id%3D%22Collaboration_1k3yu97%22%3E%0A%20%20%20%20%3Cparticipant%20id%3D%22Participant_1rohhf4%22%20name%3D%22Conna%C3%AEtre%22%20processRef%3D%22Process_15x29ag%22%20%2F%3E%0A%20%20%20%20%3Cparticipant%20id%3D%22Participant_1t9xvhs%22%20name%3D%22Rentrer%22%20processRef%3D%22Process_1t81gon%22%20%2F%3E%0A%20%20%20%20%3Cparticipant%20id%3D%22Participant_1asmakh%22%20name%3D%22Trouver%22%20processRef%3D%22Process_0r1jzs8%22%20%2F%3E%0A%20%20%20%20%3Cparticipant%20id%3D%22Participant_0sudgxn%22%20name%3D%22Exploiter%22%20processRef%3D%22Process_01j45oj%22%20%2F%3E%0A%20%20%3C%2Fcollaboration%3E%0A%20%20%3Cprocess%20id%3D%22Process_15x29ag%22%20%2F%3E%0A%20%20%3Cprocess%20id%3D%22Process_1t81gon%22%20%2F%3E%0A%20%20%3Cprocess%20id%3D%22Process_0r1jzs8%22%20%2F%3E%0A%20%20%3Cprocess%20id%3D%22Process_01j45oj%22%20%2F%3E%0A%20%20%3Cbpmndi%3ABPMNDiagram%20id%3D%22sid-74620812-92c4-44e5-949c-aa47393d3830%22%3E%0A%20%20%20%20%3Cbpmndi%3ABPMNPlane%20id%3D%22sid-cdcae759-2af7-4a6d-bd02-53f3352a731d%22%20bpmnElement%3D%22Collaboration_1k3yu97%22%3E%0A%20%20%20%20%20%20%3Cbpmndi%3ABPMNShape%20id%3D%22Participant_1rohhf4_di%22%20bpmnElement%3D%22Participant_1rohhf4%22%20isHorizontal%3D%22true%22%3E%0A%20%20%20%20%20%20%20%20%3Comgdc%3ABounds%20x%3D%22230%22%20y%3D%22180%22%20width%3D%22300%22%20height%3D%22640%22%20%2F%3E%0A%20%20%20%20%20%20%3C%2Fbpmndi%3ABPMNShape%3E%0A%20%20%20%20%20%20%3Cbpmndi%3ABPMNShape%20id%3D%22Participant_1t9xvhs_di%22%20bpmnElement%3D%22Participant_1t9xvhs%22%20isHorizontal%3D%22true%22%3E%0A%20%20%20%20%20%20%20%20%3Comgdc%3ABounds%20x%3D%22540%22%20y%3D%22180%22%20width%3D%22300%22%20height%3D%22640%22%20%2F%3E%0A%20%20%20%20%20%20%3C%2Fbpmndi%3ABPMNShape%3E%0A%20%20%20%20%20%20%3Cbpmndi%3ABPMNShape%20id%3D%22Participant_1asmakh_di%22%20bpmnElement%3D%22Participant_1asmakh%22%20isHorizontal%3D%22true%22%3E%0A%20%20%20%20%20%20%20%20%3Comgdc%3ABounds%20x%3D%22850%22%20y%3D%22180%22%20width%3D%22300%22%20height%3D%22640%22%20%2F%3E%0A%20%20%20%20%20%20%3C%2Fbpmndi%3ABPMNShape%3E%0A%20%20%20%20%20%20%3Cbpmndi%3ABPMNShape%20id%3D%22Participant_0sudgxn_di%22%20bpmnElement%3D%22Participant_0sudgxn%22%20isHorizontal%3D%22true%22%3E%0A%20%20%20%20%20%20%20%20%3Comgdc%3ABounds%20x%3D%221160%22%20y%3D%22180%22%20width%3D%22300%22%20height%3D%22640%22%20%2F%3E%0A%20%20%20%20%20%20%3C%2Fbpmndi%3ABPMNShape%3E%0A%20%20%20%20%3C%2Fbpmndi%3ABPMNPlane%3E%0A%20%20%20%20%3Cbpmndi%3ABPMNLabelStyle%20id%3D%22sid-e0502d32-f8d1-41cf-9c4a-cbb49fecf581%22%3E%0A%20%20%20%20%20%20%3Comgdc%3AFont%20name%3D%22Arial%22%20size%3D%2211%22%20isBold%3D%22false%22%20isItalic%3D%22false%22%20isUnderline%3D%22false%22%20isStrikeThrough%3D%22false%22%20%2F%3E%0A%20%20%20%20%3C%2Fbpmndi%3ABPMNLabelStyle%3E%0A%20%20%20%20%3Cbpmndi%3ABPMNLabelStyle%20id%3D%22sid-84cb49fd-2f7c-44fb-8950-83c3fa153d3b%22%3E%0A%20%20%20%20%20%20%3Comgdc%3AFont%20name%3D%22Arial%22%20size%3D%2212%22%20isBold%3D%22false%22%20isItalic%3D%22false%22%20isUnderline%3D%22false%22%20isStrikeThrough%3D%22false%22%20%2F%3E%0A%20%20%20%20%3C%2Fbpmndi%3ABPMNLabelStyle%3E%0A%20%20%3C%2Fbpmndi%3ABPMNDiagram%3E%0A%3C%2Fdefinitions%3E%0A','4.a','6','R4','94','28');
INSERT INTO `U_scenario_operationnel` VALUES ('103','Scenario opérationnel pour : TEST','Description','5','data:application/xml,%3C%3Fxml%20version%3D%221.0%22%20encoding%3D%22UTF-8%22%3F%3E%0A%3Cdefinitions%20xmlns%3D%22http%3A%2F%2Fwww.omg.org%2Fspec%2FBPMN%2F20100524%2FMODEL%22%20xmlns%3Abpmndi%3D%22http%3A%2F%2Fwww.omg.org%2Fspec%2FBPMN%2F20100524%2FDI%22%20xmlns%3Aomgdc%3D%22http%3A%2F%2Fwww.omg.org%2Fspec%2FDD%2F20100524%2FDC%22%20xmlns%3Axsi%3D%22http%3A%2F%2Fwww.w3.org%2F2001%2FXMLSchema-instance%22%20targetNamespace%3D%22%22%20xsi%3AschemaLocation%3D%22http%3A%2F%2Fwww.omg.org%2Fspec%2FBPMN%2F20100524%2FMODEL%20http%3A%2F%2Fwww.omg.org%2Fspec%2FBPMN%2F2.0%2F20100501%2FBPMN20.xsd%22%3E%0A%20%20%3Ccollaboration%20id%3D%22Collaboration_1k3yu97%22%3E%0A%20%20%20%20%3Cparticipant%20id%3D%22Participant_1rohhf4%22%20name%3D%22Conna%C3%AEtre%22%20processRef%3D%22Process_15x29ag%22%20%2F%3E%0A%20%20%20%20%3Cparticipant%20id%3D%22Participant_1t9xvhs%22%20name%3D%22Rentrer%22%20processRef%3D%22Process_1t81gon%22%20%2F%3E%0A%20%20%20%20%3Cparticipant%20id%3D%22Participant_1asmakh%22%20name%3D%22Trouver%22%20processRef%3D%22Process_0r1jzs8%22%20%2F%3E%0A%20%20%20%20%3Cparticipant%20id%3D%22Participant_0sudgxn%22%20name%3D%22Exploiter%22%20processRef%3D%22Process_01j45oj%22%20%2F%3E%0A%20%20%3C%2Fcollaboration%3E%0A%20%20%3Cprocess%20id%3D%22Process_15x29ag%22%20%2F%3E%0A%20%20%3Cprocess%20id%3D%22Process_1t81gon%22%20%2F%3E%0A%20%20%3Cprocess%20id%3D%22Process_0r1jzs8%22%20%2F%3E%0A%20%20%3Cprocess%20id%3D%22Process_01j45oj%22%20%2F%3E%0A%20%20%3Cbpmndi%3ABPMNDiagram%20id%3D%22sid-74620812-92c4-44e5-949c-aa47393d3830%22%3E%0A%20%20%20%20%3Cbpmndi%3ABPMNPlane%20id%3D%22sid-cdcae759-2af7-4a6d-bd02-53f3352a731d%22%20bpmnElement%3D%22Collaboration_1k3yu97%22%3E%0A%20%20%20%20%20%20%3Cbpmndi%3ABPMNShape%20id%3D%22Participant_1rohhf4_di%22%20bpmnElement%3D%22Participant_1rohhf4%22%20isHorizontal%3D%22true%22%3E%0A%20%20%20%20%20%20%20%20%3Comgdc%3ABounds%20x%3D%22230%22%20y%3D%22180%22%20width%3D%22300%22%20height%3D%22640%22%20%2F%3E%0A%20%20%20%20%20%20%3C%2Fbpmndi%3ABPMNShape%3E%0A%20%20%20%20%20%20%3Cbpmndi%3ABPMNShape%20id%3D%22Participant_1t9xvhs_di%22%20bpmnElement%3D%22Participant_1t9xvhs%22%20isHorizontal%3D%22true%22%3E%0A%20%20%20%20%20%20%20%20%3Comgdc%3ABounds%20x%3D%22540%22%20y%3D%22180%22%20width%3D%22300%22%20height%3D%22640%22%20%2F%3E%0A%20%20%20%20%20%20%3C%2Fbpmndi%3ABPMNShape%3E%0A%20%20%20%20%20%20%3Cbpmndi%3ABPMNShape%20id%3D%22Participant_1asmakh_di%22%20bpmnElement%3D%22Participant_1asmakh%22%20isHorizontal%3D%22true%22%3E%0A%20%20%20%20%20%20%20%20%3Comgdc%3ABounds%20x%3D%22850%22%20y%3D%22180%22%20width%3D%22300%22%20height%3D%22640%22%20%2F%3E%0A%20%20%20%20%20%20%3C%2Fbpmndi%3ABPMNShape%3E%0A%20%20%20%20%20%20%3Cbpmndi%3ABPMNShape%20id%3D%22Participant_0sudgxn_di%22%20bpmnElement%3D%22Participant_0sudgxn%22%20isHorizontal%3D%22true%22%3E%0A%20%20%20%20%20%20%20%20%3Comgdc%3ABounds%20x%3D%221160%22%20y%3D%22180%22%20width%3D%22300%22%20height%3D%22640%22%20%2F%3E%0A%20%20%20%20%20%20%3C%2Fbpmndi%3ABPMNShape%3E%0A%20%20%20%20%3C%2Fbpmndi%3ABPMNPlane%3E%0A%20%20%20%20%3Cbpmndi%3ABPMNLabelStyle%20id%3D%22sid-e0502d32-f8d1-41cf-9c4a-cbb49fecf581%22%3E%0A%20%20%20%20%20%20%3Comgdc%3AFont%20name%3D%22Arial%22%20size%3D%2211%22%20isBold%3D%22false%22%20isItalic%3D%22false%22%20isUnderline%3D%22false%22%20isStrikeThrough%3D%22false%22%20%2F%3E%0A%20%20%20%20%3C%2Fbpmndi%3ABPMNLabelStyle%3E%0A%20%20%20%20%3Cbpmndi%3ABPMNLabelStyle%20id%3D%22sid-84cb49fd-2f7c-44fb-8950-83c3fa153d3b%22%3E%0A%20%20%20%20%20%20%3Comgdc%3AFont%20name%3D%22Arial%22%20size%3D%2212%22%20isBold%3D%22false%22%20isItalic%3D%22false%22%20isUnderline%3D%22false%22%20isStrikeThrough%3D%22false%22%20%2F%3E%0A%20%20%20%20%3C%2Fbpmndi%3ABPMNLabelStyle%3E%0A%20%20%3C%2Fbpmndi%3ABPMNDiagram%3E%0A%3C%2Fdefinitions%3E%0A','4.a','5','R3','97','28');
INSERT INTO `U_scenario_operationnel` VALUES ('104','Scenario opérationnel pour : TEST','Description','5','data:application/xml,%3C%3Fxml%20version%3D%221.0%22%20encoding%3D%22UTF-8%22%3F%3E%0A%3Cdefinitions%20xmlns%3D%22http%3A%2F%2Fwww.omg.org%2Fspec%2FBPMN%2F20100524%2FMODEL%22%20xmlns%3Abpmndi%3D%22http%3A%2F%2Fwww.omg.org%2Fspec%2FBPMN%2F20100524%2FDI%22%20xmlns%3Aomgdc%3D%22http%3A%2F%2Fwww.omg.org%2Fspec%2FDD%2F20100524%2FDC%22%20xmlns%3Axsi%3D%22http%3A%2F%2Fwww.w3.org%2F2001%2FXMLSchema-instance%22%20targetNamespace%3D%22%22%20xsi%3AschemaLocation%3D%22http%3A%2F%2Fwww.omg.org%2Fspec%2FBPMN%2F20100524%2FMODEL%20http%3A%2F%2Fwww.omg.org%2Fspec%2FBPMN%2F2.0%2F20100501%2FBPMN20.xsd%22%3E%0A%20%20%3Ccollaboration%20id%3D%22Collaboration_1k3yu97%22%3E%0A%20%20%20%20%3Cparticipant%20id%3D%22Participant_1rohhf4%22%20name%3D%22Conna%C3%AEtre%22%20processRef%3D%22Process_15x29ag%22%20%2F%3E%0A%20%20%20%20%3Cparticipant%20id%3D%22Participant_1t9xvhs%22%20name%3D%22Rentrer%22%20processRef%3D%22Process_1t81gon%22%20%2F%3E%0A%20%20%20%20%3Cparticipant%20id%3D%22Participant_1asmakh%22%20name%3D%22Trouver%22%20processRef%3D%22Process_0r1jzs8%22%20%2F%3E%0A%20%20%20%20%3Cparticipant%20id%3D%22Participant_0sudgxn%22%20name%3D%22Exploiter%22%20processRef%3D%22Process_01j45oj%22%20%2F%3E%0A%20%20%3C%2Fcollaboration%3E%0A%20%20%3Cprocess%20id%3D%22Process_15x29ag%22%20%2F%3E%0A%20%20%3Cprocess%20id%3D%22Process_1t81gon%22%20%2F%3E%0A%20%20%3Cprocess%20id%3D%22Process_0r1jzs8%22%20%2F%3E%0A%20%20%3Cprocess%20id%3D%22Process_01j45oj%22%20%2F%3E%0A%20%20%3Cbpmndi%3ABPMNDiagram%20id%3D%22sid-74620812-92c4-44e5-949c-aa47393d3830%22%3E%0A%20%20%20%20%3Cbpmndi%3ABPMNPlane%20id%3D%22sid-cdcae759-2af7-4a6d-bd02-53f3352a731d%22%20bpmnElement%3D%22Collaboration_1k3yu97%22%3E%0A%20%20%20%20%20%20%3Cbpmndi%3ABPMNShape%20id%3D%22Participant_1rohhf4_di%22%20bpmnElement%3D%22Participant_1rohhf4%22%20isHorizontal%3D%22true%22%3E%0A%20%20%20%20%20%20%20%20%3Comgdc%3ABounds%20x%3D%22230%22%20y%3D%22180%22%20width%3D%22300%22%20height%3D%22640%22%20%2F%3E%0A%20%20%20%20%20%20%3C%2Fbpmndi%3ABPMNShape%3E%0A%20%20%20%20%20%20%3Cbpmndi%3ABPMNShape%20id%3D%22Participant_1t9xvhs_di%22%20bpmnElement%3D%22Participant_1t9xvhs%22%20isHorizontal%3D%22true%22%3E%0A%20%20%20%20%20%20%20%20%3Comgdc%3ABounds%20x%3D%22540%22%20y%3D%22180%22%20width%3D%22300%22%20height%3D%22640%22%20%2F%3E%0A%20%20%20%20%20%20%3C%2Fbpmndi%3ABPMNShape%3E%0A%20%20%20%20%20%20%3Cbpmndi%3ABPMNShape%20id%3D%22Participant_1asmakh_di%22%20bpmnElement%3D%22Participant_1asmakh%22%20isHorizontal%3D%22true%22%3E%0A%20%20%20%20%20%20%20%20%3Comgdc%3ABounds%20x%3D%22850%22%20y%3D%22180%22%20width%3D%22300%22%20height%3D%22640%22%20%2F%3E%0A%20%20%20%20%20%20%3C%2Fbpmndi%3ABPMNShape%3E%0A%20%20%20%20%20%20%3Cbpmndi%3ABPMNShape%20id%3D%22Participant_0sudgxn_di%22%20bpmnElement%3D%22Participant_0sudgxn%22%20isHorizontal%3D%22true%22%3E%0A%20%20%20%20%20%20%20%20%3Comgdc%3ABounds%20x%3D%221160%22%20y%3D%22180%22%20width%3D%22300%22%20height%3D%22640%22%20%2F%3E%0A%20%20%20%20%20%20%3C%2Fbpmndi%3ABPMNShape%3E%0A%20%20%20%20%3C%2Fbpmndi%3ABPMNPlane%3E%0A%20%20%20%20%3Cbpmndi%3ABPMNLabelStyle%20id%3D%22sid-e0502d32-f8d1-41cf-9c4a-cbb49fecf581%22%3E%0A%20%20%20%20%20%20%3Comgdc%3AFont%20name%3D%22Arial%22%20size%3D%2211%22%20isBold%3D%22false%22%20isItalic%3D%22false%22%20isUnderline%3D%22false%22%20isStrikeThrough%3D%22false%22%20%2F%3E%0A%20%20%20%20%3C%2Fbpmndi%3ABPMNLabelStyle%3E%0A%20%20%20%20%3Cbpmndi%3ABPMNLabelStyle%20id%3D%22sid-84cb49fd-2f7c-44fb-8950-83c3fa153d3b%22%3E%0A%20%20%20%20%20%20%3Comgdc%3AFont%20name%3D%22Arial%22%20size%3D%2212%22%20isBold%3D%22false%22%20isItalic%3D%22false%22%20isUnderline%3D%22false%22%20isStrikeThrough%3D%22false%22%20%2F%3E%0A%20%20%20%20%3C%2Fbpmndi%3ABPMNLabelStyle%3E%0A%20%20%3C%2Fbpmndi%3ABPMNDiagram%3E%0A%3C%2Fdefinitions%3E%0A','4.a','4','R2','98','28');
INSERT INTO `U_scenario_operationnel` VALUES ('105','Scenario opérationnel pour : TEST','Description','3','data:application/xml,%3C%3Fxml%20version%3D%221.0%22%20encoding%3D%22UTF-8%22%3F%3E%0A%3Cdefinitions%20xmlns%3D%22http%3A%2F%2Fwww.omg.org%2Fspec%2FBPMN%2F20100524%2FMODEL%22%20xmlns%3Abpmndi%3D%22http%3A%2F%2Fwww.omg.org%2Fspec%2FBPMN%2F20100524%2FDI%22%20xmlns%3Aomgdc%3D%22http%3A%2F%2Fwww.omg.org%2Fspec%2FDD%2F20100524%2FDC%22%20xmlns%3Axsi%3D%22http%3A%2F%2Fwww.w3.org%2F2001%2FXMLSchema-instance%22%20targetNamespace%3D%22%22%20xsi%3AschemaLocation%3D%22http%3A%2F%2Fwww.omg.org%2Fspec%2FBPMN%2F20100524%2FMODEL%20http%3A%2F%2Fwww.omg.org%2Fspec%2FBPMN%2F2.0%2F20100501%2FBPMN20.xsd%22%3E%0A%20%20%3Ccollaboration%20id%3D%22Collaboration_1k3yu97%22%3E%0A%20%20%20%20%3Cparticipant%20id%3D%22Participant_1rohhf4%22%20name%3D%22Conna%C3%AEtre%22%20processRef%3D%22Process_15x29ag%22%20%2F%3E%0A%20%20%20%20%3Cparticipant%20id%3D%22Participant_1t9xvhs%22%20name%3D%22Rentrer%22%20processRef%3D%22Process_1t81gon%22%20%2F%3E%0A%20%20%20%20%3Cparticipant%20id%3D%22Participant_1asmakh%22%20name%3D%22Trouver%22%20processRef%3D%22Process_0r1jzs8%22%20%2F%3E%0A%20%20%20%20%3Cparticipant%20id%3D%22Participant_0sudgxn%22%20name%3D%22Exploiter%22%20processRef%3D%22Process_01j45oj%22%20%2F%3E%0A%20%20%3C%2Fcollaboration%3E%0A%20%20%3Cprocess%20id%3D%22Process_15x29ag%22%20%2F%3E%0A%20%20%3Cprocess%20id%3D%22Process_1t81gon%22%20%2F%3E%0A%20%20%3Cprocess%20id%3D%22Process_0r1jzs8%22%20%2F%3E%0A%20%20%3Cprocess%20id%3D%22Process_01j45oj%22%20%2F%3E%0A%20%20%3Cbpmndi%3ABPMNDiagram%20id%3D%22sid-74620812-92c4-44e5-949c-aa47393d3830%22%3E%0A%20%20%20%20%3Cbpmndi%3ABPMNPlane%20id%3D%22sid-cdcae759-2af7-4a6d-bd02-53f3352a731d%22%20bpmnElement%3D%22Collaboration_1k3yu97%22%3E%0A%20%20%20%20%20%20%3Cbpmndi%3ABPMNShape%20id%3D%22Participant_1rohhf4_di%22%20bpmnElement%3D%22Participant_1rohhf4%22%20isHorizontal%3D%22true%22%3E%0A%20%20%20%20%20%20%20%20%3Comgdc%3ABounds%20x%3D%22230%22%20y%3D%22180%22%20width%3D%22300%22%20height%3D%22640%22%20%2F%3E%0A%20%20%20%20%20%20%3C%2Fbpmndi%3ABPMNShape%3E%0A%20%20%20%20%20%20%3Cbpmndi%3ABPMNShape%20id%3D%22Participant_1t9xvhs_di%22%20bpmnElement%3D%22Participant_1t9xvhs%22%20isHorizontal%3D%22true%22%3E%0A%20%20%20%20%20%20%20%20%3Comgdc%3ABounds%20x%3D%22540%22%20y%3D%22180%22%20width%3D%22300%22%20height%3D%22640%22%20%2F%3E%0A%20%20%20%20%20%20%3C%2Fbpmndi%3ABPMNShape%3E%0A%20%20%20%20%20%20%3Cbpmndi%3ABPMNShape%20id%3D%22Participant_1asmakh_di%22%20bpmnElement%3D%22Participant_1asmakh%22%20isHorizontal%3D%22true%22%3E%0A%20%20%20%20%20%20%20%20%3Comgdc%3ABounds%20x%3D%22850%22%20y%3D%22180%22%20width%3D%22300%22%20height%3D%22640%22%20%2F%3E%0A%20%20%20%20%20%20%3C%2Fbpmndi%3ABPMNShape%3E%0A%20%20%20%20%20%20%3Cbpmndi%3ABPMNShape%20id%3D%22Participant_0sudgxn_di%22%20bpmnElement%3D%22Participant_0sudgxn%22%20isHorizontal%3D%22true%22%3E%0A%20%20%20%20%20%20%20%20%3Comgdc%3ABounds%20x%3D%221160%22%20y%3D%22180%22%20width%3D%22300%22%20height%3D%22640%22%20%2F%3E%0A%20%20%20%20%20%20%3C%2Fbpmndi%3ABPMNShape%3E%0A%20%20%20%20%3C%2Fbpmndi%3ABPMNPlane%3E%0A%20%20%20%20%3Cbpmndi%3ABPMNLabelStyle%20id%3D%22sid-e0502d32-f8d1-41cf-9c4a-cbb49fecf581%22%3E%0A%20%20%20%20%20%20%3Comgdc%3AFont%20name%3D%22Arial%22%20size%3D%2211%22%20isBold%3D%22false%22%20isItalic%3D%22false%22%20isUnderline%3D%22false%22%20isStrikeThrough%3D%22false%22%20%2F%3E%0A%20%20%20%20%3C%2Fbpmndi%3ABPMNLabelStyle%3E%0A%20%20%20%20%3Cbpmndi%3ABPMNLabelStyle%20id%3D%22sid-84cb49fd-2f7c-44fb-8950-83c3fa153d3b%22%3E%0A%20%20%20%20%20%20%3Comgdc%3AFont%20name%3D%22Arial%22%20size%3D%2212%22%20isBold%3D%22false%22%20isItalic%3D%22false%22%20isUnderline%3D%22false%22%20isStrikeThrough%3D%22false%22%20%2F%3E%0A%20%20%20%20%3C%2Fbpmndi%3ABPMNLabelStyle%3E%0A%20%20%3C%2Fbpmndi%3ABPMNDiagram%3E%0A%3C%2Fdefinitions%3E%0A','4.a','8','R5','96','28');
INSERT INTO `U_scenario_operationnel` VALUES ('106','Scenario opérationnel pour : TEST','Description','2','data:application/xml,%3C%3Fxml%20version%3D%221.0%22%20encoding%3D%22UTF-8%22%3F%3E%0A%3Cdefinitions%20xmlns%3D%22http%3A%2F%2Fwww.omg.org%2Fspec%2FBPMN%2F20100524%2FMODEL%22%20xmlns%3Abpmndi%3D%22http%3A%2F%2Fwww.omg.org%2Fspec%2FBPMN%2F20100524%2FDI%22%20xmlns%3Aomgdc%3D%22http%3A%2F%2Fwww.omg.org%2Fspec%2FDD%2F20100524%2FDC%22%20xmlns%3Axsi%3D%22http%3A%2F%2Fwww.w3.org%2F2001%2FXMLSchema-instance%22%20targetNamespace%3D%22%22%20xsi%3AschemaLocation%3D%22http%3A%2F%2Fwww.omg.org%2Fspec%2FBPMN%2F20100524%2FMODEL%20http%3A%2F%2Fwww.omg.org%2Fspec%2FBPMN%2F2.0%2F20100501%2FBPMN20.xsd%22%3E%0A%20%20%3Ccollaboration%20id%3D%22Collaboration_1k3yu97%22%3E%0A%20%20%20%20%3Cparticipant%20id%3D%22Participant_1rohhf4%22%20name%3D%22Conna%C3%AEtre%22%20processRef%3D%22Process_15x29ag%22%20%2F%3E%0A%20%20%20%20%3Cparticipant%20id%3D%22Participant_1t9xvhs%22%20name%3D%22Rentrer%22%20processRef%3D%22Process_1t81gon%22%20%2F%3E%0A%20%20%20%20%3Cparticipant%20id%3D%22Participant_1asmakh%22%20name%3D%22Trouver%22%20processRef%3D%22Process_0r1jzs8%22%20%2F%3E%0A%20%20%20%20%3Cparticipant%20id%3D%22Participant_0sudgxn%22%20name%3D%22Exploiter%22%20processRef%3D%22Process_01j45oj%22%20%2F%3E%0A%20%20%3C%2Fcollaboration%3E%0A%20%20%3Cprocess%20id%3D%22Process_15x29ag%22%20%2F%3E%0A%20%20%3Cprocess%20id%3D%22Process_1t81gon%22%20%2F%3E%0A%20%20%3Cprocess%20id%3D%22Process_0r1jzs8%22%20%2F%3E%0A%20%20%3Cprocess%20id%3D%22Process_01j45oj%22%20%2F%3E%0A%20%20%3Cbpmndi%3ABPMNDiagram%20id%3D%22sid-74620812-92c4-44e5-949c-aa47393d3830%22%3E%0A%20%20%20%20%3Cbpmndi%3ABPMNPlane%20id%3D%22sid-cdcae759-2af7-4a6d-bd02-53f3352a731d%22%20bpmnElement%3D%22Collaboration_1k3yu97%22%3E%0A%20%20%20%20%20%20%3Cbpmndi%3ABPMNShape%20id%3D%22Participant_1rohhf4_di%22%20bpmnElement%3D%22Participant_1rohhf4%22%20isHorizontal%3D%22true%22%3E%0A%20%20%20%20%20%20%20%20%3Comgdc%3ABounds%20x%3D%22230%22%20y%3D%22180%22%20width%3D%22300%22%20height%3D%22640%22%20%2F%3E%0A%20%20%20%20%20%20%3C%2Fbpmndi%3ABPMNShape%3E%0A%20%20%20%20%20%20%3Cbpmndi%3ABPMNShape%20id%3D%22Participant_1t9xvhs_di%22%20bpmnElement%3D%22Participant_1t9xvhs%22%20isHorizontal%3D%22true%22%3E%0A%20%20%20%20%20%20%20%20%3Comgdc%3ABounds%20x%3D%22540%22%20y%3D%22180%22%20width%3D%22300%22%20height%3D%22640%22%20%2F%3E%0A%20%20%20%20%20%20%3C%2Fbpmndi%3ABPMNShape%3E%0A%20%20%20%20%20%20%3Cbpmndi%3ABPMNShape%20id%3D%22Participant_1asmakh_di%22%20bpmnElement%3D%22Participant_1asmakh%22%20isHorizontal%3D%22true%22%3E%0A%20%20%20%20%20%20%20%20%3Comgdc%3ABounds%20x%3D%22850%22%20y%3D%22180%22%20width%3D%22300%22%20height%3D%22640%22%20%2F%3E%0A%20%20%20%20%20%20%3C%2Fbpmndi%3ABPMNShape%3E%0A%20%20%20%20%20%20%3Cbpmndi%3ABPMNShape%20id%3D%22Participant_0sudgxn_di%22%20bpmnElement%3D%22Participant_0sudgxn%22%20isHorizontal%3D%22true%22%3E%0A%20%20%20%20%20%20%20%20%3Comgdc%3ABounds%20x%3D%221160%22%20y%3D%22180%22%20width%3D%22300%22%20height%3D%22640%22%20%2F%3E%0A%20%20%20%20%20%20%3C%2Fbpmndi%3ABPMNShape%3E%0A%20%20%20%20%3C%2Fbpmndi%3ABPMNPlane%3E%0A%20%20%20%20%3Cbpmndi%3ABPMNLabelStyle%20id%3D%22sid-e0502d32-f8d1-41cf-9c4a-cbb49fecf581%22%3E%0A%20%20%20%20%20%20%3Comgdc%3AFont%20name%3D%22Arial%22%20size%3D%2211%22%20isBold%3D%22false%22%20isItalic%3D%22false%22%20isUnderline%3D%22false%22%20isStrikeThrough%3D%22false%22%20%2F%3E%0A%20%20%20%20%3C%2Fbpmndi%3ABPMNLabelStyle%3E%0A%20%20%20%20%3Cbpmndi%3ABPMNLabelStyle%20id%3D%22sid-84cb49fd-2f7c-44fb-8950-83c3fa153d3b%22%3E%0A%20%20%20%20%20%20%3Comgdc%3AFont%20name%3D%22Arial%22%20size%3D%2212%22%20isBold%3D%22false%22%20isItalic%3D%22false%22%20isUnderline%3D%22false%22%20isStrikeThrough%3D%22false%22%20%2F%3E%0A%20%20%20%20%3C%2Fbpmndi%3ABPMNLabelStyle%3E%0A%20%20%3C%2Fbpmndi%3ABPMNDiagram%3E%0A%3C%2Fdefinitions%3E%0A','4.a','19','R6','91','28');
INSERT INTO `U_scenario_operationnel` VALUES ('107','Scenario opérationnel pour : TEST','Description','2','data:application/xml,%3C%3Fxml%20version%3D%221.0%22%20encoding%3D%22UTF-8%22%3F%3E%0A%3Cdefinitions%20xmlns%3D%22http%3A%2F%2Fwww.omg.org%2Fspec%2FBPMN%2F20100524%2FMODEL%22%20xmlns%3Abpmndi%3D%22http%3A%2F%2Fwww.omg.org%2Fspec%2FBPMN%2F20100524%2FDI%22%20xmlns%3Aomgdc%3D%22http%3A%2F%2Fwww.omg.org%2Fspec%2FDD%2F20100524%2FDC%22%20xmlns%3Axsi%3D%22http%3A%2F%2Fwww.w3.org%2F2001%2FXMLSchema-instance%22%20targetNamespace%3D%22%22%20xsi%3AschemaLocation%3D%22http%3A%2F%2Fwww.omg.org%2Fspec%2FBPMN%2F20100524%2FMODEL%20http%3A%2F%2Fwww.omg.org%2Fspec%2FBPMN%2F2.0%2F20100501%2FBPMN20.xsd%22%3E%0A%20%20%3Ccollaboration%20id%3D%22Collaboration_1k3yu97%22%3E%0A%20%20%20%20%3Cparticipant%20id%3D%22Participant_1rohhf4%22%20name%3D%22Conna%C3%AEtre%22%20processRef%3D%22Process_15x29ag%22%20%2F%3E%0A%20%20%20%20%3Cparticipant%20id%3D%22Participant_1t9xvhs%22%20name%3D%22Rentrer%22%20processRef%3D%22Process_1t81gon%22%20%2F%3E%0A%20%20%20%20%3Cparticipant%20id%3D%22Participant_1asmakh%22%20name%3D%22Trouver%22%20processRef%3D%22Process_0r1jzs8%22%20%2F%3E%0A%20%20%20%20%3Cparticipant%20id%3D%22Participant_0sudgxn%22%20name%3D%22Exploiter%22%20processRef%3D%22Process_01j45oj%22%20%2F%3E%0A%20%20%3C%2Fcollaboration%3E%0A%20%20%3Cprocess%20id%3D%22Process_15x29ag%22%20%2F%3E%0A%20%20%3Cprocess%20id%3D%22Process_1t81gon%22%20%2F%3E%0A%20%20%3Cprocess%20id%3D%22Process_0r1jzs8%22%20%2F%3E%0A%20%20%3Cprocess%20id%3D%22Process_01j45oj%22%20%2F%3E%0A%20%20%3Cbpmndi%3ABPMNDiagram%20id%3D%22sid-74620812-92c4-44e5-949c-aa47393d3830%22%3E%0A%20%20%20%20%3Cbpmndi%3ABPMNPlane%20id%3D%22sid-cdcae759-2af7-4a6d-bd02-53f3352a731d%22%20bpmnElement%3D%22Collaboration_1k3yu97%22%3E%0A%20%20%20%20%20%20%3Cbpmndi%3ABPMNShape%20id%3D%22Participant_1rohhf4_di%22%20bpmnElement%3D%22Participant_1rohhf4%22%20isHorizontal%3D%22true%22%3E%0A%20%20%20%20%20%20%20%20%3Comgdc%3ABounds%20x%3D%22230%22%20y%3D%22180%22%20width%3D%22300%22%20height%3D%22640%22%20%2F%3E%0A%20%20%20%20%20%20%3C%2Fbpmndi%3ABPMNShape%3E%0A%20%20%20%20%20%20%3Cbpmndi%3ABPMNShape%20id%3D%22Participant_1t9xvhs_di%22%20bpmnElement%3D%22Participant_1t9xvhs%22%20isHorizontal%3D%22true%22%3E%0A%20%20%20%20%20%20%20%20%3Comgdc%3ABounds%20x%3D%22540%22%20y%3D%22180%22%20width%3D%22300%22%20height%3D%22640%22%20%2F%3E%0A%20%20%20%20%20%20%3C%2Fbpmndi%3ABPMNShape%3E%0A%20%20%20%20%20%20%3Cbpmndi%3ABPMNShape%20id%3D%22Participant_1asmakh_di%22%20bpmnElement%3D%22Participant_1asmakh%22%20isHorizontal%3D%22true%22%3E%0A%20%20%20%20%20%20%20%20%3Comgdc%3ABounds%20x%3D%22850%22%20y%3D%22180%22%20width%3D%22300%22%20height%3D%22640%22%20%2F%3E%0A%20%20%20%20%20%20%3C%2Fbpmndi%3ABPMNShape%3E%0A%20%20%20%20%20%20%3Cbpmndi%3ABPMNShape%20id%3D%22Participant_0sudgxn_di%22%20bpmnElement%3D%22Participant_0sudgxn%22%20isHorizontal%3D%22true%22%3E%0A%20%20%20%20%20%20%20%20%3Comgdc%3ABounds%20x%3D%221160%22%20y%3D%22180%22%20width%3D%22300%22%20height%3D%22640%22%20%2F%3E%0A%20%20%20%20%20%20%3C%2Fbpmndi%3ABPMNShape%3E%0A%20%20%20%20%3C%2Fbpmndi%3ABPMNPlane%3E%0A%20%20%20%20%3Cbpmndi%3ABPMNLabelStyle%20id%3D%22sid-e0502d32-f8d1-41cf-9c4a-cbb49fecf581%22%3E%0A%20%20%20%20%20%20%3Comgdc%3AFont%20name%3D%22Arial%22%20size%3D%2211%22%20isBold%3D%22false%22%20isItalic%3D%22false%22%20isUnderline%3D%22false%22%20isStrikeThrough%3D%22false%22%20%2F%3E%0A%20%20%20%20%3C%2Fbpmndi%3ABPMNLabelStyle%3E%0A%20%20%20%20%3Cbpmndi%3ABPMNLabelStyle%20id%3D%22sid-84cb49fd-2f7c-44fb-8950-83c3fa153d3b%22%3E%0A%20%20%20%20%20%20%3Comgdc%3AFont%20name%3D%22Arial%22%20size%3D%2212%22%20isBold%3D%22false%22%20isItalic%3D%22false%22%20isUnderline%3D%22false%22%20isStrikeThrough%3D%22false%22%20%2F%3E%0A%20%20%20%20%3C%2Fbpmndi%3ABPMNLabelStyle%3E%0A%20%20%3C%2Fbpmndi%3ABPMNDiagram%3E%0A%3C%2Fdefinitions%3E%0A','4.a','24','R9','94','28');
INSERT INTO `U_scenario_operationnel` VALUES ('108','Scenario opérationnel pour : TEST','Description','3','data:application/xml,%3C%3Fxml%20version%3D%221.0%22%20encoding%3D%22UTF-8%22%3F%3E%0A%3Cdefinitions%20xmlns%3D%22http%3A%2F%2Fwww.omg.org%2Fspec%2FBPMN%2F20100524%2FMODEL%22%20xmlns%3Abpmndi%3D%22http%3A%2F%2Fwww.omg.org%2Fspec%2FBPMN%2F20100524%2FDI%22%20xmlns%3Aomgdc%3D%22http%3A%2F%2Fwww.omg.org%2Fspec%2FDD%2F20100524%2FDC%22%20xmlns%3Axsi%3D%22http%3A%2F%2Fwww.w3.org%2F2001%2FXMLSchema-instance%22%20targetNamespace%3D%22%22%20xsi%3AschemaLocation%3D%22http%3A%2F%2Fwww.omg.org%2Fspec%2FBPMN%2F20100524%2FMODEL%20http%3A%2F%2Fwww.omg.org%2Fspec%2FBPMN%2F2.0%2F20100501%2FBPMN20.xsd%22%3E%0A%20%20%3Ccollaboration%20id%3D%22Collaboration_1k3yu97%22%3E%0A%20%20%20%20%3Cparticipant%20id%3D%22Participant_1rohhf4%22%20name%3D%22Conna%C3%AEtre%22%20processRef%3D%22Process_15x29ag%22%20%2F%3E%0A%20%20%20%20%3Cparticipant%20id%3D%22Participant_1t9xvhs%22%20name%3D%22Rentrer%22%20processRef%3D%22Process_1t81gon%22%20%2F%3E%0A%20%20%20%20%3Cparticipant%20id%3D%22Participant_1asmakh%22%20name%3D%22Trouver%22%20processRef%3D%22Process_0r1jzs8%22%20%2F%3E%0A%20%20%20%20%3Cparticipant%20id%3D%22Participant_0sudgxn%22%20name%3D%22Exploiter%22%20processRef%3D%22Process_01j45oj%22%20%2F%3E%0A%20%20%3C%2Fcollaboration%3E%0A%20%20%3Cprocess%20id%3D%22Process_15x29ag%22%20%2F%3E%0A%20%20%3Cprocess%20id%3D%22Process_1t81gon%22%20%2F%3E%0A%20%20%3Cprocess%20id%3D%22Process_0r1jzs8%22%20%2F%3E%0A%20%20%3Cprocess%20id%3D%22Process_01j45oj%22%20%2F%3E%0A%20%20%3Cbpmndi%3ABPMNDiagram%20id%3D%22sid-74620812-92c4-44e5-949c-aa47393d3830%22%3E%0A%20%20%20%20%3Cbpmndi%3ABPMNPlane%20id%3D%22sid-cdcae759-2af7-4a6d-bd02-53f3352a731d%22%20bpmnElement%3D%22Collaboration_1k3yu97%22%3E%0A%20%20%20%20%20%20%3Cbpmndi%3ABPMNShape%20id%3D%22Participant_1rohhf4_di%22%20bpmnElement%3D%22Participant_1rohhf4%22%20isHorizontal%3D%22true%22%3E%0A%20%20%20%20%20%20%20%20%3Comgdc%3ABounds%20x%3D%22230%22%20y%3D%22180%22%20width%3D%22300%22%20height%3D%22640%22%20%2F%3E%0A%20%20%20%20%20%20%3C%2Fbpmndi%3ABPMNShape%3E%0A%20%20%20%20%20%20%3Cbpmndi%3ABPMNShape%20id%3D%22Participant_1t9xvhs_di%22%20bpmnElement%3D%22Participant_1t9xvhs%22%20isHorizontal%3D%22true%22%3E%0A%20%20%20%20%20%20%20%20%3Comgdc%3ABounds%20x%3D%22540%22%20y%3D%22180%22%20width%3D%22300%22%20height%3D%22640%22%20%2F%3E%0A%20%20%20%20%20%20%3C%2Fbpmndi%3ABPMNShape%3E%0A%20%20%20%20%20%20%3Cbpmndi%3ABPMNShape%20id%3D%22Participant_1asmakh_di%22%20bpmnElement%3D%22Participant_1asmakh%22%20isHorizontal%3D%22true%22%3E%0A%20%20%20%20%20%20%20%20%3Comgdc%3ABounds%20x%3D%22850%22%20y%3D%22180%22%20width%3D%22300%22%20height%3D%22640%22%20%2F%3E%0A%20%20%20%20%20%20%3C%2Fbpmndi%3ABPMNShape%3E%0A%20%20%20%20%20%20%3Cbpmndi%3ABPMNShape%20id%3D%22Participant_0sudgxn_di%22%20bpmnElement%3D%22Participant_0sudgxn%22%20isHorizontal%3D%22true%22%3E%0A%20%20%20%20%20%20%20%20%3Comgdc%3ABounds%20x%3D%221160%22%20y%3D%22180%22%20width%3D%22300%22%20height%3D%22640%22%20%2F%3E%0A%20%20%20%20%20%20%3C%2Fbpmndi%3ABPMNShape%3E%0A%20%20%20%20%3C%2Fbpmndi%3ABPMNPlane%3E%0A%20%20%20%20%3Cbpmndi%3ABPMNLabelStyle%20id%3D%22sid-e0502d32-f8d1-41cf-9c4a-cbb49fecf581%22%3E%0A%20%20%20%20%20%20%3Comgdc%3AFont%20name%3D%22Arial%22%20size%3D%2211%22%20isBold%3D%22false%22%20isItalic%3D%22false%22%20isUnderline%3D%22false%22%20isStrikeThrough%3D%22false%22%20%2F%3E%0A%20%20%20%20%3C%2Fbpmndi%3ABPMNLabelStyle%3E%0A%20%20%20%20%3Cbpmndi%3ABPMNLabelStyle%20id%3D%22sid-84cb49fd-2f7c-44fb-8950-83c3fa153d3b%22%3E%0A%20%20%20%20%20%20%3Comgdc%3AFont%20name%3D%22Arial%22%20size%3D%2212%22%20isBold%3D%22false%22%20isItalic%3D%22false%22%20isUnderline%3D%22false%22%20isStrikeThrough%3D%22false%22%20%2F%3E%0A%20%20%20%20%3C%2Fbpmndi%3ABPMNLabelStyle%3E%0A%20%20%3C%2Fbpmndi%3ABPMNDiagram%3E%0A%3C%2Fdefinitions%3E%0A','4.a','23','R8','97','28');
INSERT INTO `U_scenario_operationnel` VALUES ('109','Scenario opérationnel pour : ','Description','4','data:application/xml,%3C%3Fxml%20version%3D%221.0%22%20encoding%3D%22UTF-8%22%3F%3E%0A%3Cdefinitions%20xmlns%3D%22http%3A%2F%2Fwww.omg.org%2Fspec%2FBPMN%2F20100524%2FMODEL%22%20xmlns%3Abpmndi%3D%22http%3A%2F%2Fwww.omg.org%2Fspec%2FBPMN%2F20100524%2FDI%22%20xmlns%3Aomgdc%3D%22http%3A%2F%2Fwww.omg.org%2Fspec%2FDD%2F20100524%2FDC%22%20xmlns%3Axsi%3D%22http%3A%2F%2Fwww.w3.org%2F2001%2FXMLSchema-instance%22%20targetNamespace%3D%22%22%20xsi%3AschemaLocation%3D%22http%3A%2F%2Fwww.omg.org%2Fspec%2FBPMN%2F20100524%2FMODEL%20http%3A%2F%2Fwww.omg.org%2Fspec%2FBPMN%2F2.0%2F20100501%2FBPMN20.xsd%22%3E%0A%20%20%3Ccollaboration%20id%3D%22Collaboration_1k3yu97%22%3E%0A%20%20%20%20%3Cparticipant%20id%3D%22Participant_1rohhf4%22%20name%3D%22Conna%C3%AEtre%22%20processRef%3D%22Process_15x29ag%22%20%2F%3E%0A%20%20%20%20%3Cparticipant%20id%3D%22Participant_1t9xvhs%22%20name%3D%22Rentrer%22%20processRef%3D%22Process_1t81gon%22%20%2F%3E%0A%20%20%20%20%3Cparticipant%20id%3D%22Participant_1asmakh%22%20name%3D%22Trouver%22%20processRef%3D%22Process_0r1jzs8%22%20%2F%3E%0A%20%20%20%20%3Cparticipant%20id%3D%22Participant_0sudgxn%22%20name%3D%22Exploiter%22%20processRef%3D%22Process_01j45oj%22%20%2F%3E%0A%20%20%3C%2Fcollaboration%3E%0A%20%20%3Cprocess%20id%3D%22Process_15x29ag%22%20%2F%3E%0A%20%20%3Cprocess%20id%3D%22Process_1t81gon%22%20%2F%3E%0A%20%20%3Cprocess%20id%3D%22Process_0r1jzs8%22%20%2F%3E%0A%20%20%3Cprocess%20id%3D%22Process_01j45oj%22%20%2F%3E%0A%20%20%3Cbpmndi%3ABPMNDiagram%20id%3D%22sid-74620812-92c4-44e5-949c-aa47393d3830%22%3E%0A%20%20%20%20%3Cbpmndi%3ABPMNPlane%20id%3D%22sid-cdcae759-2af7-4a6d-bd02-53f3352a731d%22%20bpmnElement%3D%22Collaboration_1k3yu97%22%3E%0A%20%20%20%20%20%20%3Cbpmndi%3ABPMNShape%20id%3D%22Participant_1rohhf4_di%22%20bpmnElement%3D%22Participant_1rohhf4%22%20isHorizontal%3D%22true%22%3E%0A%20%20%20%20%20%20%20%20%3Comgdc%3ABounds%20x%3D%22230%22%20y%3D%22180%22%20width%3D%22300%22%20height%3D%22640%22%20%2F%3E%0A%20%20%20%20%20%20%3C%2Fbpmndi%3ABPMNShape%3E%0A%20%20%20%20%20%20%3Cbpmndi%3ABPMNShape%20id%3D%22Participant_1t9xvhs_di%22%20bpmnElement%3D%22Participant_1t9xvhs%22%20isHorizontal%3D%22true%22%3E%0A%20%20%20%20%20%20%20%20%3Comgdc%3ABounds%20x%3D%22540%22%20y%3D%22180%22%20width%3D%22300%22%20height%3D%22640%22%20%2F%3E%0A%20%20%20%20%20%20%3C%2Fbpmndi%3ABPMNShape%3E%0A%20%20%20%20%20%20%3Cbpmndi%3ABPMNShape%20id%3D%22Participant_1asmakh_di%22%20bpmnElement%3D%22Participant_1asmakh%22%20isHorizontal%3D%22true%22%3E%0A%20%20%20%20%20%20%20%20%3Comgdc%3ABounds%20x%3D%22850%22%20y%3D%22180%22%20width%3D%22300%22%20height%3D%22640%22%20%2F%3E%0A%20%20%20%20%20%20%3C%2Fbpmndi%3ABPMNShape%3E%0A%20%20%20%20%20%20%3Cbpmndi%3ABPMNShape%20id%3D%22Participant_0sudgxn_di%22%20bpmnElement%3D%22Participant_0sudgxn%22%20isHorizontal%3D%22true%22%3E%0A%20%20%20%20%20%20%20%20%3Comgdc%3ABounds%20x%3D%221160%22%20y%3D%22180%22%20width%3D%22300%22%20height%3D%22640%22%20%2F%3E%0A%20%20%20%20%20%20%3C%2Fbpmndi%3ABPMNShape%3E%0A%20%20%20%20%3C%2Fbpmndi%3ABPMNPlane%3E%0A%20%20%20%20%3Cbpmndi%3ABPMNLabelStyle%20id%3D%22sid-e0502d32-f8d1-41cf-9c4a-cbb49fecf581%22%3E%0A%20%20%20%20%20%20%3Comgdc%3AFont%20name%3D%22Arial%22%20size%3D%2211%22%20isBold%3D%22false%22%20isItalic%3D%22false%22%20isUnderline%3D%22false%22%20isStrikeThrough%3D%22false%22%20%2F%3E%0A%20%20%20%20%3C%2Fbpmndi%3ABPMNLabelStyle%3E%0A%20%20%20%20%3Cbpmndi%3ABPMNLabelStyle%20id%3D%22sid-84cb49fd-2f7c-44fb-8950-83c3fa153d3b%22%3E%0A%20%20%20%20%20%20%3Comgdc%3AFont%20name%3D%22Arial%22%20size%3D%2212%22%20isBold%3D%22false%22%20isItalic%3D%22false%22%20isUnderline%3D%22false%22%20isStrikeThrough%3D%22false%22%20%2F%3E%0A%20%20%20%20%3C%2Fbpmndi%3ABPMNLabelStyle%3E%0A%20%20%3C%2Fbpmndi%3ABPMNDiagram%3E%0A%3C%2Fdefinitions%3E%0A','4.a','25','R10','91','28');
INSERT INTO `U_scenario_operationnel` VALUES ('110','Scenario opérationnel pour : TEST','Description','5','data:application/xml,%3C%3Fxml%20version%3D%221.0%22%20encoding%3D%22UTF-8%22%3F%3E%0A%3Cdefinitions%20xmlns%3D%22http%3A%2F%2Fwww.omg.org%2Fspec%2FBPMN%2F20100524%2FMODEL%22%20xmlns%3Abpmndi%3D%22http%3A%2F%2Fwww.omg.org%2Fspec%2FBPMN%2F20100524%2FDI%22%20xmlns%3Aomgdc%3D%22http%3A%2F%2Fwww.omg.org%2Fspec%2FDD%2F20100524%2FDC%22%20xmlns%3Axsi%3D%22http%3A%2F%2Fwww.w3.org%2F2001%2FXMLSchema-instance%22%20targetNamespace%3D%22%22%20xsi%3AschemaLocation%3D%22http%3A%2F%2Fwww.omg.org%2Fspec%2FBPMN%2F20100524%2FMODEL%20http%3A%2F%2Fwww.omg.org%2Fspec%2FBPMN%2F2.0%2F20100501%2FBPMN20.xsd%22%3E%0A%20%20%3Ccollaboration%20id%3D%22Collaboration_1k3yu97%22%3E%0A%20%20%20%20%3Cparticipant%20id%3D%22Participant_1rohhf4%22%20name%3D%22Conna%C3%AEtre%22%20processRef%3D%22Process_15x29ag%22%20%2F%3E%0A%20%20%20%20%3Cparticipant%20id%3D%22Participant_1t9xvhs%22%20name%3D%22Rentrer%22%20processRef%3D%22Process_1t81gon%22%20%2F%3E%0A%20%20%20%20%3Cparticipant%20id%3D%22Participant_1asmakh%22%20name%3D%22Trouver%22%20processRef%3D%22Process_0r1jzs8%22%20%2F%3E%0A%20%20%20%20%3Cparticipant%20id%3D%22Participant_0sudgxn%22%20name%3D%22Exploiter%22%20processRef%3D%22Process_01j45oj%22%20%2F%3E%0A%20%20%3C%2Fcollaboration%3E%0A%20%20%3Cprocess%20id%3D%22Process_15x29ag%22%20%2F%3E%0A%20%20%3Cprocess%20id%3D%22Process_1t81gon%22%20%2F%3E%0A%20%20%3Cprocess%20id%3D%22Process_0r1jzs8%22%20%2F%3E%0A%20%20%3Cprocess%20id%3D%22Process_01j45oj%22%20%2F%3E%0A%20%20%3Cbpmndi%3ABPMNDiagram%20id%3D%22sid-74620812-92c4-44e5-949c-aa47393d3830%22%3E%0A%20%20%20%20%3Cbpmndi%3ABPMNPlane%20id%3D%22sid-cdcae759-2af7-4a6d-bd02-53f3352a731d%22%20bpmnElement%3D%22Collaboration_1k3yu97%22%3E%0A%20%20%20%20%20%20%3Cbpmndi%3ABPMNShape%20id%3D%22Participant_1rohhf4_di%22%20bpmnElement%3D%22Participant_1rohhf4%22%20isHorizontal%3D%22true%22%3E%0A%20%20%20%20%20%20%20%20%3Comgdc%3ABounds%20x%3D%22230%22%20y%3D%22180%22%20width%3D%22300%22%20height%3D%22640%22%20%2F%3E%0A%20%20%20%20%20%20%3C%2Fbpmndi%3ABPMNShape%3E%0A%20%20%20%20%20%20%3Cbpmndi%3ABPMNShape%20id%3D%22Participant_1t9xvhs_di%22%20bpmnElement%3D%22Participant_1t9xvhs%22%20isHorizontal%3D%22true%22%3E%0A%20%20%20%20%20%20%20%20%3Comgdc%3ABounds%20x%3D%22540%22%20y%3D%22180%22%20width%3D%22300%22%20height%3D%22640%22%20%2F%3E%0A%20%20%20%20%20%20%3C%2Fbpmndi%3ABPMNShape%3E%0A%20%20%20%20%20%20%3Cbpmndi%3ABPMNShape%20id%3D%22Participant_1asmakh_di%22%20bpmnElement%3D%22Participant_1asmakh%22%20isHorizontal%3D%22true%22%3E%0A%20%20%20%20%20%20%20%20%3Comgdc%3ABounds%20x%3D%22850%22%20y%3D%22180%22%20width%3D%22300%22%20height%3D%22640%22%20%2F%3E%0A%20%20%20%20%20%20%3C%2Fbpmndi%3ABPMNShape%3E%0A%20%20%20%20%20%20%3Cbpmndi%3ABPMNShape%20id%3D%22Participant_0sudgxn_di%22%20bpmnElement%3D%22Participant_0sudgxn%22%20isHorizontal%3D%22true%22%3E%0A%20%20%20%20%20%20%20%20%3Comgdc%3ABounds%20x%3D%221160%22%20y%3D%22180%22%20width%3D%22300%22%20height%3D%22640%22%20%2F%3E%0A%20%20%20%20%20%20%3C%2Fbpmndi%3ABPMNShape%3E%0A%20%20%20%20%3C%2Fbpmndi%3ABPMNPlane%3E%0A%20%20%20%20%3Cbpmndi%3ABPMNLabelStyle%20id%3D%22sid-e0502d32-f8d1-41cf-9c4a-cbb49fecf581%22%3E%0A%20%20%20%20%20%20%3Comgdc%3AFont%20name%3D%22Arial%22%20size%3D%2211%22%20isBold%3D%22false%22%20isItalic%3D%22false%22%20isUnderline%3D%22false%22%20isStrikeThrough%3D%22false%22%20%2F%3E%0A%20%20%20%20%3C%2Fbpmndi%3ABPMNLabelStyle%3E%0A%20%20%20%20%3Cbpmndi%3ABPMNLabelStyle%20id%3D%22sid-84cb49fd-2f7c-44fb-8950-83c3fa153d3b%22%3E%0A%20%20%20%20%20%20%3Comgdc%3AFont%20name%3D%22Arial%22%20size%3D%2212%22%20isBold%3D%22false%22%20isItalic%3D%22false%22%20isUnderline%3D%22false%22%20isStrikeThrough%3D%22false%22%20%2F%3E%0A%20%20%20%20%3C%2Fbpmndi%3ABPMNLabelStyle%3E%0A%20%20%3C%2Fbpmndi%3ABPMNDiagram%3E%0A%3C%2Fdefinitions%3E%0A','4.a','22','R7','98','28');
INSERT INTO `U_scenario_operationnel` VALUES ('111','Scenario opérationnel pour : Vol des données de l''éolienne','L''attaque détruit la porte d''accès à l''ordinateur de bord et vol tous ce qu''il y a l''intérieur','4','data:application/xml,%3C%3Fxml%20version%3D%221.0%22%20encoding%3D%22UTF-8%22%3F%3E%0A%3Cdefinitions%20xmlns%3D%22http%3A%2F%2Fwww.omg.org%2Fspec%2FBPMN%2F20100524%2FMODEL%22%20xmlns%3Abpmndi%3D%22http%3A%2F%2Fwww.omg.org%2Fspec%2FBPMN%2F20100524%2FDI%22%20xmlns%3Aomgdc%3D%22http%3A%2F%2Fwww.omg.org%2Fspec%2FDD%2F20100524%2FDC%22%20xmlns%3Axsi%3D%22http%3A%2F%2Fwww.w3.org%2F2001%2FXMLSchema-instance%22%20targetNamespace%3D%22%22%20xsi%3AschemaLocation%3D%22http%3A%2F%2Fwww.omg.org%2Fspec%2FBPMN%2F20100524%2FMODEL%20http%3A%2F%2Fwww.omg.org%2Fspec%2FBPMN%2F2.0%2F20100501%2FBPMN20.xsd%22%3E%0A%20%20%3Ccollaboration%20id%3D%22Collaboration_1k3yu97%22%3E%0A%20%20%20%20%3Cparticipant%20id%3D%22Participant_1rohhf4%22%20name%3D%22Conna%C3%AEtre%22%20processRef%3D%22Process_15x29ag%22%20%2F%3E%0A%20%20%20%20%3Cparticipant%20id%3D%22Participant_1t9xvhs%22%20name%3D%22Rentrer%22%20processRef%3D%22Process_1t81gon%22%20%2F%3E%0A%20%20%20%20%3Cparticipant%20id%3D%22Participant_1asmakh%22%20name%3D%22Trouver%22%20processRef%3D%22Process_0r1jzs8%22%20%2F%3E%0A%20%20%20%20%3Cparticipant%20id%3D%22Participant_0sudgxn%22%20name%3D%22Exploiter%22%20processRef%3D%22Process_01j45oj%22%20%2F%3E%0A%20%20%3C%2Fcollaboration%3E%0A%20%20%3Cprocess%20id%3D%22Process_15x29ag%22%20%2F%3E%0A%20%20%3Cprocess%20id%3D%22Process_1t81gon%22%20%2F%3E%0A%20%20%3Cprocess%20id%3D%22Process_0r1jzs8%22%20%2F%3E%0A%20%20%3Cprocess%20id%3D%22Process_01j45oj%22%20%2F%3E%0A%20%20%3Cbpmndi%3ABPMNDiagram%20id%3D%22sid-74620812-92c4-44e5-949c-aa47393d3830%22%3E%0A%20%20%20%20%3Cbpmndi%3ABPMNPlane%20id%3D%22sid-cdcae759-2af7-4a6d-bd02-53f3352a731d%22%20bpmnElement%3D%22Collaboration_1k3yu97%22%3E%0A%20%20%20%20%20%20%3Cbpmndi%3ABPMNShape%20id%3D%22Participant_1rohhf4_di%22%20bpmnElement%3D%22Participant_1rohhf4%22%20isHorizontal%3D%22true%22%3E%0A%20%20%20%20%20%20%20%20%3Comgdc%3ABounds%20x%3D%22230%22%20y%3D%22180%22%20width%3D%22300%22%20height%3D%22640%22%20%2F%3E%0A%20%20%20%20%20%20%3C%2Fbpmndi%3ABPMNShape%3E%0A%20%20%20%20%20%20%3Cbpmndi%3ABPMNShape%20id%3D%22Participant_1t9xvhs_di%22%20bpmnElement%3D%22Participant_1t9xvhs%22%20isHorizontal%3D%22true%22%3E%0A%20%20%20%20%20%20%20%20%3Comgdc%3ABounds%20x%3D%22540%22%20y%3D%22180%22%20width%3D%22300%22%20height%3D%22640%22%20%2F%3E%0A%20%20%20%20%20%20%3C%2Fbpmndi%3ABPMNShape%3E%0A%20%20%20%20%20%20%3Cbpmndi%3ABPMNShape%20id%3D%22Participant_1asmakh_di%22%20bpmnElement%3D%22Participant_1asmakh%22%20isHorizontal%3D%22true%22%3E%0A%20%20%20%20%20%20%20%20%3Comgdc%3ABounds%20x%3D%22850%22%20y%3D%22180%22%20width%3D%22300%22%20height%3D%22640%22%20%2F%3E%0A%20%20%20%20%20%20%3C%2Fbpmndi%3ABPMNShape%3E%0A%20%20%20%20%20%20%3Cbpmndi%3ABPMNShape%20id%3D%22Participant_0sudgxn_di%22%20bpmnElement%3D%22Participant_0sudgxn%22%20isHorizontal%3D%22true%22%3E%0A%20%20%20%20%20%20%20%20%3Comgdc%3ABounds%20x%3D%221160%22%20y%3D%22180%22%20width%3D%22300%22%20height%3D%22640%22%20%2F%3E%0A%20%20%20%20%20%20%3C%2Fbpmndi%3ABPMNShape%3E%0A%20%20%20%20%3C%2Fbpmndi%3ABPMNPlane%3E%0A%20%20%20%20%3Cbpmndi%3ABPMNLabelStyle%20id%3D%22sid-e0502d32-f8d1-41cf-9c4a-cbb49fecf581%22%3E%0A%20%20%20%20%20%20%3Comgdc%3AFont%20name%3D%22Arial%22%20size%3D%2211%22%20isBold%3D%22false%22%20isItalic%3D%22false%22%20isUnderline%3D%22false%22%20isStrikeThrough%3D%22false%22%20%2F%3E%0A%20%20%20%20%3C%2Fbpmndi%3ABPMNLabelStyle%3E%0A%20%20%20%20%3Cbpmndi%3ABPMNLabelStyle%20id%3D%22sid-84cb49fd-2f7c-44fb-8950-83c3fa153d3b%22%3E%0A%20%20%20%20%20%20%3Comgdc%3AFont%20name%3D%22Arial%22%20size%3D%2212%22%20isBold%3D%22false%22%20isItalic%3D%22false%22%20isUnderline%3D%22false%22%20isStrikeThrough%3D%22false%22%20%2F%3E%0A%20%20%20%20%3C%2Fbpmndi%3ABPMNLabelStyle%3E%0A%20%20%3C%2Fbpmndi%3ABPMNDiagram%3E%0A%3C%2Fdefinitions%3E%0A','4.a','28','R1','171','209');
INSERT INTO `U_scenario_operationnel` VALUES ('112',NULL,NULL,NULL,'data:application/xml,%3C%3Fxml%20version%3D%221.0%22%20encoding%3D%22UTF-8%22%3F%3E%0A%3Cdefinitions%20xmlns%3D%22http%3A%2F%2Fwww.omg.org%2Fspec%2FBPMN%2F20100524%2FMODEL%22%20xmlns%3Abpmndi%3D%22http%3A%2F%2Fwww.omg.org%2Fspec%2FBPMN%2F20100524%2FDI%22%20xmlns%3Aomgdc%3D%22http%3A%2F%2Fwww.omg.org%2Fspec%2FDD%2F20100524%2FDC%22%20xmlns%3Axsi%3D%22http%3A%2F%2Fwww.w3.org%2F2001%2FXMLSchema-instance%22%20targetNamespace%3D%22%22%20xsi%3AschemaLocation%3D%22http%3A%2F%2Fwww.omg.org%2Fspec%2FBPMN%2F20100524%2FMODEL%20http%3A%2F%2Fwww.omg.org%2Fspec%2FBPMN%2F2.0%2F20100501%2FBPMN20.xsd%22%3E%0A%20%20%3Ccollaboration%20id%3D%22Collaboration_1k3yu97%22%3E%0A%20%20%20%20%3Cparticipant%20id%3D%22Participant_1rohhf4%22%20name%3D%22Conna%C3%AEtre%22%20processRef%3D%22Process_15x29ag%22%20%2F%3E%0A%20%20%20%20%3Cparticipant%20id%3D%22Participant_1t9xvhs%22%20name%3D%22Rentrer%22%20processRef%3D%22Process_1t81gon%22%20%2F%3E%0A%20%20%20%20%3Cparticipant%20id%3D%22Participant_1asmakh%22%20name%3D%22Trouver%22%20processRef%3D%22Process_0r1jzs8%22%20%2F%3E%0A%20%20%20%20%3Cparticipant%20id%3D%22Participant_0sudgxn%22%20name%3D%22Exploiter%22%20processRef%3D%22Process_01j45oj%22%20%2F%3E%0A%20%20%3C%2Fcollaboration%3E%0A%20%20%3Cprocess%20id%3D%22Process_15x29ag%22%20%2F%3E%0A%20%20%3Cprocess%20id%3D%22Process_1t81gon%22%20%2F%3E%0A%20%20%3Cprocess%20id%3D%22Process_0r1jzs8%22%20%2F%3E%0A%20%20%3Cprocess%20id%3D%22Process_01j45oj%22%20%2F%3E%0A%20%20%3Cbpmndi%3ABPMNDiagram%20id%3D%22sid-74620812-92c4-44e5-949c-aa47393d3830%22%3E%0A%20%20%20%20%3Cbpmndi%3ABPMNPlane%20id%3D%22sid-cdcae759-2af7-4a6d-bd02-53f3352a731d%22%20bpmnElement%3D%22Collaboration_1k3yu97%22%3E%0A%20%20%20%20%20%20%3Cbpmndi%3ABPMNShape%20id%3D%22Participant_1rohhf4_di%22%20bpmnElement%3D%22Participant_1rohhf4%22%20isHorizontal%3D%22true%22%3E%0A%20%20%20%20%20%20%20%20%3Comgdc%3ABounds%20x%3D%22230%22%20y%3D%22180%22%20width%3D%22300%22%20height%3D%22640%22%20%2F%3E%0A%20%20%20%20%20%20%3C%2Fbpmndi%3ABPMNShape%3E%0A%20%20%20%20%20%20%3Cbpmndi%3ABPMNShape%20id%3D%22Participant_1t9xvhs_di%22%20bpmnElement%3D%22Participant_1t9xvhs%22%20isHorizontal%3D%22true%22%3E%0A%20%20%20%20%20%20%20%20%3Comgdc%3ABounds%20x%3D%22540%22%20y%3D%22180%22%20width%3D%22300%22%20height%3D%22640%22%20%2F%3E%0A%20%20%20%20%20%20%3C%2Fbpmndi%3ABPMNShape%3E%0A%20%20%20%20%20%20%3Cbpmndi%3ABPMNShape%20id%3D%22Participant_1asmakh_di%22%20bpmnElement%3D%22Participant_1asmakh%22%20isHorizontal%3D%22true%22%3E%0A%20%20%20%20%20%20%20%20%3Comgdc%3ABounds%20x%3D%22850%22%20y%3D%22180%22%20width%3D%22300%22%20height%3D%22640%22%20%2F%3E%0A%20%20%20%20%20%20%3C%2Fbpmndi%3ABPMNShape%3E%0A%20%20%20%20%20%20%3Cbpmndi%3ABPMNShape%20id%3D%22Participant_0sudgxn_di%22%20bpmnElement%3D%22Participant_0sudgxn%22%20isHorizontal%3D%22true%22%3E%0A%20%20%20%20%20%20%20%20%3Comgdc%3ABounds%20x%3D%221160%22%20y%3D%22180%22%20width%3D%22300%22%20height%3D%22640%22%20%2F%3E%0A%20%20%20%20%20%20%3C%2Fbpmndi%3ABPMNShape%3E%0A%20%20%20%20%3C%2Fbpmndi%3ABPMNPlane%3E%0A%20%20%20%20%3Cbpmndi%3ABPMNLabelStyle%20id%3D%22sid-e0502d32-f8d1-41cf-9c4a-cbb49fecf581%22%3E%0A%20%20%20%20%20%20%3Comgdc%3AFont%20name%3D%22Arial%22%20size%3D%2211%22%20isBold%3D%22false%22%20isItalic%3D%22false%22%20isUnderline%3D%22false%22%20isStrikeThrough%3D%22false%22%20%2F%3E%0A%20%20%20%20%3C%2Fbpmndi%3ABPMNLabelStyle%3E%0A%20%20%20%20%3Cbpmndi%3ABPMNLabelStyle%20id%3D%22sid-84cb49fd-2f7c-44fb-8950-83c3fa153d3b%22%3E%0A%20%20%20%20%20%20%3Comgdc%3AFont%20name%3D%22Arial%22%20size%3D%2212%22%20isBold%3D%22false%22%20isItalic%3D%22false%22%20isUnderline%3D%22false%22%20isStrikeThrough%3D%22false%22%20%2F%3E%0A%20%20%20%20%3C%2Fbpmndi%3ABPMNLabelStyle%3E%0A%20%20%3C%2Fbpmndi%3ABPMNDiagram%3E%0A%3C%2Fdefinitions%3E%0A','4.a','37',NULL,'172','210');
INSERT INTO `U_scenario_operationnel` VALUES ('113',NULL,NULL,NULL,'data:application/xml,%3C%3Fxml%20version%3D%221.0%22%20encoding%3D%22UTF-8%22%3F%3E%0A%3Cdefinitions%20xmlns%3D%22http%3A%2F%2Fwww.omg.org%2Fspec%2FBPMN%2F20100524%2FMODEL%22%20xmlns%3Abpmndi%3D%22http%3A%2F%2Fwww.omg.org%2Fspec%2FBPMN%2F20100524%2FDI%22%20xmlns%3Aomgdc%3D%22http%3A%2F%2Fwww.omg.org%2Fspec%2FDD%2F20100524%2FDC%22%20xmlns%3Axsi%3D%22http%3A%2F%2Fwww.w3.org%2F2001%2FXMLSchema-instance%22%20targetNamespace%3D%22%22%20xsi%3AschemaLocation%3D%22http%3A%2F%2Fwww.omg.org%2Fspec%2FBPMN%2F20100524%2FMODEL%20http%3A%2F%2Fwww.omg.org%2Fspec%2FBPMN%2F2.0%2F20100501%2FBPMN20.xsd%22%3E%0A%20%20%3Ccollaboration%20id%3D%22Collaboration_1k3yu97%22%3E%0A%20%20%20%20%3Cparticipant%20id%3D%22Participant_1rohhf4%22%20name%3D%22Conna%C3%AEtre%22%20processRef%3D%22Process_15x29ag%22%20%2F%3E%0A%20%20%20%20%3Cparticipant%20id%3D%22Participant_1t9xvhs%22%20name%3D%22Rentrer%22%20processRef%3D%22Process_1t81gon%22%20%2F%3E%0A%20%20%20%20%3Cparticipant%20id%3D%22Participant_1asmakh%22%20name%3D%22Trouver%22%20processRef%3D%22Process_0r1jzs8%22%20%2F%3E%0A%20%20%20%20%3Cparticipant%20id%3D%22Participant_0sudgxn%22%20name%3D%22Exploiter%22%20processRef%3D%22Process_01j45oj%22%20%2F%3E%0A%20%20%3C%2Fcollaboration%3E%0A%20%20%3Cprocess%20id%3D%22Process_15x29ag%22%20%2F%3E%0A%20%20%3Cprocess%20id%3D%22Process_1t81gon%22%20%2F%3E%0A%20%20%3Cprocess%20id%3D%22Process_0r1jzs8%22%20%2F%3E%0A%20%20%3Cprocess%20id%3D%22Process_01j45oj%22%20%2F%3E%0A%20%20%3Cbpmndi%3ABPMNDiagram%20id%3D%22sid-74620812-92c4-44e5-949c-aa47393d3830%22%3E%0A%20%20%20%20%3Cbpmndi%3ABPMNPlane%20id%3D%22sid-cdcae759-2af7-4a6d-bd02-53f3352a731d%22%20bpmnElement%3D%22Collaboration_1k3yu97%22%3E%0A%20%20%20%20%20%20%3Cbpmndi%3ABPMNShape%20id%3D%22Participant_1rohhf4_di%22%20bpmnElement%3D%22Participant_1rohhf4%22%20isHorizontal%3D%22true%22%3E%0A%20%20%20%20%20%20%20%20%3Comgdc%3ABounds%20x%3D%22230%22%20y%3D%22180%22%20width%3D%22300%22%20height%3D%22640%22%20%2F%3E%0A%20%20%20%20%20%20%3C%2Fbpmndi%3ABPMNShape%3E%0A%20%20%20%20%20%20%3Cbpmndi%3ABPMNShape%20id%3D%22Participant_1t9xvhs_di%22%20bpmnElement%3D%22Participant_1t9xvhs%22%20isHorizontal%3D%22true%22%3E%0A%20%20%20%20%20%20%20%20%3Comgdc%3ABounds%20x%3D%22540%22%20y%3D%22180%22%20width%3D%22300%22%20height%3D%22640%22%20%2F%3E%0A%20%20%20%20%20%20%3C%2Fbpmndi%3ABPMNShape%3E%0A%20%20%20%20%20%20%3Cbpmndi%3ABPMNShape%20id%3D%22Participant_1asmakh_di%22%20bpmnElement%3D%22Participant_1asmakh%22%20isHorizontal%3D%22true%22%3E%0A%20%20%20%20%20%20%20%20%3Comgdc%3ABounds%20x%3D%22850%22%20y%3D%22180%22%20width%3D%22300%22%20height%3D%22640%22%20%2F%3E%0A%20%20%20%20%20%20%3C%2Fbpmndi%3ABPMNShape%3E%0A%20%20%20%20%20%20%3Cbpmndi%3ABPMNShape%20id%3D%22Participant_0sudgxn_di%22%20bpmnElement%3D%22Participant_0sudgxn%22%20isHorizontal%3D%22true%22%3E%0A%20%20%20%20%20%20%20%20%3Comgdc%3ABounds%20x%3D%221160%22%20y%3D%22180%22%20width%3D%22300%22%20height%3D%22640%22%20%2F%3E%0A%20%20%20%20%20%20%3C%2Fbpmndi%3ABPMNShape%3E%0A%20%20%20%20%3C%2Fbpmndi%3ABPMNPlane%3E%0A%20%20%20%20%3Cbpmndi%3ABPMNLabelStyle%20id%3D%22sid-e0502d32-f8d1-41cf-9c4a-cbb49fecf581%22%3E%0A%20%20%20%20%20%20%3Comgdc%3AFont%20name%3D%22Arial%22%20size%3D%2211%22%20isBold%3D%22false%22%20isItalic%3D%22false%22%20isUnderline%3D%22false%22%20isStrikeThrough%3D%22false%22%20%2F%3E%0A%20%20%20%20%3C%2Fbpmndi%3ABPMNLabelStyle%3E%0A%20%20%20%20%3Cbpmndi%3ABPMNLabelStyle%20id%3D%22sid-84cb49fd-2f7c-44fb-8950-83c3fa153d3b%22%3E%0A%20%20%20%20%20%20%3Comgdc%3AFont%20name%3D%22Arial%22%20size%3D%2212%22%20isBold%3D%22false%22%20isItalic%3D%22false%22%20isUnderline%3D%22false%22%20isStrikeThrough%3D%22false%22%20%2F%3E%0A%20%20%20%20%3C%2Fbpmndi%3ABPMNLabelStyle%3E%0A%20%20%3C%2Fbpmndi%3ABPMNDiagram%3E%0A%3C%2Fdefinitions%3E%0A','4.a','46',NULL,'172','210');
INSERT INTO `U_scenario_operationnel` VALUES ('114','Scenario opérationnel pour : che1',NULL,'4','data:application/xml,%3C%3Fxml%20version%3D%221.0%22%20encoding%3D%22UTF-8%22%3F%3E%0A%3Cdefinitions%20xmlns%3D%22http%3A%2F%2Fwww.omg.org%2Fspec%2FBPMN%2F20100524%2FMODEL%22%20xmlns%3Abpmndi%3D%22http%3A%2F%2Fwww.omg.org%2Fspec%2FBPMN%2F20100524%2FDI%22%20xmlns%3Aomgdc%3D%22http%3A%2F%2Fwww.omg.org%2Fspec%2FDD%2F20100524%2FDC%22%20xmlns%3Axsi%3D%22http%3A%2F%2Fwww.w3.org%2F2001%2FXMLSchema-instance%22%20targetNamespace%3D%22%22%20xsi%3AschemaLocation%3D%22http%3A%2F%2Fwww.omg.org%2Fspec%2FBPMN%2F20100524%2FMODEL%20http%3A%2F%2Fwww.omg.org%2Fspec%2FBPMN%2F2.0%2F20100501%2FBPMN20.xsd%22%3E%0A%20%20%3Ccollaboration%20id%3D%22Collaboration_1k3yu97%22%3E%0A%20%20%20%20%3Cparticipant%20id%3D%22Participant_1rohhf4%22%20name%3D%22Conna%C3%AEtre%22%20processRef%3D%22Process_15x29ag%22%20%2F%3E%0A%20%20%20%20%3Cparticipant%20id%3D%22Participant_1t9xvhs%22%20name%3D%22Rentrer%22%20processRef%3D%22Process_1t81gon%22%20%2F%3E%0A%20%20%20%20%3Cparticipant%20id%3D%22Participant_1asmakh%22%20name%3D%22Trouver%22%20processRef%3D%22Process_0r1jzs8%22%20%2F%3E%0A%20%20%20%20%3Cparticipant%20id%3D%22Participant_0sudgxn%22%20name%3D%22Exploiter%22%20processRef%3D%22Process_01j45oj%22%20%2F%3E%0A%20%20%3C%2Fcollaboration%3E%0A%20%20%3Cprocess%20id%3D%22Process_15x29ag%22%20%2F%3E%0A%20%20%3Cprocess%20id%3D%22Process_1t81gon%22%20%2F%3E%0A%20%20%3Cprocess%20id%3D%22Process_0r1jzs8%22%20%2F%3E%0A%20%20%3Cprocess%20id%3D%22Process_01j45oj%22%20%2F%3E%0A%20%20%3Cbpmndi%3ABPMNDiagram%20id%3D%22sid-74620812-92c4-44e5-949c-aa47393d3830%22%3E%0A%20%20%20%20%3Cbpmndi%3ABPMNPlane%20id%3D%22sid-cdcae759-2af7-4a6d-bd02-53f3352a731d%22%20bpmnElement%3D%22Collaboration_1k3yu97%22%3E%0A%20%20%20%20%20%20%3Cbpmndi%3ABPMNShape%20id%3D%22Participant_1rohhf4_di%22%20bpmnElement%3D%22Participant_1rohhf4%22%20isHorizontal%3D%22true%22%3E%0A%20%20%20%20%20%20%20%20%3Comgdc%3ABounds%20x%3D%22230%22%20y%3D%22180%22%20width%3D%22300%22%20height%3D%22640%22%20%2F%3E%0A%20%20%20%20%20%20%3C%2Fbpmndi%3ABPMNShape%3E%0A%20%20%20%20%20%20%3Cbpmndi%3ABPMNShape%20id%3D%22Participant_1t9xvhs_di%22%20bpmnElement%3D%22Participant_1t9xvhs%22%20isHorizontal%3D%22true%22%3E%0A%20%20%20%20%20%20%20%20%3Comgdc%3ABounds%20x%3D%22540%22%20y%3D%22180%22%20width%3D%22300%22%20height%3D%22640%22%20%2F%3E%0A%20%20%20%20%20%20%3C%2Fbpmndi%3ABPMNShape%3E%0A%20%20%20%20%20%20%3Cbpmndi%3ABPMNShape%20id%3D%22Participant_1asmakh_di%22%20bpmnElement%3D%22Participant_1asmakh%22%20isHorizontal%3D%22true%22%3E%0A%20%20%20%20%20%20%20%20%3Comgdc%3ABounds%20x%3D%22850%22%20y%3D%22180%22%20width%3D%22300%22%20height%3D%22640%22%20%2F%3E%0A%20%20%20%20%20%20%3C%2Fbpmndi%3ABPMNShape%3E%0A%20%20%20%20%20%20%3Cbpmndi%3ABPMNShape%20id%3D%22Participant_0sudgxn_di%22%20bpmnElement%3D%22Participant_0sudgxn%22%20isHorizontal%3D%22true%22%3E%0A%20%20%20%20%20%20%20%20%3Comgdc%3ABounds%20x%3D%221160%22%20y%3D%22180%22%20width%3D%22300%22%20height%3D%22640%22%20%2F%3E%0A%20%20%20%20%20%20%3C%2Fbpmndi%3ABPMNShape%3E%0A%20%20%20%20%3C%2Fbpmndi%3ABPMNPlane%3E%0A%20%20%20%20%3Cbpmndi%3ABPMNLabelStyle%20id%3D%22sid-e0502d32-f8d1-41cf-9c4a-cbb49fecf581%22%3E%0A%20%20%20%20%20%20%3Comgdc%3AFont%20name%3D%22Arial%22%20size%3D%2211%22%20isBold%3D%22false%22%20isItalic%3D%22false%22%20isUnderline%3D%22false%22%20isStrikeThrough%3D%22false%22%20%2F%3E%0A%20%20%20%20%3C%2Fbpmndi%3ABPMNLabelStyle%3E%0A%20%20%20%20%3Cbpmndi%3ABPMNLabelStyle%20id%3D%22sid-84cb49fd-2f7c-44fb-8950-83c3fa153d3b%22%3E%0A%20%20%20%20%20%20%3Comgdc%3AFont%20name%3D%22Arial%22%20size%3D%2212%22%20isBold%3D%22false%22%20isItalic%3D%22false%22%20isUnderline%3D%22false%22%20isStrikeThrough%3D%22false%22%20%2F%3E%0A%20%20%20%20%3C%2Fbpmndi%3ABPMNLabelStyle%3E%0A%20%20%3C%2Fbpmndi%3ABPMNDiagram%3E%0A%3C%2Fdefinitions%3E%0A','4.a','55','R1','172','210');
INSERT INTO `U_scenario_operationnel` VALUES ('115','Scenario opérationnel pour : che2',NULL,'5','data:application/xml,%3C%3Fxml%20version%3D%221.0%22%20encoding%3D%22UTF-8%22%3F%3E%0A%3Cdefinitions%20xmlns%3D%22http%3A%2F%2Fwww.omg.org%2Fspec%2FBPMN%2F20100524%2FMODEL%22%20xmlns%3Abpmndi%3D%22http%3A%2F%2Fwww.omg.org%2Fspec%2FBPMN%2F20100524%2FDI%22%20xmlns%3Aomgdc%3D%22http%3A%2F%2Fwww.omg.org%2Fspec%2FDD%2F20100524%2FDC%22%20xmlns%3Axsi%3D%22http%3A%2F%2Fwww.w3.org%2F2001%2FXMLSchema-instance%22%20targetNamespace%3D%22%22%20xsi%3AschemaLocation%3D%22http%3A%2F%2Fwww.omg.org%2Fspec%2FBPMN%2F20100524%2FMODEL%20http%3A%2F%2Fwww.omg.org%2Fspec%2FBPMN%2F2.0%2F20100501%2FBPMN20.xsd%22%3E%0A%20%20%3Ccollaboration%20id%3D%22Collaboration_1k3yu97%22%3E%0A%20%20%20%20%3Cparticipant%20id%3D%22Participant_1rohhf4%22%20name%3D%22Conna%C3%AEtre%22%20processRef%3D%22Process_15x29ag%22%20%2F%3E%0A%20%20%20%20%3Cparticipant%20id%3D%22Participant_1t9xvhs%22%20name%3D%22Rentrer%22%20processRef%3D%22Process_1t81gon%22%20%2F%3E%0A%20%20%20%20%3Cparticipant%20id%3D%22Participant_1asmakh%22%20name%3D%22Trouver%22%20processRef%3D%22Process_0r1jzs8%22%20%2F%3E%0A%20%20%20%20%3Cparticipant%20id%3D%22Participant_0sudgxn%22%20name%3D%22Exploiter%22%20processRef%3D%22Process_01j45oj%22%20%2F%3E%0A%20%20%3C%2Fcollaboration%3E%0A%20%20%3Cprocess%20id%3D%22Process_15x29ag%22%20%2F%3E%0A%20%20%3Cprocess%20id%3D%22Process_1t81gon%22%20%2F%3E%0A%20%20%3Cprocess%20id%3D%22Process_0r1jzs8%22%20%2F%3E%0A%20%20%3Cprocess%20id%3D%22Process_01j45oj%22%20%2F%3E%0A%20%20%3Cbpmndi%3ABPMNDiagram%20id%3D%22sid-74620812-92c4-44e5-949c-aa47393d3830%22%3E%0A%20%20%20%20%3Cbpmndi%3ABPMNPlane%20id%3D%22sid-cdcae759-2af7-4a6d-bd02-53f3352a731d%22%20bpmnElement%3D%22Collaboration_1k3yu97%22%3E%0A%20%20%20%20%20%20%3Cbpmndi%3ABPMNShape%20id%3D%22Participant_1rohhf4_di%22%20bpmnElement%3D%22Participant_1rohhf4%22%20isHorizontal%3D%22true%22%3E%0A%20%20%20%20%20%20%20%20%3Comgdc%3ABounds%20x%3D%22230%22%20y%3D%22180%22%20width%3D%22300%22%20height%3D%22640%22%20%2F%3E%0A%20%20%20%20%20%20%3C%2Fbpmndi%3ABPMNShape%3E%0A%20%20%20%20%20%20%3Cbpmndi%3ABPMNShape%20id%3D%22Participant_1t9xvhs_di%22%20bpmnElement%3D%22Participant_1t9xvhs%22%20isHorizontal%3D%22true%22%3E%0A%20%20%20%20%20%20%20%20%3Comgdc%3ABounds%20x%3D%22540%22%20y%3D%22180%22%20width%3D%22300%22%20height%3D%22640%22%20%2F%3E%0A%20%20%20%20%20%20%3C%2Fbpmndi%3ABPMNShape%3E%0A%20%20%20%20%20%20%3Cbpmndi%3ABPMNShape%20id%3D%22Participant_1asmakh_di%22%20bpmnElement%3D%22Participant_1asmakh%22%20isHorizontal%3D%22true%22%3E%0A%20%20%20%20%20%20%20%20%3Comgdc%3ABounds%20x%3D%22850%22%20y%3D%22180%22%20width%3D%22300%22%20height%3D%22640%22%20%2F%3E%0A%20%20%20%20%20%20%3C%2Fbpmndi%3ABPMNShape%3E%0A%20%20%20%20%20%20%3Cbpmndi%3ABPMNShape%20id%3D%22Participant_0sudgxn_di%22%20bpmnElement%3D%22Participant_0sudgxn%22%20isHorizontal%3D%22true%22%3E%0A%20%20%20%20%20%20%20%20%3Comgdc%3ABounds%20x%3D%221160%22%20y%3D%22180%22%20width%3D%22300%22%20height%3D%22640%22%20%2F%3E%0A%20%20%20%20%20%20%3C%2Fbpmndi%3ABPMNShape%3E%0A%20%20%20%20%3C%2Fbpmndi%3ABPMNPlane%3E%0A%20%20%20%20%3Cbpmndi%3ABPMNLabelStyle%20id%3D%22sid-e0502d32-f8d1-41cf-9c4a-cbb49fecf581%22%3E%0A%20%20%20%20%20%20%3Comgdc%3AFont%20name%3D%22Arial%22%20size%3D%2211%22%20isBold%3D%22false%22%20isItalic%3D%22false%22%20isUnderline%3D%22false%22%20isStrikeThrough%3D%22false%22%20%2F%3E%0A%20%20%20%20%3C%2Fbpmndi%3ABPMNLabelStyle%3E%0A%20%20%20%20%3Cbpmndi%3ABPMNLabelStyle%20id%3D%22sid-84cb49fd-2f7c-44fb-8950-83c3fa153d3b%22%3E%0A%20%20%20%20%20%20%3Comgdc%3AFont%20name%3D%22Arial%22%20size%3D%2212%22%20isBold%3D%22false%22%20isItalic%3D%22false%22%20isUnderline%3D%22false%22%20isStrikeThrough%3D%22false%22%20%2F%3E%0A%20%20%20%20%3C%2Fbpmndi%3ABPMNLabelStyle%3E%0A%20%20%3C%2Fbpmndi%3ABPMNDiagram%3E%0A%3C%2Fdefinitions%3E%0A','4.a','66','R2','172','210');
INSERT INTO `U_scenario_operationnel` VALUES ('116',NULL,NULL,NULL,'data:application/xml,%3C%3Fxml%20version%3D%221.0%22%20encoding%3D%22UTF-8%22%3F%3E%0A%3Cdefinitions%20xmlns%3D%22http%3A%2F%2Fwww.omg.org%2Fspec%2FBPMN%2F20100524%2FMODEL%22%20xmlns%3Abpmndi%3D%22http%3A%2F%2Fwww.omg.org%2Fspec%2FBPMN%2F20100524%2FDI%22%20xmlns%3Aomgdc%3D%22http%3A%2F%2Fwww.omg.org%2Fspec%2FDD%2F20100524%2FDC%22%20xmlns%3Axsi%3D%22http%3A%2F%2Fwww.w3.org%2F2001%2FXMLSchema-instance%22%20targetNamespace%3D%22%22%20xsi%3AschemaLocation%3D%22http%3A%2F%2Fwww.omg.org%2Fspec%2FBPMN%2F20100524%2FMODEL%20http%3A%2F%2Fwww.omg.org%2Fspec%2FBPMN%2F2.0%2F20100501%2FBPMN20.xsd%22%3E%0A%20%20%3Ccollaboration%20id%3D%22Collaboration_1k3yu97%22%3E%0A%20%20%20%20%3Cparticipant%20id%3D%22Participant_1rohhf4%22%20name%3D%22Conna%C3%AEtre%22%20processRef%3D%22Process_15x29ag%22%20%2F%3E%0A%20%20%20%20%3Cparticipant%20id%3D%22Participant_1t9xvhs%22%20name%3D%22Rentrer%22%20processRef%3D%22Process_1t81gon%22%20%2F%3E%0A%20%20%20%20%3Cparticipant%20id%3D%22Participant_1asmakh%22%20name%3D%22Trouver%22%20processRef%3D%22Process_0r1jzs8%22%20%2F%3E%0A%20%20%20%20%3Cparticipant%20id%3D%22Participant_0sudgxn%22%20name%3D%22Exploiter%22%20processRef%3D%22Process_01j45oj%22%20%2F%3E%0A%20%20%3C%2Fcollaboration%3E%0A%20%20%3Cprocess%20id%3D%22Process_15x29ag%22%20%2F%3E%0A%20%20%3Cprocess%20id%3D%22Process_1t81gon%22%20%2F%3E%0A%20%20%3Cprocess%20id%3D%22Process_0r1jzs8%22%20%2F%3E%0A%20%20%3Cprocess%20id%3D%22Process_01j45oj%22%20%2F%3E%0A%20%20%3Cbpmndi%3ABPMNDiagram%20id%3D%22sid-74620812-92c4-44e5-949c-aa47393d3830%22%3E%0A%20%20%20%20%3Cbpmndi%3ABPMNPlane%20id%3D%22sid-cdcae759-2af7-4a6d-bd02-53f3352a731d%22%20bpmnElement%3D%22Collaboration_1k3yu97%22%3E%0A%20%20%20%20%20%20%3Cbpmndi%3ABPMNShape%20id%3D%22Participant_1rohhf4_di%22%20bpmnElement%3D%22Participant_1rohhf4%22%20isHorizontal%3D%22true%22%3E%0A%20%20%20%20%20%20%20%20%3Comgdc%3ABounds%20x%3D%22230%22%20y%3D%22180%22%20width%3D%22300%22%20height%3D%22640%22%20%2F%3E%0A%20%20%20%20%20%20%3C%2Fbpmndi%3ABPMNShape%3E%0A%20%20%20%20%20%20%3Cbpmndi%3ABPMNShape%20id%3D%22Participant_1t9xvhs_di%22%20bpmnElement%3D%22Participant_1t9xvhs%22%20isHorizontal%3D%22true%22%3E%0A%20%20%20%20%20%20%20%20%3Comgdc%3ABounds%20x%3D%22540%22%20y%3D%22180%22%20width%3D%22300%22%20height%3D%22640%22%20%2F%3E%0A%20%20%20%20%20%20%3C%2Fbpmndi%3ABPMNShape%3E%0A%20%20%20%20%20%20%3Cbpmndi%3ABPMNShape%20id%3D%22Participant_1asmakh_di%22%20bpmnElement%3D%22Participant_1asmakh%22%20isHorizontal%3D%22true%22%3E%0A%20%20%20%20%20%20%20%20%3Comgdc%3ABounds%20x%3D%22850%22%20y%3D%22180%22%20width%3D%22300%22%20height%3D%22640%22%20%2F%3E%0A%20%20%20%20%20%20%3C%2Fbpmndi%3ABPMNShape%3E%0A%20%20%20%20%20%20%3Cbpmndi%3ABPMNShape%20id%3D%22Participant_0sudgxn_di%22%20bpmnElement%3D%22Participant_0sudgxn%22%20isHorizontal%3D%22true%22%3E%0A%20%20%20%20%20%20%20%20%3Comgdc%3ABounds%20x%3D%221160%22%20y%3D%22180%22%20width%3D%22300%22%20height%3D%22640%22%20%2F%3E%0A%20%20%20%20%20%20%3C%2Fbpmndi%3ABPMNShape%3E%0A%20%20%20%20%3C%2Fbpmndi%3ABPMNPlane%3E%0A%20%20%20%20%3Cbpmndi%3ABPMNLabelStyle%20id%3D%22sid-e0502d32-f8d1-41cf-9c4a-cbb49fecf581%22%3E%0A%20%20%20%20%20%20%3Comgdc%3AFont%20name%3D%22Arial%22%20size%3D%2211%22%20isBold%3D%22false%22%20isItalic%3D%22false%22%20isUnderline%3D%22false%22%20isStrikeThrough%3D%22false%22%20%2F%3E%0A%20%20%20%20%3C%2Fbpmndi%3ABPMNLabelStyle%3E%0A%20%20%20%20%3Cbpmndi%3ABPMNLabelStyle%20id%3D%22sid-84cb49fd-2f7c-44fb-8950-83c3fa153d3b%22%3E%0A%20%20%20%20%20%20%3Comgdc%3AFont%20name%3D%22Arial%22%20size%3D%2212%22%20isBold%3D%22false%22%20isItalic%3D%22false%22%20isUnderline%3D%22false%22%20isStrikeThrough%3D%22false%22%20%2F%3E%0A%20%20%20%20%3C%2Fbpmndi%3ABPMNLabelStyle%3E%0A%20%20%3C%2Fbpmndi%3ABPMNDiagram%3E%0A%3C%2Fdefinitions%3E%0A','4.a','73',NULL,'174','212');


DROP TABLE IF EXISTS `W_mode_operatoire`;
CREATE TABLE `W_mode_operatoire` (
  `id_mode_operatoire` int(11) NOT NULL AUTO_INCREMENT,
  `mode_operatoire` varchar(1000) DEFAULT NULL,
  `id_scenario_operationnel` int(11) NOT NULL,
  `id_projet` int(11) NOT NULL,
  PRIMARY KEY (`id_mode_operatoire`),
  KEY `W_mode_operatoire_U_scenario_operationnel_FK` (`id_scenario_operationnel`),
  KEY `id_projet` (`id_mode_operatoire`),
  KEY `F_projet_id_projet` (`id_projet`),
  CONSTRAINT `W_mode_operatoire_U_scenario_operationnel_FK` FOREIGN KEY (`id_scenario_operationnel`) REFERENCES `U_scenario_operationnel` (`id_scenario_operationnel`) ON DELETE CASCADE ON UPDATE CASCADE
) ENGINE=InnoDB AUTO_INCREMENT=58 DEFAULT CHARSET=utf8mb4;

INSERT INTO `W_mode_operatoire` VALUES ('56','eretttete','101','0');
INSERT INTO `W_mode_operatoire` VALUES ('57','Via une hache ','111','0');


DROP TABLE IF EXISTS `X_revaluation_du_risque`;
CREATE TABLE `X_revaluation_du_risque` (
  `id_revaluation` int(11) NOT NULL AUTO_INCREMENT,
  `nom_risque_residuelle` varchar(100) DEFAULT NULL,
  `description_risque_residuelle` varchar(1000) DEFAULT NULL,
  `vraisemblance_residuelle` int(11) DEFAULT NULL,
  `risque_residuel` int(11) DEFAULT NULL,
  `gestion_risque_residuelle` varchar(1000) DEFAULT NULL,
  `id_atelier` varchar(50) NOT NULL,
  `id_chemin_d_attaque_strategique` int(11) NOT NULL,
  `id_projet` int(11) NOT NULL,
  PRIMARY KEY (`id_revaluation`),
  KEY `X_revaluation_du_risque_F_projet1_FK` (`id_projet`),
  KEY `X_revaluation_du_risque_G_atelier_FK` (`id_atelier`),
  KEY `X_revaluation_du_risque_T_chemin_d_attaque_strategique0_FK` (`id_chemin_d_attaque_strategique`),
  CONSTRAINT `X_revaluation_du_risque_F_projet1_FK` FOREIGN KEY (`id_projet`) REFERENCES `F_projet` (`id_projet`) ON DELETE CASCADE ON UPDATE CASCADE,
  CONSTRAINT `X_revaluation_du_risque_G_atelier_FK` FOREIGN KEY (`id_atelier`) REFERENCES `G_atelier` (`id_atelier`) ON DELETE CASCADE ON UPDATE CASCADE,
  CONSTRAINT `X_revaluation_du_risque_T_chemin_d_attaque_strategique0_FK` FOREIGN KEY (`id_chemin_d_attaque_strategique`) REFERENCES `T_chemin_d_attaque_strategique` (`id_chemin_d_attaque_strategique`) ON DELETE CASCADE ON UPDATE CASCADE
) ENGINE=InnoDB AUTO_INCREMENT=37 DEFAULT CHARSET=utf8mb4;

INSERT INTO `X_revaluation_du_risque` VALUES ('11','TEST10','TEST10','1','0','Joyston','5.c','1','28');
INSERT INTO `X_revaluation_du_risque` VALUES ('12','fggf','fgg','3','0','gf','5.c','5','28');
INSERT INTO `X_revaluation_du_risque` VALUES ('13','dfdf','fdfs','1','0','Jean','5.c','6','28');
INSERT INTO `X_revaluation_du_risque` VALUES ('14','fgf','gfgf','3','0','gff','5.c','4','28');
INSERT INTO `X_revaluation_du_risque` VALUES ('15','eefdf','fsdf','1','0','Pierre','5.c','8','28');
INSERT INTO `X_revaluation_du_risque` VALUES ('26','rtrtr','rtrtrt','1','0','trtr','5.c','19','28');
INSERT INTO `X_revaluation_du_risque` VALUES ('27','rtrt','trtr','1','0','rtrtr','5.c','24','28');
INSERT INTO `X_revaluation_du_risque` VALUES ('28','gfgf','fgfg','3','0','gfg','5.c','23','28');
INSERT INTO `X_revaluation_du_risque` VALUES ('29','rttr','rtr','1','0','rttr','5.c','25','28');
INSERT INTO `X_revaluation_du_risque` VALUES ('30','fgfg','fgff','5','0','fgf','5.c','22','28');
INSERT INTO `X_revaluation_du_risque` VALUES ('31','Mise en place d''une porte blindé','Mise en place d''une porte blindé','1','0','Joyston','5.c','28','209');
INSERT INTO `X_revaluation_du_risque` VALUES ('34','','','1','0','aaa','5.c','55','210');
INSERT INTO `X_revaluation_du_risque` VALUES ('35','','','2','0','','5.c','66','210');
INSERT INTO `X_revaluation_du_risque` VALUES ('36',NULL,NULL,NULL,NULL,NULL,'5.c','73','212');


DROP TABLE IF EXISTS `Y_mesure`;
CREATE TABLE `Y_mesure` (
  `id_mesure` int(11) NOT NULL AUTO_INCREMENT,
  `nom_mesure` varchar(100) DEFAULT NULL,
  `description_mesure` varchar(1000) DEFAULT NULL,
  `id_projet` int(11) NOT NULL,
  `id_atelier` varchar(50) NOT NULL,
  PRIMARY KEY (`id_mesure`),
  KEY `Y_mesure_F_projet_FK` (`id_projet`),
  KEY `Y_mesure_G_atelier0_FK` (`id_atelier`),
  CONSTRAINT `Y_mesure_F_projet_FK` FOREIGN KEY (`id_projet`) REFERENCES `F_projet` (`id_projet`) ON DELETE CASCADE ON UPDATE CASCADE,
  CONSTRAINT `Y_mesure_G_atelier0_FK` FOREIGN KEY (`id_atelier`) REFERENCES `G_atelier` (`id_atelier`) ON DELETE CASCADE ON UPDATE CASCADE
) ENGINE=InnoDB AUTO_INCREMENT=185 DEFAULT CHARSET=utf8mb4;

INSERT INTO `Y_mesure` VALUES ('145','Mesure 5b','Mesure 5b','28','5.b');
INSERT INTO `Y_mesure` VALUES ('148','TEST','TEST','28','5.b');
INSERT INTO `Y_mesure` VALUES ('157','dssdss','dsdsds','28','5.b');
INSERT INTO `Y_mesure` VALUES ('158','Mesure 2tyytr','Mesure 2trtrt','28','5.b');
INSERT INTO `Y_mesure` VALUES ('159','Joyston ','Joyston','28','5.b');
INSERT INTO `Y_mesure` VALUES ('160','dssdss','dssdss','28','5.b');
INSERT INTO `Y_mesure` VALUES ('161','fdsd','dsdsds','28','5.b');
INSERT INTO `Y_mesure` VALUES ('162','sddss','dsdds','28','5.b');
INSERT INTO `Y_mesure` VALUES ('163','sddss','dsdsds','28','5.b');
INSERT INTO `Y_mesure` VALUES ('164','zeeze','ezeze','28','5.b');
INSERT INTO `Y_mesure` VALUES ('165','ezez','ezezez','28','5.b');
INSERT INTO `Y_mesure` VALUES ('169','Bloquer l''accès à l''ordinateur de bord de l''éolienne','Bloquer l''accès à l''ordinateur de bord de l''éolienne','209','3.c');
INSERT INTO `Y_mesure` VALUES ('180','aaaa','aaaa','210','3.c');
INSERT INTO `Y_mesure` VALUES ('181','Chiffrement','dddd','210','3.c');
INSERT INTO `Y_mesure` VALUES ('182','aaaa','aaaaaa','210','3.c');
INSERT INTO `Y_mesure` VALUES ('183','AAAA','aaaaa','210','5.b');
INSERT INTO `Y_mesure` VALUES ('184','azer','dddd','210','5.b');


DROP TABLE IF EXISTS `ZA_traitement_de_securite`;
CREATE TABLE `ZA_traitement_de_securite` (
  `id_traitement_de_securite` int(11) NOT NULL AUTO_INCREMENT,
  `principe_de_securite` varchar(1000) DEFAULT NULL,
  `difficulte_traitement_de_securite` varchar(1000) DEFAULT NULL,
  `cout_traitement_de_securite` varchar(25) DEFAULT NULL,
  `date_traitement_de_securite` date DEFAULT NULL,
  `responsable` varchar(100) DEFAULT NULL,
  `statut` varchar(100) DEFAULT NULL,
  `id_atelier` varchar(50) NOT NULL,
  `id_projet` int(11) NOT NULL,
  `id_mesure` int(11) NOT NULL,
  PRIMARY KEY (`id_traitement_de_securite`),
  KEY `ZA_traitement_de_securite_F_projet0_FK` (`id_projet`),
  KEY `ZA_traitement_de_securite_G_atelier_FK` (`id_atelier`),
  KEY `ZA_traitement_de_securite_Y_mesure1_FK` (`id_mesure`),
  CONSTRAINT `ZA_traitement_de_securite_F_projet0_FK` FOREIGN KEY (`id_projet`) REFERENCES `F_projet` (`id_projet`) ON DELETE CASCADE ON UPDATE CASCADE,
  CONSTRAINT `ZA_traitement_de_securite_G_atelier_FK` FOREIGN KEY (`id_atelier`) REFERENCES `G_atelier` (`id_atelier`) ON DELETE CASCADE ON UPDATE CASCADE,
  CONSTRAINT `ZA_traitement_de_securite_Y_mesure1_FK` FOREIGN KEY (`id_mesure`) REFERENCES `Y_mesure` (`id_mesure`) ON DELETE CASCADE ON UPDATE CASCADE
) ENGINE=InnoDB AUTO_INCREMENT=151 DEFAULT CHARSET=utf8mb4;

INSERT INTO `ZA_traitement_de_securite` VALUES ('129','Defense','','+','0000-00-00','','A lancer','5.b','28','157');
INSERT INTO `ZA_traitement_de_securite` VALUES ('131',NULL,NULL,NULL,NULL,NULL,NULL,'5.b','28','158');
INSERT INTO `ZA_traitement_de_securite` VALUES ('132','Gouvernance','','+','0000-00-00','','A lancer','5.b','28','159');
INSERT INTO `ZA_traitement_de_securite` VALUES ('133','Gouvernance','Faible','+','2022-02-01','Joyston','A lancer','5.b','28','160');
INSERT INTO `ZA_traitement_de_securite` VALUES ('136',NULL,NULL,NULL,NULL,NULL,NULL,'5.b','28','161');
INSERT INTO `ZA_traitement_de_securite` VALUES ('137',NULL,NULL,NULL,NULL,NULL,NULL,'5.b','28','162');
INSERT INTO `ZA_traitement_de_securite` VALUES ('138',NULL,NULL,NULL,NULL,NULL,NULL,'5.b','28','163');
INSERT INTO `ZA_traitement_de_securite` VALUES ('139',NULL,NULL,NULL,NULL,NULL,NULL,'5.b','28','164');
INSERT INTO `ZA_traitement_de_securite` VALUES ('140',NULL,NULL,NULL,NULL,NULL,NULL,'5.b','28','165');
INSERT INTO `ZA_traitement_de_securite` VALUES ('145',NULL,NULL,NULL,NULL,NULL,NULL,'5.b','28','160');
INSERT INTO `ZA_traitement_de_securite` VALUES ('147','Gouvernance','Faible','++','2021-03-01','Joyston','A lancer','3.c','209','169');
INSERT INTO `ZA_traitement_de_securite` VALUES ('149','Gouvernance','aaa','+++','2021-02-24','','A lancer','5.b','210','183');
INSERT INTO `ZA_traitement_de_securite` VALUES ('150','Gouvernance','','+','0000-00-00','','A lancer','5.b','210','184');


DROP TABLE IF EXISTS `ZB_comporter_2`;
CREATE TABLE `ZB_comporter_2` (
  `id_mesure` int(11) NOT NULL,
  `id_partie_prenante` int(11) DEFAULT NULL,
  `id_chemin_d_attaque_strategique` int(11) NOT NULL,
  `id_projet` int(11) NOT NULL,
  PRIMARY KEY (`id_mesure`,`id_chemin_d_attaque_strategique`),
  KEY `ZB_comporter_2_Y_mesure_FK` (`id_mesure`),
  KEY `ZB_comporter_2_R_partie_prenante_FK` (`id_partie_prenante`),
  KEY `ZB_comporter_2_T_chemin_d_attaque_strategique_FK` (`id_chemin_d_attaque_strategique`),
  KEY `ZB_comporter_2_F_projet` (`id_projet`),
  CONSTRAINT `ZB_comporter_2_F_projet` FOREIGN KEY (`id_projet`) REFERENCES `F_projet` (`id_projet`) ON DELETE CASCADE ON UPDATE CASCADE,
  CONSTRAINT `ZB_comporter_2_R_partie_prenante_FK` FOREIGN KEY (`id_partie_prenante`) REFERENCES `R_partie_prenante` (`id_partie_prenante`) ON DELETE CASCADE ON UPDATE CASCADE,
  CONSTRAINT `ZB_comporter_2_T_chemin_d_attaque_strategique_FK` FOREIGN KEY (`id_chemin_d_attaque_strategique`) REFERENCES `T_chemin_d_attaque_strategique` (`id_chemin_d_attaque_strategique`) ON DELETE CASCADE ON UPDATE CASCADE,
  CONSTRAINT `ZB_comporter_2_Y_mesure_FK` FOREIGN KEY (`id_mesure`) REFERENCES `Y_mesure` (`id_mesure`) ON DELETE CASCADE ON UPDATE CASCADE
) ENGINE=InnoDB DEFAULT CHARSET=utf8mb4;

INSERT INTO `ZB_comporter_2` VALUES ('157',NULL,'6','28');
INSERT INTO `ZB_comporter_2` VALUES ('158',NULL,'24','28');
INSERT INTO `ZB_comporter_2` VALUES ('159',NULL,'25','28');
INSERT INTO `ZB_comporter_2` VALUES ('160',NULL,'19','28');
INSERT INTO `ZB_comporter_2` VALUES ('160',NULL,'22','28');
INSERT INTO `ZB_comporter_2` VALUES ('161',NULL,'1','28');
INSERT INTO `ZB_comporter_2` VALUES ('162',NULL,'4','28');
INSERT INTO `ZB_comporter_2` VALUES ('163',NULL,'5','28');
INSERT INTO `ZB_comporter_2` VALUES ('164',NULL,'8','28');
INSERT INTO `ZB_comporter_2` VALUES ('165',NULL,'22','28');
INSERT INTO `ZB_comporter_2` VALUES ('169','140','28','209');
INSERT INTO `ZB_comporter_2` VALUES ('183',NULL,'55','210');
INSERT INTO `ZB_comporter_2` VALUES ('184',NULL,'66','210');


DROP TABLE IF EXISTS `ZC_version`;
CREATE TABLE `ZC_version` (
  `id_version` int(11) NOT NULL AUTO_INCREMENT,
  `num_version` varchar(11) NOT NULL,
  `description_version` varchar(1000) DEFAULT NULL,
  `id_projet_gen` int(11) NOT NULL,
  `id_projet` int(11) NOT NULL,
  PRIMARY KEY (`id_version`),
  KEY `ZC_version_ZD_Projet_id_projet_gen` (`id_projet_gen`) USING BTREE,
  KEY `ZC_version_F_projet_id_projet` (`id_projet`)
) ENGINE=InnoDB AUTO_INCREMENT=157 DEFAULT CHARSET=utf8mb4;

INSERT INTO `ZC_version` VALUES ('3','1','Ma première version','2','14');
INSERT INTO `ZC_version` VALUES ('4','1','Ma première version','3','15');
INSERT INTO `ZC_version` VALUES ('5','1','Ma première version','4','17');
INSERT INTO `ZC_version` VALUES ('6','1','Ma première version','5','25');
INSERT INTO `ZC_version` VALUES ('7','1','Ma première version','6','28');
INSERT INTO `ZC_version` VALUES ('34','2','Ma V2','5','88');
INSERT INTO `ZC_version` VALUES ('37','01.01','Première version','8','93');
INSERT INTO `ZC_version` VALUES ('38','03.03','HelloVersion','5','94');
INSERT INTO `ZC_version` VALUES ('48','1','V1','1','104');
INSERT INTO `ZC_version` VALUES ('102','3','V3','1','158');
INSERT INTO `ZC_version` VALUES ('108','2','V2','4','164');
INSERT INTO `ZC_version` VALUES ('151','01.01','Première version','9','207');
INSERT INTO `ZC_version` VALUES ('152','2','2e version','6','208');
INSERT INTO `ZC_version` VALUES ('153','01.01','Première version','10','209');
INSERT INTO `ZC_version` VALUES ('154','01.01','Première version','11','210');
INSERT INTO `ZC_version` VALUES ('155','01.01','Première version','12','211');
INSERT INTO `ZC_version` VALUES ('156','01.01','Première version','13','212');


DROP TABLE IF EXISTS `ZD_projet_gen`;
CREATE TABLE `ZD_projet_gen` (
  `id_projet_gen` int(11) NOT NULL AUTO_INCREMENT,
  `id_projet_desc_current` int(11) DEFAULT NULL,
  PRIMARY KEY (`id_projet_gen`),
  KEY `ZD_Projet_ZF_Projet_Current` (`id_projet_desc_current`)
) ENGINE=InnoDB AUTO_INCREMENT=14 DEFAULT CHARSET=utf8mb4 ROW_FORMAT=COMPACT;

INSERT INTO `ZD_projet_gen` VALUES ('2','14');
INSERT INTO `ZD_projet_gen` VALUES ('3','15');
INSERT INTO `ZD_projet_gen` VALUES ('4','17');
INSERT INTO `ZD_projet_gen` VALUES ('6','28');
INSERT INTO `ZD_projet_gen` VALUES ('7','92');
INSERT INTO `ZD_projet_gen` VALUES ('8','93');
INSERT INTO `ZD_projet_gen` VALUES ('5','94');
INSERT INTO `ZD_projet_gen` VALUES ('1','158');
INSERT INTO `ZD_projet_gen` VALUES ('9','207');
INSERT INTO `ZD_projet_gen` VALUES ('10','209');
INSERT INTO `ZD_projet_gen` VALUES ('11','210');
INSERT INTO `ZD_projet_gen` VALUES ('12','211');
INSERT INTO `ZD_projet_gen` VALUES ('13','212');


DROP TABLE IF EXISTS `ZE_SS_PP`;
CREATE TABLE `ZE_SS_PP` (
  `id_scenario_strategique` int(11) NOT NULL,
  `id_partie_prenante` int(11) NOT NULL,
  PRIMARY KEY (`id_scenario_strategique`,`id_partie_prenante`),
  KEY `S_scenario_strategique_R_partie_prenante_FK` (`id_scenario_strategique`),
  KEY `ZE_SS_PP_R_partie_prenante_FK` (`id_partie_prenante`),
  CONSTRAINT `ZE_SS_PP_R_partie_prenante_FK` FOREIGN KEY (`id_partie_prenante`) REFERENCES `R_partie_prenante` (`id_partie_prenante`) ON DELETE CASCADE ON UPDATE CASCADE,
  CONSTRAINT `ZE_SS_PP_S_scenario_strategique_FK` FOREIGN KEY (`id_scenario_strategique`) REFERENCES `S_scenario_strategique` (`id_scenario_strategique`) ON DELETE CASCADE ON UPDATE CASCADE
) ENGINE=InnoDB DEFAULT CHARSET=utf8mb4;

INSERT INTO `ZE_SS_PP` VALUES ('71','93');
INSERT INTO `ZE_SS_PP` VALUES ('97','92');
INSERT INTO `ZE_SS_PP` VALUES ('97','93');


DROP TABLE IF EXISTS `ZF_SS_VM`;
CREATE TABLE `ZF_SS_VM` (
  `id_scenario_strategique` int(11) NOT NULL,
  `id_valeur_metier` int(11) NOT NULL,
  PRIMARY KEY (`id_scenario_strategique`,`id_valeur_metier`),
  KEY `S_scenario_strategique_J_valeur_metier_FK` (`id_scenario_strategique`),
  KEY `ZF_SS_VM_J_valeur_metier_FK` (`id_valeur_metier`),
  CONSTRAINT `ZF_SS_VM_J_valeur_metier_FK` FOREIGN KEY (`id_valeur_metier`) REFERENCES `J_valeur_metier` (`id_valeur_metier`) ON DELETE CASCADE ON UPDATE CASCADE,
  CONSTRAINT `ZF_SS_VM_S_scenario_strategique_FK` FOREIGN KEY (`id_scenario_strategique`) REFERENCES `S_scenario_strategique` (`id_scenario_strategique`) ON DELETE CASCADE ON UPDATE CASCADE
) ENGINE=InnoDB DEFAULT CHARSET=utf8mb4;

INSERT INTO `ZF_SS_VM` VALUES ('71','219');


DROP TABLE IF EXISTS `ZZ_A_index_documentaire`;
CREATE TABLE `ZZ_A_index_documentaire` (
  `id_doc` int(12) NOT NULL AUTO_INCREMENT,
  `ref_doc` varchar(15) NOT NULL,
  `type_doc` varchar(10) DEFAULT NULL,
  `titre_doc` varchar(50) DEFAULT NULL,
  `revision_doc` varchar(5) DEFAULT NULL,
  `classification_doc` varchar(50) DEFAULT NULL,
  `lien_doc` varchar(200) DEFAULT NULL,
  `date_liv_doc` date DEFAULT NULL,
  `auteur_doc` varchar(50) DEFAULT NULL,
  `etat_doc` varchar(15) DEFAULT NULL,
  `ref_article_conf` varchar(15) DEFAULT NULL,
  `nom_article_conf` varchar(50) DEFAULT NULL,
  `lien_rpp_doc` varchar(200) DEFAULT NULL,
  `commentaire` varchar(1000) NOT NULL,
  `id_projet` int(11) NOT NULL,
  PRIMARY KEY (`id_doc`)
) ENGINE=InnoDB AUTO_INCREMENT=18 DEFAULT CHARSET=utf8mb4;

INSERT INTO `ZZ_A_index_documentaire` VALUES ('1','12 345 678-123','PIDS','Titre PIDS','--','Non Protégé','google.com','2020-12-09','Carlos','Fini','12 345 879-234','PRODUIT B','http://qwant.fr','Commentaire 1','158');
INSERT INTO `ZZ_A_index_documentaire` VALUES ('2','12 345 678-123','PIDS','Titre PIDS','-A','Diffusion Restreinte','http://google.com','2020-12-10','Bruno','En cours','12 345 879-234','PRODUIT B','http://qwant.fr','Commentaire 2','158');
INSERT INTO `ZZ_A_index_documentaire` VALUES ('4','12 234 456-123','SPS','Titre SPS','-C','Confidentiel','http://google.com','2020-12-16','José','Fini','12 345 879-234','LOGICIEL B','http://qwant.fr','Commentaire 4','158');
INSERT INTO `ZZ_A_index_documentaire` VALUES ('5','12121121','SDD','Titre SDD','--','','AA','2020-12-25','Jacques','Fini','AA','PRODUIT C','AA','aa','158');
INSERT INTO `ZZ_A_index_documentaire` VALUES ('6','12121121','SDD','Titre SDD','-A','Secret','AA','2020-12-09','Jacques','Fini','123','PRODUIT C','AA','aa','158');
INSERT INTO `ZZ_A_index_documentaire` VALUES ('7','12121121','SDD','Titre SDD','-B','Secret','AA','2020-12-09','Hugues','Fini','123','PRODUIT C','AA','','158');
INSERT INTO `ZZ_A_index_documentaire` VALUES ('8','123412341','IRS','Titre IRS','--','Non Protégé','AA','2020-12-24','Flo','Pas commencé','123','PRODUIT C','AA','','158');
INSERT INTO `ZZ_A_index_documentaire` VALUES ('9','123412341','IRS','Titre IRS','-A','Confidentiel','AA','2020-12-16','Flo','Pas commencé','123','PRODUIT C','AA','azerty','158');
INSERT INTO `ZZ_A_index_documentaire` VALUES ('10','123412341','IRS','Titre IRS','-B','Diffusion Restreinte','eeee','2021-02-05','Flo','Pas commencé','123','PRODUIT C','eeee','az','158');
INSERT INTO `ZZ_A_index_documentaire` VALUES ('12','12 121 121-121','ICD','Titre ICD AA','--','Non Protégé','zzzz','2020-12-03','Flo','Fini','AA','PRODUIT B','AA','','158');
INSERT INTO `ZZ_A_index_documentaire` VALUES ('13','12 121 121-121','ICD','Titre ICD','-A','Non Protégé','qwant.com','2020-12-10','Hugues','Fini','123','PRODUIT B','eseo.fr','','158');
INSERT INTO `ZZ_A_index_documentaire` VALUES ('14','34 567 890-234','SDDd','Titre SDDd','--','Non Protégé','AA','2020-12-15','Flo','Pas commencé','AA','LOGICIEL A','AA','Comment A. Ceci est un très gros commetnaire !','158');
INSERT INTO `ZZ_A_index_documentaire` VALUES ('16','34 567 890-234','SDDd','Titre SDDd','-A','Non Protégé','../../dokuwiki/doku.php?id=secyourdev','2020-12-23','Jacques','Pas commencé','eeee','LOGICIEL A','http://localhost/dokuwiki/doku.php?id=secyourdev','a','158');
INSERT INTO `ZZ_A_index_documentaire` VALUES ('17','12 121 121-121','SPS','Titre SPS','--','Non Protégé','google.com','2020-12-09','Jacques','Pas commencé','123','LOGICIEL B','qwant.fr','er','158');


DROP TABLE IF EXISTS `ZZ_B_activite`;
CREATE TABLE `ZZ_B_activite` (
  `id_activite` int(12) NOT NULL AUTO_INCREMENT,
  `ref_activite` varchar(15) NOT NULL,
  `type_activite` varchar(10) DEFAULT NULL,
  `titre_activite` varchar(50) DEFAULT NULL,
  `description_activite` varchar(1000) DEFAULT NULL,
  `lien_desc_activite` varchar(500) DEFAULT NULL,
  `niveau_activite` int(1) DEFAULT NULL,
  `doc_entree_activite` varchar(50) DEFAULT 'NULL',
  `lien_doc_entree_activite` varchar(200) DEFAULT NULL,
  `doc_sortie_activite` varchar(1000) NOT NULL,
  `lien_doc_sortie_activite` varchar(200) DEFAULT 'NULL',
  `jalon_revue` varchar(10) DEFAULT NULL,
  `ref_activite_parent` varchar(1000) DEFAULT NULL,
  `etat_activite` varchar(15) DEFAULT NULL,
  `ref_article_conf` varchar(15) DEFAULT NULL,
  `nom_article_conf` varchar(50) DEFAULT NULL,
  `id_projet` int(11) NOT NULL,
  PRIMARY KEY (`id_activite`)
) ENGINE=InnoDB AUTO_INCREMENT=45 DEFAULT CHARSET=utf8mb4 ROW_FORMAT=COMPACT;

INSERT INTO `ZZ_B_activite` VALUES ('17','01.01.00.DEV','DEV','Relire code','','toto.fr','1','','','','','SFR','DEV','VALIDE','12 345 678','PRODUIT A','158');
INSERT INTO `ZZ_B_activite` VALUES ('18','01.01.01.DEV','DEV','Relire code - 1','Vérifier que l''activité de relecture par l''expert sécurité est dan le SDP','toto.fr','2','Doc entree','google.com','Doc de sortie','qwant.fr','SFR','REL.1','','12 345 678','PRODUIT A','158');
INSERT INTO `ZZ_B_activite` VALUES ('19','01.01.02.DEV','DEV','Relire code - 2','Relire le code','toto.fr','2','Doc entree','google.com','Doc de sortie','qwant.fr','SFR','REL.1','','12 345 678','PRODUIT A','158');
INSERT INTO `ZZ_B_activite` VALUES ('20','02.01.00.TEST','TEST','Vérifier Fuzzing','','toto.fr','1','','','','','SFR','TEST','VALIDE','12 345 678','PRODUIT A','158');
INSERT INTO `ZZ_B_activite` VALUES ('21','02.01.01.TEST','TEST','Vérifier Fuzzing - 1','Vérifier que l''activité de fuzzing par l''expert sécurité est dan le SDP','toto.fr','2','Doc entree','google.com','Doc de sortie','qwant.fr','SFR','FUZZ.1','','12 345 678','PRODUIT A','158');
INSERT INTO `ZZ_B_activite` VALUES ('22','02.01.02.TEST','TEST','Vérifier Fuzzing - 2','Fuzzer','toto.fr','2','Doc entree','google.com','Doc de sortie','qwant.fr','SFR','FUZZ.1','','12 345 678','PRODUIT A','158');
INSERT INTO `ZZ_B_activite` VALUES ('23','03.01.00.ARCH','CONCEPTION','Vérifier architecture','','toto.fr','1','','','','','SFR','CONCEPTION','VALIDE','12 345 678','PRODUIT A','158');
INSERT INTO `ZZ_B_activite` VALUES ('24','03.01.01.ARCH','CONCEPTION','Vérifier Fuzzing - 1','Vérifier que l''activité de verification de la conception par l''expert sécurité est dan le SDP','toto.fr','2','Doc entree','google.com','Doc de sortie','qwant.fr','SFR','ARCH.1','','12 345 678','PRODUIT A','158');
INSERT INTO `ZZ_B_activite` VALUES ('25','03.01.02.ARCH','CONCEPTION','Vérifier Fuzzing - 2','Vérifier architecture','toto.fr','2','Doc entree','google.com','Doc de sortie','qwant.fr','PDR','ARCH.1','','12 345 678','PRODUIT A','158');
INSERT INTO `ZZ_B_activite` VALUES ('26','01.01.00.DEV','DEV','Relire code','','toto.fr','1','','','','','SFR','DEV','VALIDE','12 345 678','LOGICIEL A','158');
INSERT INTO `ZZ_B_activite` VALUES ('27','01.01.01.DEV','DEV','Relire code - 1','Vérifier que l''activité de relecture par l''expert sécurité est dan le SDP','toto.fr','2','Doc entree','google.com','Doc de sortie','qwant.fr','SFR','REL.1','','12 345 678','LOGICIEL A','158');
INSERT INTO `ZZ_B_activite` VALUES ('28','01.01.02.DEV','DEV','Relire code - 2','Relire le code','toto.fr','2','Doc entree','google.com','Doc de sortie','qwant.fr','SFR','REL.1','','12 345 678','LOGICIEL A','158');
INSERT INTO `ZZ_B_activite` VALUES ('29','02.01.00.TEST','TEST','Vérifier fuzzing','','toto.fr','1','','','','','SFR','TEST','VALIDE','12 345 678','LOGICIEL A','158');
INSERT INTO `ZZ_B_activite` VALUES ('30','02.01.01.TEST','TEST','Vérifier fuzzing - 1','Vérifier que l''activité de fuzzing par l''expert sécurité est dan le SDP','toto.fr','2','Doc entree','google.com','Doc de sortie','qwant.fr','SFR','FUZZ.1','','12 345 678','LOGICIEL A','158');
INSERT INTO `ZZ_B_activite` VALUES ('31','02.01.02.TEST','TEST','Vérfier fuzzing - 2','Fuzzer','toto.fr','2','Doc entree','google.com','Doc de sortie','qwant.fr','SFR','FUZZ.1','','12 345 678','LOGICIEL A','158');
INSERT INTO `ZZ_B_activite` VALUES ('32','03.01.00.ARCH','CONCEPTION','Vérifier architecture','','toto.fr','1','','','','','SFR','CONCEPTION','VALIDE','12 345 678','LOGICIEL A','158');
INSERT INTO `ZZ_B_activite` VALUES ('33','03.01.01.ARCH','CONCEPTION','Vérifier architecture - 1','Vérifier que l''activité de verification de la conception par l''expert sécurité est dan le SDP','toto.fr','2','Doc entree','google.com','Doc de sortie','qwant.fr','SFR','ARCH.1','','12 345 678','LOGICIEL A','158');
INSERT INTO `ZZ_B_activite` VALUES ('34','03.01.02.ARCH','CONCEPTION','Vérifier architecture - 2','Vérifier architecture','toto.fr','2','Doc entree','google.com','Doc de sortie','qwant.fr','SFR','ARCH.1','','12 345 678','LOGICIEL A','158');
INSERT INTO `ZZ_B_activite` VALUES ('35','01.00.00.DEV','DEV','Développement','','toto.fr','0','','','','','SFR','DEV',' ','12 345 678','PRODUIT A','158');
INSERT INTO `ZZ_B_activite` VALUES ('36','02.00.00.TEST','TEST','Test','','toto.fr','0','','','','','SFR','TEST','','12 345 678','PRODUIT A','158');
INSERT INTO `ZZ_B_activite` VALUES ('37','03.00.00.ARCH','CONCEPTION','Conception','','toto.fr','0','','','','','SFR','CONCEPTION','','12 345 678','PRODUIT A','158');
INSERT INTO `ZZ_B_activite` VALUES ('38','01.00.00.DEV','DEV','Développement','','localhost/dokuwiki/doku.php?id=secyourdev','0','','','','','SFR','DEV','','12 345 678','LOGICIEL A','158');
INSERT INTO `ZZ_B_activite` VALUES ('39','02.00.00.TEST','TEST','Test','','toto.fr','0','','','','','SFR','TEST','','12 345 678','LOGICIEL A','158');
INSERT INTO `ZZ_B_activite` VALUES ('40','03.00.00.ARCH','CONCEPTION','Conception','','toto.fr','0','','','','','SFR','CONCEPTION','','12 345 678','LOGICIEL A','158');
INSERT INTO `ZZ_B_activite` VALUES ('41','01.02.00.DEV','DEV','Vérifier option de compilation','','toto.fr','1','','','','','SFR','DEV','','12 345 678','LOGICIEL A','158');
INSERT INTO `ZZ_B_activite` VALUES ('42','01.02.01.DEV','DEV','Vérifier option de compilation - 1','Vérifier que l''activité de relecture par l''expert sécurité est dan le SDP','toto.fr','2','Doc entree','google.com','Doc de sortie','qwant.fr','SFR','REL.2','','12 345 678','LOGICIEL A','158');
INSERT INTO `ZZ_B_activite` VALUES ('43','01.02.02.DEV','DEV','Vérifier option de compilation - 2','Relire le code','toto.fr','2','Doc entree','google.com','Doc de sortie','qwant.fr','SFR','REL.2','','12 345 678','LOGICIEL A','158');
INSERT INTO `ZZ_B_activite` VALUES ('44','01.01.03.DEV','DEV','Relire code - 3','Desc','huhu.fr','2',NULL,'zaza.fr','doc s','zazu.fr','PDR','01.01.00.DEV','RETENUE','12 345 678','LOGICIEL A','158');


DROP TABLE IF EXISTS `ZZ_C_revue`;
CREATE TABLE `ZZ_C_revue` (
  `id_revue` int(11) NOT NULL AUTO_INCREMENT,
  `titre` varchar(50) NOT NULL,
  `description` varchar(5000) NOT NULL,
  `id_projet` int(11) NOT NULL,
  PRIMARY KEY (`id_revue`)
) ENGINE=InnoDB AUTO_INCREMENT=2 DEFAULT CHARSET=utf8mb4;

INSERT INTO `ZZ_C_revue` VALUES ('1','SFR','Description','158');


DROP TABLE IF EXISTS `ZZ_D_test`;
CREATE TABLE `ZZ_D_test` (
  `id_test` int(11) NOT NULL AUTO_INCREMENT,
  `titre` varchar(50) NOT NULL,
  `objectif` varchar(5000) NOT NULL,
  `contexte` varchar(5000) NOT NULL,
  `moyen` varchar(1000) NOT NULL,
  PRIMARY KEY (`id_test`)
) ENGINE=InnoDB DEFAULT CHARSET=utf8mb4;


DROP TABLE IF EXISTS `ZZ_E_pas_de_test`;
CREATE TABLE `ZZ_E_pas_de_test` (
  `id_pas_de_test` int(11) NOT NULL AUTO_INCREMENT,
  `action` varchar(1000) NOT NULL,
  `resultat_attendu` varchar(1000) NOT NULL,
  `id_test` int(11) NOT NULL,
  PRIMARY KEY (`id_pas_de_test`)
) ENGINE=InnoDB DEFAULT CHARSET=utf8mb4;


DROP TABLE IF EXISTS `ZZ_F_pas_de_revue`;
CREATE TABLE `ZZ_F_pas_de_revue` (
  `id_pas_de_revue` int(11) NOT NULL AUTO_INCREMENT,
  `objectif` varchar(1000) NOT NULL,
  PRIMARY KEY (`id_pas_de_revue`)
) ENGINE=InnoDB DEFAULT CHARSET=utf8mb4;


DROP TABLE IF EXISTS `ZZ_G_Exigence`;
CREATE TABLE `ZZ_G_Exigence` (
  `id_exigence` int(11) NOT NULL AUTO_INCREMENT,
  `titre` varchar(50) NOT NULL,
  `description` varchar(5000) NOT NULL,
  `id_projet` int(11) NOT NULL,
  PRIMARY KEY (`id_exigence`)
) ENGINE=InnoDB DEFAULT CHARSET=utf8mb4;


DROP TABLE IF EXISTS `ZZ_H_gconf`;
CREATE TABLE `ZZ_H_gconf` (
  `id_conf` int(11) NOT NULL AUTO_INCREMENT,
  `data_conf` blob DEFAULT NULL,
  `version_conf` int(11) NOT NULL,
  `id_projet` int(11) NOT NULL,
  PRIMARY KEY (`id_conf`)
) ENGINE=InnoDB AUTO_INCREMENT=7 DEFAULT CHARSET=utf8mb4;

INSERT INTO `ZZ_H_gconf` VALUES ('1','{"name":"Produit A","title":"12 093 123","children":[{"name":"Mécanique","title":"02 345 678"},{"name":"Carte électronique","title":"12 345 678","children":[{"name":"Logiciel A","title":"12 345 321"},{"name":"Logiciel B","title":"90 876 987"}]},{"name":"Batterie A","title":"34 543 765"},{"name":"Connecteur","title":"12 098 098"}]}','0','158');
INSERT INTO `ZZ_H_gconf` VALUES ('2','{"name":"Produit A","title":"12 093 123","children":[{"name":"Mécanique","title":"02 345 678"},{"name":"Carte électronique","title":"12 345 678","children":[{"name":"Logiciel A","title":"12 345 321","children":[{"name":"aaa","title":"123 456 789"}]},{"name":"Logiciel B","title":"90 876 987"}]},{"name":"Batterie A","title":"34 543 765"},{"name":"Connecteur","title":"12 098 098"}]}','0','158');
INSERT INTO `ZZ_H_gconf` VALUES ('3','{"name":"Produit A","title":"12 093 123","children":[{"name":"Mécanique","title":"02 345 678"},{"name":"Carte électronique","title":"12 345 678","children":[{"name":"Logiciel A","title":"12 345 321"},{"name":"Logiciel B","title":"90 876 987"}]},{"name":"Batterie A","title":"34 543 765"},{"name":"Connecteur","title":"12 098 098"}]}','0','158');
INSERT INTO `ZZ_H_gconf` VALUES ('4','{"name":"Produit A","title":"12 093 123","children":[{"name":"Mécanique","title":"02 345 678"},{"name":"Carte électronique","title":"12 345 678","children":[{"name":"Logiciel A","title":"12 345 321"},{"name":"Logiciel B","title":"90 876 987"}]},{"name":"Batterie A","title":"34 543 765"},{"name":"Connecteur","title":"12 098 098"}]}','0','158');
INSERT INTO `ZZ_H_gconf` VALUES ('5','{"name":"Produit A","title":"12 093 123","children":[{"name":"Mécanique","title":"02 345 678"},{"name":"Carte électronique","title":"12 345 678","children":[{"name":"Logiciel A","title":"12 345 321"}]},{"name":"Batterie A","title":"34 543 765"},{"name":"Connecteur","title":"12 098 098"}]}','0','158');
INSERT INTO `ZZ_H_gconf` VALUES ('6','{"name":"Produit A","title":"12 093 123","children":[{"name":"Mécanique","title":"02 345 678"},{"name":"Carte électronique","title":"12 345 678","children":[{"name":"Logiciel A","title":"12 345 321"},{"name":"Logiciel B","title":"90 876 987"}]},{"name":"Batterie A","title":"34 543 765"},{"name":"Connecteur","title":"12 098 098"}]}','0','210');
